timestamp,order_id,driver_id,driver_name,vehicle_id,vehicle_type,origin_lat,origin_lon,destination_lat,destination_lon,payload,allocation_score,allocation_reasoning,route_waypoints,estimated_distance_km,driver_rating,vehicle_fuel_level,driver_hours_worked,status
2026-03-25T14:37:31.031843,ORD-9872,D039,James Khan,V044,TRUCK,37.3382,-121.8863,37.5485,-121.9886,203.6660248843423,0.9879839067419153,Proximity:1.00 Rating:0.98 Fuel:0.99,11,5.5,4.879087325347912,99.09414801578056,0.4656646636537558,AUTO_DISPATCHED
2026-03-25T14:37:31.071729,ORD-2788,D007,Sophie Garcia,V046,TRUCK,37.7749,-122.4194,37.8044,-122.2711,297.6748859343759,0.986400831147207,Proximity:1.00 Rating:0.96 Fuel:0.98,11,5.5,4.782942449082069,98.45657465968748,0.20813830444855919,AUTO_DISPATCHED
2026-03-25T14:37:32.475555,ORD-6794,D047,Alex Tanaka,V057,VAN,37.8044,-122.2711,37.5485,-121.9886,273.0031562467103,0.9794599948870317,Proximity:1.00 Rating:0.94 Fuel:0.97,11,5.5,4.704822979729561,97.2098618166103,0.3638173621652978,AUTO_DISPATCHED
2026-03-25T14:37:36.896892,ORD-6201,D026,Alex Silva,V039,CAR,37.8044,-122.2711,37.7749,-122.4194,348.1505650208833,0.9767500003197285,Proximity:1.00 Rating:0.91 Fuel:0.96,11,5.5,4.574124006068755,96.00657324354556,0.01798558306720599,AUTO_DISPATCHED
2026-03-25T14:37:37.678136,ORD-1667,D019,Lucas Johnson,V055,VAN,37.3382,-121.8863,37.7749,-122.4194,120.36466140361455,0.9794409587592827,Proximity:1.00 Rating:0.99 Fuel:0.95,11,5.5,4.97256770441756,95.269722485756,0.9893066516842901,AUTO_DISPATCHED
2026-03-25T14:37:39.091781,ORD-2614,D064,David Zhang,V022,CAR,37.8044,-122.2711,37.7749,-122.4194,123.19166414087749,0.9701463774156104,Proximity:1.00 Rating:0.93 Fuel:0.95,11,5.5,4.6582715186036,94.7892200179031,0.6694650684310597,AUTO_DISPATCHED
2026-03-25T14:37:40.043494,ORD-4169,D069,David Gonzalez,V030,VAN,37.3382,-121.8863,37.8044,-122.2711,183.31937303844768,0.9660733857837139,Proximity:1.00 Rating:0.95 Fuel:0.89,11,5.5,4.7703054819569335,88.63782370796386,0.6156455245207408,AUTO_DISPATCHED
2026-03-25T14:37:40.652410,ORD-9506,D070,Alex Martin,V015,VAN,37.7749,-122.4194,37.5485,-121.9886,410.66287125149427,0.9609107944115186,Proximity:1.00 Rating:0.92 Fuel:0.87,11,5.5,4.613176660131482,87.27526802967489,0.3623339230602398,AUTO_DISPATCHED
2026-03-25T14:37:41.725312,ORD-9055,D006,Priya Martin,V069,TRUCK,37.7749,-122.4194,37.5485,-121.9886,488.690389547951,0.9551293283575268,Proximity:1.00 Rating:0.98 Fuel:0.87,11,5.5,4.922218354849054,87.16098325061354,1.8000704569884522,AUTO_DISPATCHED
2026-03-25T14:37:45.144080,ORD-3922,D018,Sophie Kim,V023,CAR,37.7749,-122.4194,37.5485,-121.9886,336.22423957249714,0.9522131606757376,Proximity:1.00 Rating:0.91 Fuel:0.86,11,5.5,4.531762948947621,85.99938931651634,0.644515300555327,AUTO_DISPATCHED
2026-03-25T14:37:45.798051,ORD-4735,D036,Priya Davis,V020,CAR,37.7749,-122.4194,37.8044,-122.2711,485.91048464121195,0.9501738915271091,Proximity:1.00 Rating:0.96 Fuel:0.85,11,5.5,4.818690625059436,84.8887711520826,1.592551216271385,AUTO_DISPATCHED
2026-03-25T14:37:46.409487,ORD-8200,D035,Maria Martin,V050,CAR,37.8044,-122.2711,37.7749,-122.4194,218.68510082142916,0.9540907256191588,Proximity:1.00 Rating:0.92 Fuel:0.85,11,5.5,4.606542045854612,84.64905915779232,0.5715635961371381,AUTO_DISPATCHED
2026-03-25T14:37:46.455955,ORD-7146,D053,Sarah Khan,V061,CAR,37.3382,-121.8863,37.8044,-122.2711,145.59288695149823,0.9527137388277005,Proximity:1.00 Rating:0.97 Fuel:0.83,11,5.5,4.825845036741381,83.38385923677885,1.2316681197698371,AUTO_DISPATCHED
2026-03-25T14:37:49.854095,ORD-2397,D028,Daniel Kim,V062,CAR,37.8044,-122.2711,37.7749,-122.4194,427.82277714069653,0.948256279764631,Proximity:1.00 Rating:0.96 Fuel:0.82,11,5.5,4.8139742418068545,82.23361398084853,1.4122488703132752,AUTO_DISPATCHED
2026-03-25T14:37:50.462777,ORD-4564,D040,Sarah Wilson,V060,VAN,37.7749,-122.4194,37.5485,-121.9886,345.00195168955895,0.9444643654580355,Proximity:1.00 Rating:0.97 Fuel:0.82,11,5.5,4.842457317784014,82.1349078121427,1.7949031177231252,AUTO_DISPATCHED
2026-03-25T14:37:51.943951,ORD-3845,D020,Carlos Wilson,V063,VAN,37.7749,-122.4194,37.5485,-121.9886,165.64893635479223,0.9420911194787317,Proximity:1.00 Rating:0.89 Fuel:0.81,11,5.5,4.442497339936686,81.4475264243163,0.6224051004168092,AUTO_DISPATCHED
2026-03-25T14:37:55.333244,ORD-4262,D044,Sophie Kim,V012,VAN,37.3382,-121.8863,37.5485,-121.9886,242.36163711131735,0.9451983858065534,Proximity:1.00 Rating:0.88 Fuel:0.80,11,5.5,4.410853600716193,80.05411937148814,0.10535498234613039,AUTO_DISPATCHED
2026-03-25T14:37:55.769400,ORD-4438,D010,Jennifer Davis,V004,TRUCK,37.7749,-122.4194,37.8044,-122.2711,298.0452877569287,0.9358398739890665,Proximity:1.00 Rating:0.85 Fuel:0.79,11,5.5,4.26215320320482,78.96693515794286,0.24773255008325146,AUTO_DISPATCHED
2026-03-25T14:37:56.343112,ORD-4330,D004,Alex Farooq,V013,CAR,37.7749,-122.4194,37.8044,-122.2711,322.6707101343792,0.9304967555418808,Proximity:1.00 Rating:0.98 Fuel:0.78,11,5.5,4.901637884724497,78.40830909895858,2.6544978796429604,AUTO_DISPATCHED
2026-03-25T14:37:59.049775,ORD-6412,D054,David Khan,V014,VAN,37.8044,-122.2711,37.7749,-122.4194,139.44687408604852,0.9375822382806578,Proximity:1.00 Rating:0.88 Fuel:0.77,11,5.5,4.380026199275787,76.7479168991344,0.21925480312602463,AUTO_DISPATCHED
2026-03-25T14:38:00.400365,ORD-1833,D063,Wei Tanaka,V066,CAR,37.3382,-121.8863,37.7749,-122.4194,356.630648722839,0.9378741207370496,Proximity:1.00 Rating:0.94 Fuel:0.76,11,5.5,4.7233047736129565,75.70321752621882,1.1690317197437614,AUTO_DISPATCHED
2026-03-25T14:38:05.517019,ORD-4045,D049,Robert Rodriguez,V028,TRUCK,37.3382,-121.8863,37.8044,-122.2711,467.0506358398511,0.9691370093538836,Proximity:1.00 Rating:0.95 Fuel:0.97,11,5.5,4.737100718764635,97.3521798582405,1.3100231347250064,AUTO_DISPATCHED
2026-03-25T14:38:05.766478,ORD-9645,D061,Jennifer Wang,V027,CAR,37.7749,-122.4194,37.8044,-122.2711,130.69844056687313,0.9238909587692499,Proximity:1.00 Rating:0.89 Fuel:0.74,11,5.5,4.432486877951163,74.38145574558126,1.1984559973734918,AUTO_DISPATCHED
2026-03-25T14:38:06.093118,ORD-7738,D056,Isabella Ali,V049,VAN,37.8044,-122.2711,37.5485,-121.9886,481.60525862532626,0.9550391340665231,Proximity:1.00 Rating:0.98 Fuel:0.74,11,5.5,4.914501563603517,73.57588414371514,0.15238037545522554,AUTO_DISPATCHED
2026-03-25T14:38:06.857496,ORD-9681,D021,Jennifer Zhang,V002,TRUCK,37.3382,-121.8863,37.5485,-121.9886,213.24893987633496,0.9280816314793012,Proximity:1.00 Rating:0.92 Fuel:0.71,11,5.5,4.597673272294942,71.30293256326176,1.0223758605911222,AUTO_DISPATCHED
2026-03-25T14:38:07.217067,ORD-6436,D057,Emma Farooq,V039,CAR,37.3382,-121.8863,37.8044,-122.2711,442.37360523746327,0.9581748392469469,Proximity:1.00 Rating:0.89 Fuel:0.96,11,5.5,4.44144089155161,96.00657324354556,1.0794125024348555,AUTO_DISPATCHED
2026-03-25T14:38:11.394742,ORD-1483,D003,Robert Taylor,V001,CAR,37.3382,-121.8863,37.5485,-121.9886,295.6564047836994,0.9549997085194633,Proximity:1.00 Rating:0.85 Fuel:0.94,11,5.5,4.253937941307941,94.16290905611582,0.5121738173622532,AUTO_DISPATCHED
2026-03-25T14:38:12.040878,ORD-2447,D059,Alex Ali,V040,TRUCK,37.7749,-122.4194,37.5485,-121.9886,230.33515591165514,0.9128177715019109,Proximity:1.00 Rating:0.87 Fuel:0.71,11,5.5,4.328123679336022,70.93107536401676,1.336303097404398,AUTO_DISPATCHED
2026-03-25T14:38:13.188958,ORD-4225,D046,Wei Lopez,V025,CAR,37.3382,-121.8863,37.7749,-122.4194,354.4237660360614,0.917518036309808,Proximity:1.00 Rating:0.95 Fuel:0.69,11,5.5,4.770713481411641,69.47144828877872,2.2014140303860508,AUTO_DISPATCHED
2026-03-25T14:38:13.356089,ORD-6045,D014,Carlos Lee,V016,TRUCK,37.7749,-122.4194,37.8044,-122.2711,290.94233403352257,0.908613846305185,Proximity:1.00 Rating:0.99 Fuel:0.69,11,5.5,4.944414477323557,68.50889696710931,3.354086259073699,AUTO_DISPATCHED
2026-03-25T14:38:16.383684,ORD-9294,D039,James Khan,V044,TRUCK,37.3382,-121.8863,37.7749,-122.4194,409.1576582285408,0.9879839067419153,Proximity:1.00 Rating:0.98 Fuel:0.99,11,5.5,4.879087325347912,99.09414801578056,0.4656646636537558,AUTO_DISPATCHED
2026-03-25T14:38:18.621531,ORD-7563,D036,Priya Davis,V050,CAR,37.7749,-122.4194,37.5485,-121.9886,113.75752266069021,0.9498143235356736,Proximity:1.00 Rating:0.96 Fuel:0.85,11,5.5,4.818690625059436,84.64905915779232,1.592551216271385,AUTO_DISPATCHED
2026-03-25T14:38:19.623917,ORD-2846,D015,John Martin,V003,TRUCK,37.3382,-121.8863,37.8044,-122.2711,253.99427125913712,0.9046664144274349,Proximity:1.00 Rating:0.93 Fuel:0.68,11,5.5,4.661732629638896,67.75627656815354,2.674984448828094,AUTO_DISPATCHED
2026-03-25T14:38:20.214231,ORD-8741,D064,David Zhang,V010,TRUCK,37.8044,-122.2711,37.5485,-121.9886,456.6804236830846,0.9267432510297112,Proximity:1.00 Rating:0.93 Fuel:0.66,11,5.5,4.6582715186036,65.85380242730365,0.6694650684310597,AUTO_DISPATCHED
2026-03-25T14:38:20.321891,ORD-9930,D027,Emma Lee,V062,CAR,37.7749,-122.4194,37.8044,-122.2711,106.16174872262106,0.927838312436891,Proximity:1.00 Rating:0.88 Fuel:0.82,11,5.5,4.379547215931894,82.23361398084853,1.6555197737326166,AUTO_DISPATCHED
2026-03-25T14:38:20.970857,ORD-5547,D031,Chris Farooq,V052,VAN,37.7749,-122.4194,37.5485,-121.9886,109.32100413154674,0.894950631952671,Proximity:1.00 Rating:0.95 Fuel:0.65,11,5.5,4.752425276323585,65.44892315510563,3.4655811066344717,AUTO_DISPATCHED
2026-03-25T14:38:21.997417,ORD-2719,D022,Olivia Rossi,V035,TRUCK,37.8044,-122.2711,37.5485,-121.9886,338.7032342264439,0.9247397196526577,Proximity:1.00 Rating:0.99 Fuel:0.65,11,5.5,4.932889267858523,64.5434567278397,1.551282892275426,AUTO_DISPATCHED
2026-03-25T14:38:23.714791,ORD-2823,D050,Wei Ali,V033,CAR,37.3382,-121.8863,37.8044,-122.2711,100.41239299251367,0.896720997503245,Proximity:1.00 Rating:0.87 Fuel:0.63,11,5.5,4.373227792089459,63.08727944152617,1.8271226674098218,AUTO_DISPATCHED
2026-03-25T14:38:24.508213,ORD-5763,D035,Maria Martin,V032,VAN,37.8044,-122.2711,37.7749,-122.4194,345.042755175913,0.9217318854776425,Proximity:1.00 Rating:0.92 Fuel:0.63,11,5.5,4.606542045854612,63.07649906344823,0.5715635961371381,AUTO_DISPATCHED
2026-03-25T14:38:25.947217,ORD-5974,D028,Daniel Kim,V004,TRUCK,37.8044,-122.2711,37.7749,-122.4194,446.21894023749735,0.9433562615302726,Proximity:1.00 Rating:0.96 Fuel:0.79,11,5.5,4.8139742418068545,78.96693515794286,1.4122488703132752,AUTO_DISPATCHED
2026-03-25T14:38:27.413440,ORD-4356,D025,Olivia Brown,V013,CAR,37.8044,-122.2711,37.7749,-122.4194,249.56074760029043,0.9397048885745719,Proximity:1.00 Rating:0.97 Fuel:0.78,11,5.5,4.853483973938181,78.40830909895858,1.7637547225114498,AUTO_DISPATCHED
2026-03-25T14:38:35.232479,ORD-2985,D023,Michael Khan,V059,SCOOTER,37.7749,-122.4194,37.8044,-122.2711,329.5781425259298,0.865784692298601,Proximity:1.00 Rating:0.95 Fuel:0.98,11,5.5,4.734936805978198,97.5207687027887,1.5915146395767934,AUTO_DISPATCHED
2026-03-25T14:38:37.372353,ORD-1168,D010,Jennifer Davis,V027,CAR,37.7749,-122.4194,37.5485,-121.9886,459.2350043511915,0.928961654870524,Proximity:1.00 Rating:0.85 Fuel:0.74,11,5.5,4.26215320320482,74.38145574558126,0.24773255008325146,AUTO_DISPATCHED
2026-03-25T14:38:38.260091,ORD-2142,D002,Chris Smith,V047,DRONE,37.3382,-121.8863,37.7749,-122.4194,469.9715314709685,0.8455337965185482,Proximity:1.00 Rating:0.87 Fuel:0.97,11,5.5,4.371271562999129,97.43564348256106,2.037642498020676,AUTO_DISPATCHED
2026-03-25T14:38:39.372229,ORD-7643,D004,Alex Farooq,V012,VAN,37.7749,-122.4194,37.8044,-122.2711,189.95608802663932,0.932965470950675,Proximity:1.00 Rating:0.98 Fuel:0.80,11,5.5,4.901637884724497,80.05411937148814,2.6544978796429604,AUTO_DISPATCHED
2026-03-25T14:38:41.194647,ORD-8480,D017,John Jones,V043,SCOOTER,37.8044,-122.2711,37.5485,-121.9886,431.4597319057497,0.8602150529432745,Proximity:1.00 Rating:0.98 Fuel:0.94,11,5.5,4.902855601616219,94.05091930659422,2.1580440065012416,AUTO_DISPATCHED
2026-03-25T14:38:45.100339,ORD-1803,D052,Isabella Jones,V057,VAN,37.3382,-121.8863,37.7749,-122.4194,291.49045272046857,0.9446770048157074,Proximity:1.00 Rating:0.87 Fuel:0.97,11,5.5,4.365198744478376,97.2098618166103,2.0596590150674468,AUTO_DISPATCHED
2026-03-25T14:38:46.186710,ORD-1147,D061,Jennifer Wang,V016,TRUCK,37.7749,-122.4194,37.5485,-121.9886,496.2882549750291,0.915082120601542,Proximity:1.00 Rating:0.89 Fuel:0.69,11,5.5,4.432486877951163,68.50889696710931,1.1984559973734918,AUTO_DISPATCHED
2026-03-25T14:38:46.451099,ORD-1565,D014,Carlos Lee,V017,BIKE,37.7749,-122.4194,37.5485,-121.9886,229.64385064071155,0.8407128339275067,Proximity:1.00 Rating:0.99 Fuel:0.90,11,5.5,4.944414477323557,89.9082220486571,3.354086259073699,AUTO_DISPATCHED
2026-03-25T14:38:47.589489,ORD-3579,D047,Alex Tanaka,V065,DRONE,37.8044,-122.2711,37.5485,-121.9886,124.04500180571891,0.8677584147998503,Proximity:1.00 Rating:0.94 Fuel:0.89,11,5.5,4.704822979729561,89.40880842515605,0.3638173621652978,AUTO_DISPATCHED
2026-03-25T14:38:47.604469,ORD-9884,D016,Maria Ivanova,V042,DRONE,37.7749,-122.4194,37.5485,-121.9886,479.6106653734928,0.8202687966078446,Proximity:1.00 Rating:0.86 Fuel:0.89,11,5.5,4.294640999953669,89.23987324236862,2.8301322603084085,AUTO_DISPATCHED
2026-03-25T14:38:54.575656,ORD-3546,D021,Jennifer Zhang,V001,CAR,37.3382,-121.8863,37.7749,-122.4194,179.67044342575403,0.9623715962185824,Proximity:1.00 Rating:0.92 Fuel:0.94,11,5.5,4.597673272294942,94.16290905611582,1.0223758605911222,AUTO_DISPATCHED
2026-03-25T14:38:57.318579,ORD-6055,D028,Daniel Kim,V004,TRUCK,37.8044,-122.2711,37.5485,-121.9886,106.01176077244445,0.9433562615302726,Proximity:1.00 Rating:0.96 Fuel:0.79,11,5.5,4.8139742418068545,78.96693515794286,1.4122488703132752,AUTO_DISPATCHED
2026-03-25T14:38:57.940624,ORD-1469,D027,Emma Lee,V013,CAR,37.7749,-122.4194,37.5485,-121.9886,270.8604895847508,0.9221003551140561,Proximity:1.00 Rating:0.88 Fuel:0.78,11,5.5,4.379547215931894,78.40830909895858,1.6555197737326166,AUTO_DISPATCHED
2026-03-25T14:39:01.933932,ORD-3057,D003,Robert Taylor,V002,TRUCK,37.3382,-121.8863,37.7749,-122.4194,215.96581408819114,0.9207097437801821,Proximity:1.00 Rating:0.85 Fuel:0.71,11,5.5,4.253937941307941,71.30293256326176,0.5121738173622532,AUTO_DISPATCHED
2026-03-25T14:39:02.759715,ORD-8868,D042,Lucas Lopez,V032,VAN,37.3382,-121.8863,37.8044,-122.2711,256.4061515655338,0.8921306190725934,Proximity:1.00 Rating:0.96 Fuel:0.63,11,5.5,4.793510740355556,63.07649906344823,3.5379647309440925,AUTO_DISPATCHED
2026-03-25T14:39:04.490788,ORD-2101,D025,Olivia Brown,V024,BIKE,37.8044,-122.2711,37.5485,-121.9886,385.9630792447918,0.8522854500736321,Proximity:1.00 Rating:0.97 Fuel:0.87,11,5.5,4.853483973938181,86.79535009833205,1.7637547225114498,AUTO_DISPATCHED
2026-03-25T14:39:09.153673,ORD-9682,D070,Alex Martin,V015,VAN,37.7749,-122.4194,37.8044,-122.2711,473.19757067132844,0.9609107944115186,Proximity:1.00 Rating:0.92 Fuel:0.87,11,5.5,4.613176660131482,87.27526802967489,0.3623339230602398,AUTO_DISPATCHED
2026-03-25T14:39:10.620527,ORD-6014,D006,Priya Martin,V069,TRUCK,37.7749,-122.4194,37.5485,-121.9886,190.7459996251548,0.9551293283575268,Proximity:1.00 Rating:0.98 Fuel:0.87,11,5.5,4.922218354849054,87.16098325061354,1.8000704569884522,AUTO_DISPATCHED
2026-03-25T14:39:10.791489,ORD-1743,D024,Ahmed Jones,V012,VAN,37.3382,-121.8863,37.8044,-122.2711,295.8853537752853,0.9156972823693312,Proximity:1.00 Rating:0.87 Fuel:0.80,11,5.5,4.365663087309734,80.05411937148814,2.3208336144232176,AUTO_DISPATCHED
2026-03-25T14:39:14.028752,ORD-2031,D018,Sophie Kim,V023,CAR,37.7749,-122.4194,37.8044,-122.2711,408.6889764716327,0.9522131606757376,Proximity:1.00 Rating:0.91 Fuel:0.86,11,5.5,4.531762948947621,85.99938931651634,0.644515300555327,AUTO_DISPATCHED
2026-03-25T14:39:15.151947,ORD-1985,D008,Maria O'Brien,V049,VAN,37.3382,-121.8863,37.5485,-121.9886,457.60854130873565,0.9026569073863663,Proximity:1.00 Rating:0.91 Fuel:0.74,11,5.5,4.567016819394776,73.57588414371514,3.2310073283997967,AUTO_DISPATCHED
2026-03-25T14:39:16.320336,ORD-6272,D023,Michael Khan,V059,SCOOTER,37.7749,-122.4194,37.5485,-121.9886,270.5987569638162,0.865784692298601,Proximity:1.00 Rating:0.95 Fuel:0.98,11,5.5,4.734936805978198,97.5207687027887,1.5915146395767934,AUTO_DISPATCHED
2026-03-25T14:39:19.688234,ORD-7367,D060,Michael Silva,V060,VAN,37.3382,-121.8863,37.5485,-121.9886,411.5777451062301,0.9135480528586861,Proximity:1.00 Rating:0.85 Fuel:0.82,11,5.5,4.262540258220738,82.1349078121427,2.4124735350685964,AUTO_DISPATCHED
2026-03-25T14:39:21.073558,ORD-8112,D032,Lisa Park,V063,VAN,37.3382,-121.8863,37.8044,-122.2711,192.11832566716987,0.9105595095625951,Proximity:1.00 Rating:0.89 Fuel:0.81,11,5.5,4.473129044275832,81.4475264243163,3.242955347593004,AUTO_DISPATCHED
2026-03-25T14:39:25.384848,ORD-5775,D056,Isabella Ali,V026,SCOOTER,37.8044,-122.2711,37.7749,-122.4194,383.72857952759847,0.874589507326004,Proximity:1.00 Rating:0.98 Fuel:0.87,11,5.5,4.914501563603517,86.60946631670248,0.15238037545522554,AUTO_DISPATCHED
2026-03-25T14:39:25.855657,ORD-2371,D067,Sarah Miller,V007,SCOOTER,37.8044,-122.2711,37.7749,-122.4194,362.7790792431477,0.8441824378828812,Proximity:1.00 Rating:0.94 Fuel:0.86,11,5.5,4.713017799018655,85.86656011259595,1.851049139740705,AUTO_DISPATCHED
2026-03-25T14:39:33.240370,ORD-3107,D069,David Gonzalez,V030,VAN,37.3382,-121.8863,37.7749,-122.4194,346.44547253408064,0.9660733857837139,Proximity:1.00 Rating:0.95 Fuel:0.89,11,5.5,4.7703054819569335,88.63782370796386,0.6156455245207408,AUTO_DISPATCHED
2026-03-25T14:39:33.860390,ORD-1459,D053,Sarah Khan,V061,CAR,37.3382,-121.8863,37.5485,-121.9886,362.87769448623663,0.9527137388277005,Proximity:1.00 Rating:0.97 Fuel:0.83,11,5.5,4.825845036741381,83.38385923677885,1.2316681197698371,AUTO_DISPATCHED
2026-03-25T14:39:34.124671,ORD-4602,D064,David Zhang,V010,TRUCK,37.8044,-122.2711,37.5485,-121.9886,113.30119501729867,0.9267432510297112,Proximity:1.00 Rating:0.93 Fuel:0.66,11,5.5,4.6582715186036,65.85380242730365,0.6694650684310597,AUTO_DISPATCHED
2026-03-25T14:39:34.388713,ORD-5170,D022,Olivia Rossi,V035,TRUCK,37.8044,-122.2711,37.5485,-121.9886,458.9502851128345,0.9247397196526577,Proximity:1.00 Rating:0.99 Fuel:0.65,11,5.5,4.932889267858523,64.5434567278397,1.551282892275426,AUTO_DISPATCHED
2026-03-25T14:39:34.918528,ORD-5673,D020,Carlos Wilson,V029,DRONE,37.7749,-122.4194,37.8044,-122.2711,459.3168552010048,0.8484404353813183,Proximity:1.00 Rating:0.89 Fuel:0.86,11,5.5,4.442497339936686,85.68040369270733,0.6224051004168092,AUTO_DISPATCHED
2026-03-25T14:39:35.556985,ORD-9859,D004,Alex Farooq,V048,DRONE,37.7749,-122.4194,37.5485,-121.9886,315.74558608653285,0.8413163109584683,Proximity:1.00 Rating:0.98 Fuel:0.86,11,5.5,4.901637884724497,85.62134604335031,2.6544978796429604,AUTO_DISPATCHED
2026-03-25T14:39:42.961921,ORD-1086,D019,Lucas Johnson,V055,VAN,37.3382,-121.8863,37.7749,-122.4194,287.82241349170107,0.9794409587592827,Proximity:1.00 Rating:0.99 Fuel:0.95,11,5.5,4.97256770441756,95.269722485756,0.9893066516842901,AUTO_DISPATCHED
2026-03-25T14:39:43.710153,ORD-4354,D066,Nina Taylor,V015,VAN,37.3382,-121.8863,37.8044,-122.2711,229.12950066432543,0.9168033708343859,Proximity:1.00 Rating:0.90 Fuel:0.87,11,5.5,4.489089398533946,87.27526802967489,3.493848572118745,AUTO_DISPATCHED
2026-03-25T14:39:52.021227,ORD-6345,D017,John Jones,V050,CAR,37.8044,-122.2711,37.5485,-121.9886,407.1779997919626,0.9461122627200718,Proximity:1.00 Rating:0.98 Fuel:0.85,11,5.5,4.902855601616219,84.64905915779232,2.1580440065012416,AUTO_DISPATCHED
2026-03-25T14:39:53.242044,ORD-7476,D049,Robert Rodriguez,V028,TRUCK,37.3382,-121.8863,37.5485,-121.9886,106.79106114266767,0.9691370093538836,Proximity:1.00 Rating:0.95 Fuel:0.97,11,5.5,4.737100718764635,97.3521798582405,1.3100231347250064,AUTO_DISPATCHED
2026-03-25T14:39:53.847011,ORD-1785,D037,Omar Rossi,V019,TRUCK,37.8044,-122.2711,37.7749,-122.4194,122.45216124374352,0.9373793549103692,Proximity:1.00 Rating:0.92 Fuel:0.83,11,5.5,4.57883137840671,83.00992508560826,1.6231030283449175,AUTO_DISPATCHED
2026-03-25T14:39:54.807512,ORD-1488,D065,John Tanaka,V039,CAR,37.8044,-122.2711,37.5485,-121.9886,300.3890939170748,0.9546375295716392,Proximity:1.00 Rating:0.92 Fuel:0.96,11,5.5,4.594788445176034,96.00657324354556,1.8531094480576473,AUTO_DISPATCHED
2026-03-25T14:39:58.510842,ORD-7458,D070,Alex Martin,V049,VAN,37.7749,-122.4194,37.8044,-122.2711,448.49192017670237,0.9403617185825791,Proximity:1.00 Rating:0.92 Fuel:0.74,11,5.5,4.613176660131482,73.57588414371514,0.3623339230602398,AUTO_DISPATCHED
2026-03-25T14:40:02.735126,ORD-2422,D007,Sophie Garcia,V046,TRUCK,37.7749,-122.4194,37.5485,-121.9886,373.4143799961537,0.986400831147207,Proximity:1.00 Rating:0.96 Fuel:0.98,11,5.5,4.782942449082069,98.45657465968748,0.20813830444855919,AUTO_DISPATCHED
2026-03-25T14:40:04.247457,ORD-7272,D036,Priya Davis,V060,VAN,37.7749,-122.4194,37.5485,-121.9886,324.1208521334661,0.9460430965171992,Proximity:1.00 Rating:0.96 Fuel:0.82,11,5.5,4.818690625059436,82.1349078121427,1.592551216271385,AUTO_DISPATCHED
2026-03-25T14:40:04.620047,ORD-9854,D047,Alex Tanaka,V027,CAR,37.8044,-122.2711,37.5485,-121.9886,427.34050498211167,0.9452173857804882,Proximity:1.00 Rating:0.94 Fuel:0.74,11,5.5,4.704822979729561,74.38145574558126,0.3638173621652978,AUTO_DISPATCHED
2026-03-25T14:40:05.619888,ORD-5757,D051,Ryan Wang,V040,TRUCK,37.7749,-122.4194,37.8044,-122.2711,429.28197867001,0.9285707992477817,Proximity:1.00 Rating:0.92 Fuel:0.71,11,5.5,4.618671283521828,70.93107536401676,1.005813211129321,AUTO_DISPATCHED
2026-03-25T14:40:09.020336,ORD-9949,D063,Wei Tanaka,V004,TRUCK,37.3382,-121.8863,37.8044,-122.2711,166.2883408927354,0.9427696971846355,Proximity:1.00 Rating:0.94 Fuel:0.79,11,5.5,4.7233047736129565,78.96693515794286,1.1690317197437614,AUTO_DISPATCHED
2026-03-25T14:40:10.363001,ORD-4662,D026,Alex Silva,V003,TRUCK,37.8044,-122.2711,37.7749,-122.4194,448.3272286858976,0.9343745553066405,Proximity:1.00 Rating:0.91 Fuel:0.68,11,5.5,4.574124006068755,67.75627656815354,0.01798558306720599,AUTO_DISPATCHED
2026-03-25T14:40:11.411048,ORD-1168,D057,Emma Farooq,V052,VAN,37.3382,-121.8863,37.5485,-121.9886,491.7738275277126,0.912338364114287,Proximity:1.00 Rating:0.89 Fuel:0.65,11,5.5,4.44144089155161,65.44892315510563,1.0794125024348555,AUTO_DISPATCHED
2026-03-25T14:40:13.111091,ORD-1031,D020,Carlos Wilson,V031,TRUCK,37.7749,-122.4194,37.5485,-121.9886,348.08527514738114,0.9401333006399234,Proximity:1.00 Rating:0.89 Fuel:0.80,11,5.5,4.442497339936686,80.14231386511068,0.6224051004168092,AUTO_DISPATCHED
2026-03-25T14:40:14.186683,ORD-7664,D028,Daniel Kim,V025,CAR,37.8044,-122.2711,37.5485,-121.9886,100.40479004446361,0.9291130312265263,Proximity:1.00 Rating:0.96 Fuel:0.69,11,5.5,4.8139742418068545,69.47144828877872,1.4122488703132752,AUTO_DISPATCHED
2026-03-25T14:40:15.126456,ORD-2528,D010,Jennifer Davis,V033,CAR,37.7749,-122.4194,37.5485,-121.9886,279.71955020235845,0.9120203904144415,Proximity:1.00 Rating:0.85 Fuel:0.63,11,5.5,4.26215320320482,63.08727944152617,0.24773255008325146,AUTO_DISPATCHED
2026-03-25T14:40:15.936691,ORD-1001,D061,Jennifer Wang,V043,SCOOTER,37.7749,-122.4194,37.8044,-122.2711,185.75923440031795,0.8533951541107692,Proximity:1.00 Rating:0.89 Fuel:0.94,11,5.5,4.432486877951163,94.05091930659422,1.1984559973734918,AUTO_DISPATCHED
2026-03-25T14:40:20.506315,ORD-6809,D059,Alex Ali,V020,CAR,37.7749,-122.4194,37.5485,-121.9886,358.3893550528283,0.9337543151840096,Proximity:1.00 Rating:0.87 Fuel:0.85,11,5.5,4.328123679336022,84.8887711520826,1.336303097404398,AUTO_DISPATCHED
2026-03-25T14:40:25.148339,ORD-2964,D062,Lisa Anderson,V019,TRUCK,37.8044,-122.2711,37.5485,-121.9886,497.80444597146817,0.944803642001861,Proximity:1.00 Rating:0.97 Fuel:0.83,11,5.5,4.852548922735444,83.00992508560826,1.905056202877538,AUTO_DISPATCHED
2026-03-25T14:40:29.341650,ORD-2335,D070,Alex Martin,V013,CAR,37.7749,-122.4194,37.5485,-121.9886,413.6772934903753,0.9476103560154442,Proximity:1.00 Rating:0.92 Fuel:0.78,11,5.5,4.613176660131482,78.40830909895858,0.3623339230602398,AUTO_DISPATCHED
2026-03-25T14:40:30.699266,ORD-9958,D053,Sarah Khan,V049,VAN,37.3382,-121.8863,37.8044,-122.2711,301.5541256692428,0.938001776188105,Proximity:1.00 Rating:0.97 Fuel:0.74,11,5.5,4.825845036741381,73.57588414371514,1.2316681197698371,AUTO_DISPATCHED
2026-03-25T14:40:32.087173,ORD-4087,D067,Sarah Miller,V068,SCOOTER,37.8044,-122.2711,37.7749,-122.4194,303.2577222796623,0.8618725508404211,Proximity:1.00 Rating:0.94 Fuel:0.98,11,5.5,4.713017799018655,97.65996875095593,1.851049139740705,AUTO_DISPATCHED
2026-03-25T14:40:34.098235,ORD-9469,D014,Carlos Lee,V017,BIKE,37.7749,-122.4194,37.8044,-122.2711,479.8108427333739,0.8407128339275067,Proximity:1.00 Rating:0.99 Fuel:0.90,11,5.5,4.944414477323557,89.9082220486571,3.354086259073699,AUTO_DISPATCHED
2026-03-25T14:40:38.148506,ORD-5595,D049,Robert Rodriguez,V028,TRUCK,37.3382,-121.8863,37.5485,-121.9886,418.93056219827815,0.9691370093538836,Proximity:1.00 Rating:0.95 Fuel:0.97,11,5.5,4.737100718764635,97.3521798582405,1.3100231347250064,AUTO_DISPATCHED
2026-03-25T14:40:39.469894,ORD-5481,D046,Wei Lopez,V069,TRUCK,37.3382,-121.8863,37.5485,-121.9886,103.71496330172505,0.9440523387525602,Proximity:1.00 Rating:0.95 Fuel:0.87,11,5.5,4.770713481411641,87.16098325061354,2.2014140303860508,AUTO_DISPATCHED
2026-03-25T14:40:41.836079,ORD-9001,D044,Sophie Kim,V047,DRONE,37.3382,-121.8863,37.5485,-121.9886,399.22404783728786,0.8712706719731628,Proximity:1.00 Rating:0.88 Fuel:0.97,11,5.5,4.410853600716193,97.43564348256106,0.10535498234613039,AUTO_DISPATCHED
2026-03-25T14:40:45.184036,ORD-8614,D064,David Zhang,V057,VAN,37.8044,-122.2711,37.5485,-121.9886,146.82272879527906,0.973777340113671,Proximity:1.00 Rating:0.93 Fuel:0.97,11,5.5,4.6582715186036,97.2098618166103,0.6694650684310597,AUTO_DISPATCHED
2026-03-25T14:40:48.191686,ORD-5390,D006,Priya Martin,V010,TRUCK,37.7749,-122.4194,37.5485,-121.9886,217.27475100333152,0.9231685571225621,Proximity:1.00 Rating:0.98 Fuel:0.66,11,5.5,4.922218354849054,65.85380242730365,1.8000704569884522,AUTO_DISPATCHED
2026-03-25T14:40:48.876337,ORD-1413,D022,Olivia Rossi,V035,TRUCK,37.8044,-122.2711,37.7749,-122.4194,387.4839117236165,0.9247397196526577,Proximity:1.00 Rating:0.99 Fuel:0.65,11,5.5,4.932889267858523,64.5434567278397,1.551282892275426,AUTO_DISPATCHED
2026-03-25T14:40:52.962629,ORD-4603,D037,Omar Rossi,V059,SCOOTER,37.8044,-122.2711,37.5485,-121.9886,279.0742541750859,0.8591456203361398,Proximity:1.00 Rating:0.92 Fuel:0.98,11,5.5,4.57883137840671,97.5207687027887,1.6231030283449175,AUTO_DISPATCHED
2026-03-25T14:40:53.087664,ORD-9372,D013,Fatima Martin,V043,SCOOTER,37.8044,-122.2711,37.5485,-121.9886,495.83990294081286,0.8479518577815227,Proximity:1.00 Rating:0.90 Fuel:0.94,11,5.5,4.483000314028064,94.05091930659422,1.7955626991592952,AUTO_DISPATCHED
2026-03-25T14:40:54.271267,ORD-9817,D023,Michael Khan,V051,BIKE,37.7749,-122.4194,37.5485,-121.9886,177.1395151894489,0.8591427676575041,Proximity:1.00 Rating:0.95 Fuel:0.93,11,5.5,4.734936805978198,93.09281894205736,1.5915146395767934,AUTO_DISPATCHED
2026-03-25T14:40:55.769086,ORD-1040,D012,Emily Smith,V001,CAR,37.8044,-122.2711,37.5485,-121.9886,186.97126505582048,0.9452219411363945,Proximity:1.00 Rating:0.96 Fuel:0.94,11,5.5,4.814296984842879,94.16290905611582,3.0875441473195515,AUTO_DISPATCHED
2026-03-25T14:40:59.970886,ORD-6738,D034,Daniel Ivanova,V012,VAN,37.8044,-122.2711,37.5485,-121.9886,162.86193327156576,0.9227358655694018,Proximity:1.00 Rating:0.89 Fuel:0.80,11,5.5,4.445039979006866,80.05411937148814,2.0117530118484046,AUTO_DISPATCHED
2026-03-25T14:41:00.744188,ORD-2521,D021,Jennifer Zhang,V052,VAN,37.3382,-121.8863,37.8044,-122.2711,438.81294381651855,0.919300617367067,Proximity:1.00 Rating:0.92 Fuel:0.65,11,5.5,4.597673272294942,65.44892315510563,1.0223758605911222,AUTO_DISPATCHED
2026-03-25T14:41:01.401089,ORD-5281,D017,John Jones,V050,CAR,37.8044,-122.2711,37.5485,-121.9886,257.32905198254895,0.9461122627200718,Proximity:1.00 Rating:0.98 Fuel:0.85,11,5.5,4.902855601616219,84.64905915779232,2.1580440065012416,AUTO_DISPATCHED
2026-03-25T14:41:02.837487,ORD-3587,D004,Alex Farooq,V002,TRUCK,37.7749,-122.4194,37.5485,-121.9886,413.90252258439074,0.9198386907383356,Proximity:1.00 Rating:0.98 Fuel:0.71,11,5.5,4.901637884724497,71.30293256326176,2.6544978796429604,AUTO_DISPATCHED
2026-03-25T14:41:09.423706,ORD-4213,D067,Sarah Miller,V039,CAR,37.8044,-122.2711,37.7749,-122.4194,196.52335504904772,0.9593924575793057,Proximity:1.00 Rating:0.94 Fuel:0.96,11,5.5,4.713017799018655,96.00657324354556,1.851049139740705,AUTO_DISPATCHED
2026-03-25T14:41:11.230517,ORD-1991,D065,John Tanaka,V063,VAN,37.8044,-122.2711,37.5485,-121.9886,268.4827787158581,0.9327989593427952,Proximity:1.00 Rating:0.92 Fuel:0.81,11,5.5,4.594788445176034,81.4475264243163,1.8531094480576473,AUTO_DISPATCHED
2026-03-25T14:41:14.196786,ORD-9704,D047,Alex Tanaka,V027,CAR,37.8044,-122.2711,37.5485,-121.9886,256.3225205170602,0.9452173857804882,Proximity:1.00 Rating:0.94 Fuel:0.74,11,5.5,4.704822979729561,74.38145574558126,0.3638173621652978,AUTO_DISPATCHED
2026-03-25T14:41:14.994162,ORD-8016,D003,Robert Taylor,V068,SCOOTER,37.3382,-121.8863,37.5485,-121.9886,420.8059211511166,0.8602452980617233,Proximity:1.00 Rating:0.85 Fuel:0.98,11,5.5,4.253937941307941,97.65996875095593,0.5121738173622532,AUTO_DISPATCHED
2026-03-25T14:41:18.166896,ORD-8956,D061,Jennifer Wang,V017,BIKE,37.7749,-122.4194,37.8044,-122.2711,170.90426084899084,0.8471811082238636,Proximity:1.00 Rating:0.89 Fuel:0.90,11,5.5,4.432486877951163,89.9082220486571,1.1984559973734918,AUTO_DISPATCHED
2026-03-25T14:41:19.193792,ORD-2901,D026,Alex Silva,V065,DRONE,37.8044,-122.2711,37.7749,-122.4194,385.9229138530411,0.8668533530921441,Proximity:1.00 Rating:0.91 Fuel:0.89,11,5.5,4.574124006068755,89.40880842515605,0.01798558306720599,AUTO_DISPATCHED
2026-03-25T14:41:20.593860,ORD-5030,D050,Wei Ali,V035,TRUCK,37.3382,-121.8863,37.5485,-121.9886,352.2679414170903,0.8989052634327152,Proximity:1.00 Rating:0.87 Fuel:0.65,11,5.5,4.373227792089459,64.5434567278397,1.8271226674098218,AUTO_DISPATCHED
2026-03-25T14:41:21.298430,ORD-2439,D022,Olivia Rossi,V042,DRONE,37.8044,-122.2711,37.5485,-121.9886,418.51519911905075,0.8617843444244511,Proximity:1.00 Rating:0.99 Fuel:0.89,11,5.5,4.932889267858523,89.23987324236862,1.551282892275426,AUTO_DISPATCHED
2026-03-25T14:41:27.411681,ORD-1605,D040,Sarah Wilson,V069,TRUCK,37.7749,-122.4194,37.5485,-121.9886,308.73016183852144,0.9520034786157417,Proximity:1.00 Rating:0.97 Fuel:0.87,11,5.5,4.842457317784014,87.16098325061354,1.7949031177231252,AUTO_DISPATCHED
2026-03-25T14:41:28.096030,ORD-1642,D028,Daniel Kim,V062,CAR,37.8044,-122.2711,37.7749,-122.4194,129.63576355591817,0.948256279764631,Proximity:1.00 Rating:0.96 Fuel:0.82,11,5.5,4.8139742418068545,82.23361398084853,1.4122488703132752,AUTO_DISPATCHED
2026-03-25T14:41:28.344739,ORD-6860,D014,Carlos Lee,V025,CAR,37.7749,-122.4194,37.5485,-121.9886,195.1246597576382,0.9100576732876892,Proximity:1.00 Rating:0.99 Fuel:0.69,11,5.5,4.944414477323557,69.47144828877872,3.354086259073699,AUTO_DISPATCHED
2026-03-25T14:41:35.581004,ORD-7632,D007,Sophie Garcia,V046,TRUCK,37.7749,-122.4194,37.8044,-122.2711,158.29045835522825,0.986400831147207,Proximity:1.00 Rating:0.96 Fuel:0.98,11,5.5,4.782942449082069,98.45657465968748,0.20813830444855919,AUTO_DISPATCHED
2026-03-25T14:41:35.831031,ORD-9649,D056,Isabella Ali,V030,VAN,37.8044,-122.2711,37.5485,-121.9886,138.6196788143942,0.9776320434128961,Proximity:1.00 Rating:0.98 Fuel:0.89,11,5.5,4.914501563603517,88.63782370796386,0.15238037545522554,AUTO_DISPATCHED
2026-03-25T14:41:36.439064,ORD-6112,D036,Priya Davis,V015,VAN,37.7749,-122.4194,37.5485,-121.9886,122.97923422288828,0.9537536368434975,Proximity:1.00 Rating:0.96 Fuel:0.87,11,5.5,4.818690625059436,87.27526802967489,1.592551216271385,AUTO_DISPATCHED
2026-03-25T14:41:44.218351,ORD-1030,D019,Lucas Johnson,V039,CAR,37.3382,-121.8863,37.7749,-122.4194,303.2517449275281,0.980546234895967,Proximity:1.00 Rating:0.99 Fuel:0.96,11,5.5,4.97256770441756,96.00657324354556,0.9893066516842901,AUTO_DISPATCHED
2026-03-25T14:41:45.911685,ORD-4528,D069,David Gonzalez,V055,VAN,37.3382,-121.8863,37.8044,-122.2711,439.87144194536313,0.9760212339504021,Proximity:1.00 Rating:0.95 Fuel:0.95,11,5.5,4.7703054819569335,95.269722485756,0.6156455245207408,AUTO_DISPATCHED
2026-03-25T14:41:47.206584,ORD-4278,D046,Wei Lopez,V020,CAR,37.3382,-121.8863,37.7749,-122.4194,193.258838856995,0.9406440206047638,Proximity:1.00 Rating:0.95 Fuel:0.85,11,5.5,4.770713481411641,84.8887711520826,2.2014140303860508,AUTO_DISPATCHED
2026-03-25T14:41:51.346228,ORD-1938,D001,Carlos Silva,V019,TRUCK,37.3382,-121.8863,37.7749,-122.4194,100.60854741980893,0.9250944716170189,Proximity:1.00 Rating:0.95 Fuel:0.83,11,5.5,4.765825671525603,83.00992508560826,3.2042754297934124,AUTO_DISPATCHED
2026-03-25T14:41:52.555350,ORD-7488,D002,Chris Smith,V060,VAN,37.3382,-121.8863,37.5485,-121.9886,334.3584460775977,0.9225826930129208,Proximity:1.00 Rating:0.87 Fuel:0.82,11,5.5,4.371271562999129,82.1349078121427,2.037642498020676,AUTO_DISPATCHED
2026-03-25T14:41:53.878822,ORD-3957,D020,Carlos Wilson,V031,TRUCK,37.7749,-122.4194,37.5485,-121.9886,231.0903003639948,0.9401333006399234,Proximity:1.00 Rating:0.89 Fuel:0.80,11,5.5,4.442497339936686,80.14231386511068,0.6224051004168092,AUTO_DISPATCHED
2026-03-25T14:41:57.917754,ORD-8888,D070,Alex Martin,V057,VAN,37.7749,-122.4194,37.8044,-122.2711,253.8548539359073,0.9758126850919216,Proximity:1.00 Rating:0.92 Fuel:0.97,11,5.5,4.613176660131482,97.2098618166103,0.3623339230602398,AUTO_DISPATCHED
2026-03-25T14:42:01.284297,ORD-4956,D010,Jennifer Davis,V062,CAR,37.7749,-122.4194,37.8044,-122.2711,171.36478147130003,0.9407398922234249,Proximity:1.00 Rating:0.85 Fuel:0.82,11,5.5,4.26215320320482,82.23361398084853,0.24773255008325146,AUTO_DISPATCHED
2026-03-25T14:42:03.250362,ORD-1510,D063,Wei Tanaka,V004,TRUCK,37.3382,-121.8863,37.5485,-121.9886,452.3624183885042,0.9427696971846355,Proximity:1.00 Rating:0.94 Fuel:0.79,11,5.5,4.7233047736129565,78.96693515794286,1.1690317197437614,AUTO_DISPATCHED
2026-03-25T14:42:04.593956,ORD-9472,D003,Robert Taylor,V001,CAR,37.3382,-121.8863,37.7749,-122.4194,445.81930564164213,0.9549997085194633,Proximity:1.00 Rating:0.85 Fuel:0.94,11,5.5,4.253937941307941,94.16290905611582,0.5121738173622532,AUTO_DISPATCHED
2026-03-25T14:42:05.793999,ORD-6189,D018,Sophie Kim,V066,CAR,37.7749,-122.4194,37.5485,-121.9886,126.0001625561577,0.9367689029902915,Proximity:1.00 Rating:0.91 Fuel:0.76,11,5.5,4.531762948947621,75.70321752621882,0.644515300555327,AUTO_DISPATCHED
2026-03-25T14:42:06.822366,ORD-8808,D050,Wei Ali,V046,TRUCK,37.3382,-121.8863,37.5485,-121.9886,101.12004024204846,0.9497749403304868,Proximity:1.00 Rating:0.87 Fuel:0.98,11,5.5,4.373227792089459,98.45657465968748,1.8271226674098218,AUTO_DISPATCHED
2026-03-25T14:42:08.199057,ORD-1883,D064,David Zhang,V061,CAR,37.8044,-122.2711,37.5485,-121.9886,457.05259517843245,0.953038336243924,Proximity:1.00 Rating:0.93 Fuel:0.83,11,5.5,4.6582715186036,83.38385923677885,0.6694650684310597,AUTO_DISPATCHED
2026-03-25T14:42:10.023143,ORD-7516,D052,Isabella Jones,V012,VAN,37.3382,-121.8863,37.8044,-122.2711,427.98484938949673,0.918943391148024,Proximity:1.00 Rating:0.87 Fuel:0.80,11,5.5,4.365198744478376,80.05411937148814,2.0596590150674468,AUTO_DISPATCHED
2026-03-25T14:42:11.452980,ORD-1456,D028,Daniel Kim,V050,CAR,37.8044,-122.2711,37.5485,-121.9886,375.16151297389604,0.9518794475300467,Proximity:1.00 Rating:0.96 Fuel:0.85,11,5.5,4.8139742418068545,84.64905915779232,1.4122488703132752,AUTO_DISPATCHED
2026-03-25T14:42:14.326489,ORD-7908,D015,John Martin,V033,CAR,37.3382,-121.8863,37.7749,-122.4194,252.42874338621726,0.8976629187374939,Proximity:1.00 Rating:0.93 Fuel:0.63,11,5.5,4.661732629638896,63.08727944152617,2.674984448828094,AUTO_DISPATCHED
2026-03-25T14:42:15.577546,ORD-8105,D006,Priya Martin,V010,TRUCK,37.7749,-122.4194,37.5485,-121.9886,313.593169754184,0.9231685571225621,Proximity:1.00 Rating:0.98 Fuel:0.66,11,5.5,4.922218354849054,65.85380242730365,1.8000704569884522,AUTO_DISPATCHED
2026-03-25T14:42:16.153010,ORD-7893,D045,Kevin Smith,V068,SCOOTER,37.3382,-121.8863,37.8044,-122.2711,103.23711635459038,0.8441202757160732,Proximity:1.00 Rating:0.86 Fuel:0.98,11,5.5,4.31371231352753,97.65996875095593,1.9934535961169515,AUTO_DISPATCHED
2026-03-25T14:42:20.462284,ORD-3827,D025,Olivia Brown,V063,VAN,37.8044,-122.2711,37.5485,-121.9886,225.05248302089305,0.9442637145626084,Proximity:1.00 Rating:0.97 Fuel:0.81,11,5.5,4.853483973938181,81.4475264243163,1.7637547225114498,AUTO_DISPATCHED
2026-03-25T14:42:21.299790,ORD-8825,D053,Sarah Khan,V049,VAN,37.3382,-121.8863,37.5485,-121.9886,341.6566246837964,0.938001776188105,Proximity:1.00 Rating:0.97 Fuel:0.74,11,5.5,4.825845036741381,73.57588414371514,1.2316681197698371,AUTO_DISPATCHED
2026-03-25T14:42:23.795350,ORD-4452,D023,Michael Khan,V027,CAR,37.7749,-122.4194,37.8044,-122.2711,143.80916619665433,0.9310757228627898,Proximity:1.00 Rating:0.95 Fuel:0.74,11,5.5,4.734936805978198,74.38145574558126,1.5915146395767934,AUTO_DISPATCHED
2026-03-25T14:42:27.940827,ORD-9947,D059,Alex Ali,V059,SCOOTER,37.7749,-122.4194,37.8044,-122.2711,349.71782370243653,0.8527023115100689,Proximity:1.00 Rating:0.87 Fuel:0.98,11,5.5,4.328123679336022,97.5207687027887,1.336303097404398,AUTO_DISPATCHED
2026-03-25T14:42:28.550795,ORD-3464,D047,Alex Tanaka,V057,VAN,37.8044,-122.2711,37.5485,-121.9886,237.76252346368577,0.9794599948870317,Proximity:1.00 Rating:0.94 Fuel:0.97,11,5.5,4.704822979729561,97.2098618166103,0.3638173621652978,AUTO_DISPATCHED
2026-03-25T14:42:30.147309,ORD-3509,D022,Olivia Rossi,V002,TRUCK,37.8044,-122.2711,37.5485,-121.9886,119.79534521242945,0.9348789334057908,Proximity:1.00 Rating:0.99 Fuel:0.71,11,5.5,4.932889267858523,71.30293256326176,1.551282892275426,AUTO_DISPATCHED
2026-03-25T14:42:31.392983,ORD-9701,D070,Alex Martin,V047,DRONE,37.7749,-122.4194,37.8044,-122.2711,378.02138076991133,0.876151357590848,Proximity:1.00 Rating:0.92 Fuel:0.97,11,5.5,4.613176660131482,97.43564348256106,0.3623339230602398,AUTO_DISPATCHED
2026-03-25T14:42:32.001763,ORD-7576,D010,Jennifer Davis,V062,CAR,37.7749,-122.4194,37.5485,-121.9886,474.4436468499037,0.9407398922234249,Proximity:1.00 Rating:0.85 Fuel:0.82,11,5.5,4.26215320320482,82.23361398084853,0.24773255008325146,AUTO_DISPATCHED
2026-03-25T14:42:35.486266,ORD-1796,D026,Alex Silva,V043,SCOOTER,37.8044,-122.2711,37.5485,-121.9886,365.91732300012416,0.8738165194143015,Proximity:1.00 Rating:0.91 Fuel:0.94,11,5.5,4.574124006068755,94.05091930659422,0.01798558306720599,AUTO_DISPATCHED
2026-03-25T14:42:35.873734,ORD-3114,D002,Chris Smith,V060,VAN,37.3382,-121.8863,37.7749,-122.4194,300.8786578053104,0.9225826930129208,Proximity:1.00 Rating:0.87 Fuel:0.82,11,5.5,4.371271562999129,82.1349078121427,2.037642498020676,AUTO_DISPATCHED
2026-03-25T14:42:36.074222,ORD-9683,D062,Lisa Anderson,V051,BIKE,37.8044,-122.2711,37.7749,-122.4194,269.9999596081941,0.8599279827865346,Proximity:1.00 Rating:0.97 Fuel:0.93,11,5.5,4.852548922735444,93.09281894205736,1.905056202877538,AUTO_DISPATCHED
2026-03-25T14:42:36.697300,ORD-9532,D017,John Jones,V040,TRUCK,37.8044,-122.2711,37.5485,-121.9886,286.16314501621684,0.9255352870294082,Proximity:1.00 Rating:0.98 Fuel:0.71,11,5.5,4.902855601616219,70.93107536401676,2.1580440065012416,AUTO_DISPATCHED
2026-03-25T14:42:37.805592,ORD-4669,D038,Robert Lee,V065,DRONE,37.3382,-121.8863,37.7749,-122.4194,312.7833303425137,0.8307839355472539,Proximity:1.00 Rating:0.95 Fuel:0.89,11,5.5,4.768547839987649,89.40880842515605,3.5256952551988854,AUTO_DISPATCHED
2026-03-25T14:42:41.491056,ORD-6448,D008,Maria O'Brien,V042,DRONE,37.3382,-121.8863,37.5485,-121.9886,490.7399558500598,0.8261528910343465,Proximity:1.00 Rating:0.91 Fuel:0.89,11,5.5,4.567016819394776,89.23987324236862,3.2310073283997967,AUTO_DISPATCHED
2026-03-25T14:42:42.505701,ORD-6354,D060,Michael Silva,V067,DRONE,37.3382,-121.8863,37.8044,-122.2711,195.5561085522227,0.8222626234407636,Proximity:1.00 Rating:0.85 Fuel:0.88,11,5.5,4.262540258220738,87.94462153352782,2.4124735350685964,AUTO_DISPATCHED
2026-03-25T14:42:43.767906,ORD-2055,D035,Maria Martin,V058,BIKE,37.8044,-122.2711,37.7749,-122.4194,136.447109790483,0.8586659223691973,Proximity:1.00 Rating:0.92 Fuel:0.88,11,5.5,4.606542045854612,87.69919032448473,0.5715635961371381,AUTO_DISPATCHED
2026-03-25T14:42:47.243797,ORD-9093,D067,Sarah Miller,V004,TRUCK,37.8044,-122.2711,37.7749,-122.4194,116.03793903191129,0.9338330004509016,Proximity:1.00 Rating:0.94 Fuel:0.79,11,5.5,4.713017799018655,78.96693515794286,1.851049139740705,AUTO_DISPATCHED
2026-03-25T14:42:47.847460,ORD-9490,D063,Wei Tanaka,V024,BIKE,37.3382,-121.8863,37.8044,-122.2711,116.64702113262378,0.8545123195952193,Proximity:1.00 Rating:0.94 Fuel:0.87,11,5.5,4.7233047736129565,86.79535009833205,1.1690317197437614,AUTO_DISPATCHED
2026-03-25T14:42:47.862527,ORD-9913,D032,Lisa Park,V026,SCOOTER,37.3382,-121.8863,37.5485,-121.9886,486.2276883261703,0.8183024194011744,Proximity:1.00 Rating:0.89 Fuel:0.87,11,5.5,4.473129044275832,86.60946631670248,3.242955347593004,AUTO_DISPATCHED
2026-03-25T14:42:48.996195,ORD-1502,D021,Jennifer Zhang,V052,VAN,37.3382,-121.8863,37.8044,-122.2711,429.99801876296766,0.919300617367067,Proximity:1.00 Rating:0.92 Fuel:0.65,11,5.5,4.597673272294942,65.44892315510563,1.0223758605911222,AUTO_DISPATCHED
2026-03-25T14:42:53.660621,ORD-9152,D061,Jennifer Wang,V046,TRUCK,37.7749,-122.4194,37.8044,-122.2711,337.8440198912972,0.9600036371404093,Proximity:1.00 Rating:0.89 Fuel:0.98,11,5.5,4.432486877951163,98.45657465968748,1.1984559973734918,AUTO_DISPATCHED
2026-03-25T14:42:54.174123,ORD-6871,D027,Emma Lee,V007,SCOOTER,37.7749,-122.4194,37.8044,-122.2711,158.37899638361387,0.833287731634512,Proximity:1.00 Rating:0.88 Fuel:0.86,11,5.5,4.379547215931894,85.86656011259595,1.6555197737326166,AUTO_DISPATCHED
2026-03-25T14:42:56.357426,ORD-1369,D050,Wei Ali,V069,TRUCK,37.3382,-121.8863,37.5485,-121.9886,470.55061637787634,0.9328315532168759,Proximity:1.00 Rating:0.87 Fuel:0.87,11,5.5,4.373227792089459,87.16098325061354,1.8271226674098218,AUTO_DISPATCHED
2026-03-25T14:43:00.658998,ORD-3738,D057,Emma Farooq,V025,CAR,37.3382,-121.8863,37.8044,-122.2711,352.21672288733373,0.9183721518147967,Proximity:1.00 Rating:0.89 Fuel:0.69,11,5.5,4.44144089155161,69.47144828877872,1.0794125024348555,AUTO_DISPATCHED
2026-03-25T14:43:01.311651,ORD-4895,D037,Omar Rossi,V003,TRUCK,37.8044,-122.2711,37.5485,-121.9886,283.3393293505652,0.9144988821341872,Proximity:1.00 Rating:0.92 Fuel:0.68,11,5.5,4.57883137840671,67.75627656815354,1.6231030283449175,AUTO_DISPATCHED
2026-03-25T14:43:10.358172,ORD-9936,D036,Priya Davis,V013,CAR,37.7749,-122.4194,37.5485,-121.9886,309.58231755183,0.940453198447423,Proximity:1.00 Rating:0.96 Fuel:0.78,11,5.5,4.818690625059436,78.40830909895858,1.592551216271385,AUTO_DISPATCHED
2026-03-25T14:43:10.819945,ORD-9727,D062,Lisa Anderson,V049,VAN,37.8044,-122.2711,37.5485,-121.9886,475.9229416230035,0.9306525805890212,Proximity:1.00 Rating:0.97 Fuel:0.74,11,5.5,4.852548922735444,73.57588414371514,1.905056202877538,AUTO_DISPATCHED
2026-03-25T14:43:12.221834,ORD-9257,D065,John Tanaka,V059,SCOOTER,37.8044,-122.2711,37.5485,-121.9886,316.91490313890404,0.8569088227605038,Proximity:1.00 Rating:0.92 Fuel:0.98,11,5.5,4.594788445176034,97.5207687027887,1.8531094480576473,AUTO_DISPATCHED
2026-03-25T14:43:12.953517,ORD-7267,D013,Fatima Martin,V047,DRONE,37.8044,-122.2711,37.7749,-122.4194,427.5517280328583,0.853028944045473,Proximity:1.00 Rating:0.90 Fuel:0.97,11,5.5,4.483000314028064,97.43564348256106,1.7955626991592952,AUTO_DISPATCHED
2026-03-25T14:43:14.261287,ORD-8396,D053,Sarah Khan,V016,TRUCK,37.3382,-121.8863,37.5485,-121.9886,492.6192553158521,0.9304012954231962,Proximity:1.00 Rating:0.97 Fuel:0.69,11,5.5,4.825845036741381,68.50889696710931,1.2316681197698371,AUTO_DISPATCHED
2026-03-25T14:43:15.194260,ORD-6471,D012,Emily Smith,V058,BIKE,37.8044,-122.2711,37.5485,-121.9886,156.18059301748315,0.8355263630389478,Proximity:1.00 Rating:0.96 Fuel:0.88,11,5.5,4.814296984842879,87.69919032448473,3.0875441473195515,AUTO_DISPATCHED
2026-03-25T14:43:16.553834,ORD-4899,D023,Michael Khan,V029,DRONE,37.7749,-122.4194,37.8044,-122.2711,418.9233562153971,0.848024144783479,Proximity:1.00 Rating:0.95 Fuel:0.86,11,5.5,4.734936805978198,85.68040369270733,1.5915146395767934,AUTO_DISPATCHED
2026-03-25T14:43:20.199865,ORD-4251,D004,Alex Farooq,V061,CAR,37.7749,-122.4194,37.8044,-122.2711,129.18909189205837,0.937960080748611,Proximity:1.00 Rating:0.98 Fuel:0.83,11,5.5,4.901637884724497,83.38385923677885,2.6544978796429604,AUTO_DISPATCHED
2026-03-25T14:43:20.714817,ORD-3664,D059,Alex Ali,V050,CAR,37.7749,-122.4194,37.5485,-121.9886,466.790305591618,0.9333947471925744,Proximity:1.00 Rating:0.87 Fuel:0.85,11,5.5,4.328123679336022,84.64905915779232,1.336303097404398,AUTO_DISPATCHED
2026-03-25T14:43:20.730556,ORD-2195,D064,David Zhang,V004,TRUCK,37.8044,-122.2711,37.7749,-122.4194,484.8522615285804,0.9464129501256701,Proximity:1.00 Rating:0.93 Fuel:0.79,11,5.5,4.6582715186036,78.96693515794286,0.6694650684310597,AUTO_DISPATCHED
2026-03-25T14:43:22.112265,ORD-7617,D020,Carlos Wilson,V031,TRUCK,37.7749,-122.4194,37.5485,-121.9886,292.9624320217278,0.9401333006399234,Proximity:1.00 Rating:0.89 Fuel:0.80,11,5.5,4.442497339936686,80.14231386511068,0.6224051004168092,AUTO_DISPATCHED
2026-03-25T14:43:23.541925,ORD-6951,D014,Carlos Lee,V048,DRONE,37.7749,-122.4194,37.8044,-122.2711,154.91898058390728,0.8342825199195465,Proximity:1.00 Rating:0.99 Fuel:0.86,11,5.5,4.944414477323557,85.62134604335031,3.354086259073699,AUTO_DISPATCHED
2026-03-25T14:43:28.116756,ORD-7807,D044,Sophie Kim,V046,TRUCK,37.3382,-121.8863,37.5485,-121.9886,358.4934412735544,0.9728020687388523,Proximity:1.00 Rating:0.88 Fuel:0.98,11,5.5,4.410853600716193,98.45657465968748,0.10535498234613039,AUTO_DISPATCHED
2026-03-25T14:43:30.000097,ORD-8491,D028,Daniel Kim,V063,VAN,37.8044,-122.2711,37.7749,-122.4194,404.0774722962831,0.9470771484298326,Proximity:1.00 Rating:0.96 Fuel:0.81,11,5.5,4.8139742418068545,81.4475264243163,1.4122488703132752,AUTO_DISPATCHED
2026-03-25T14:43:31.216803,ORD-8438,D061,Jennifer Wang,V042,DRONE,37.7749,-122.4194,37.8044,-122.2711,303.92460098792424,0.8461785850144308,Proximity:1.00 Rating:0.89 Fuel:0.89,11,5.5,4.432486877951163,89.23987324236862,1.1984559973734918,AUTO_DISPATCHED
2026-03-25T14:43:31.869196,ORD-2785,D025,Olivia Brown,V026,SCOOTER,37.8044,-122.2711,37.5485,-121.9886,475.61899277186626,0.8520066244011877,Proximity:1.00 Rating:0.97 Fuel:0.87,11,5.5,4.853483973938181,86.60946631670248,1.7637547225114498,AUTO_DISPATCHED
2026-03-25T14:43:35.100686,ORD-7754,D067,Sarah Miller,V015,VAN,37.8044,-122.2711,37.7749,-122.4194,101.33156574333704,0.9462954997584997,Proximity:1.00 Rating:0.94 Fuel:0.87,11,5.5,4.713017799018655,87.27526802967489,1.851049139740705,AUTO_DISPATCHED
2026-03-25T14:43:35.989341,ORD-9803,D070,Alex Martin,V066,CAR,37.7749,-122.4194,37.5485,-121.9886,489.0022264319799,0.9435527186563345,Proximity:1.00 Rating:0.92 Fuel:0.76,11,5.5,4.613176660131482,75.70321752621882,0.3623339230602398,AUTO_DISPATCHED
2026-03-25T14:43:37.171873,ORD-1363,D018,Sophie Kim,V007,SCOOTER,37.7749,-122.4194,37.5485,-121.9886,230.04600065623953,0.8520139168698571,Proximity:1.00 Rating:0.91 Fuel:0.86,11,5.5,4.531762948947621,85.86656011259595,0.644515300555327,AUTO_DISPATCHED
2026-03-25T14:43:39.780780,ORD-8816,D027,Emma Lee,V057,VAN,37.7749,-122.4194,37.8044,-122.2711,333.6779047345967,0.9503026841905335,Proximity:1.00 Rating:0.88 Fuel:0.97,11,5.5,4.379547215931894,97.2098618166103,1.6555197737326166,AUTO_DISPATCHED
2026-03-25T14:43:40.964899,ORD-6507,D047,Alex Tanaka,V069,TRUCK,37.8044,-122.2711,37.5485,-121.9886,438.0107520249964,0.9643866770380365,Proximity:1.00 Rating:0.94 Fuel:0.87,11,5.5,4.704822979729561,87.16098325061354,0.3638173621652978,AUTO_DISPATCHED
2026-03-25T14:43:46.545323,ORD-9197,D019,Lucas Johnson,V039,CAR,37.3382,-121.8863,37.8044,-122.2711,359.00127545317497,0.980546234895967,Proximity:1.00 Rating:0.99 Fuel:0.96,11,5.5,4.97256770441756,96.00657324354556,0.9893066516842901,AUTO_DISPATCHED
2026-03-25T14:43:47.200194,ORD-6451,D026,Alex Silva,V002,TRUCK,37.8044,-122.2711,37.5485,-121.9886,195.84853703384113,0.9396945392993028,Proximity:1.00 Rating:0.91 Fuel:0.71,11,5.5,4.574124006068755,71.30293256326176,0.01798558306720599,AUTO_DISPATCHED
2026-03-25T14:43:48.262004,ORD-3494,D023,Michael Khan,V020,CAR,37.7749,-122.4194,37.8044,-122.2711,423.05815990717093,0.9468366959725419,Proximity:1.00 Rating:0.95 Fuel:0.85,11,5.5,4.734936805978198,84.8887711520826,1.5915146395767934,AUTO_DISPATCHED
2026-03-25T14:43:49.698461,ORD-1358,D031,Chris Farooq,V040,TRUCK,37.7749,-122.4194,37.8044,-122.2711,216.3441510928898,0.9031738602660375,Proximity:1.00 Rating:0.95 Fuel:0.71,11,5.5,4.752425276323585,70.93107536401676,3.4655811066344717,AUTO_DISPATCHED
2026-03-25T14:43:50.351973,ORD-4681,D016,Maria Ivanova,V010,TRUCK,37.7749,-122.4194,37.8044,-122.2711,141.21760913572047,0.8851896903852471,Proximity:1.00 Rating:0.86 Fuel:0.66,11,5.5,4.294640999953669,65.85380242730365,2.8301322603084085,AUTO_DISPATCHED
2026-03-25T14:43:50.976192,ORD-4470,D049,Robert Rodriguez,V061,CAR,37.3382,-121.8863,37.8044,-122.2711,429.74320786613214,0.948184528421691,Proximity:1.00 Rating:0.95 Fuel:0.83,11,5.5,4.737100718764635,83.38385923677885,1.3100231347250064,AUTO_DISPATCHED
2026-03-25T14:43:51.695583,ORD-5592,D064,David Zhang,V019,TRUCK,37.8044,-122.2711,37.7749,-122.4194,267.2660062973877,0.952477435017168,Proximity:1.00 Rating:0.93 Fuel:0.83,11,5.5,4.6582715186036,83.00992508560826,0.6694650684310597,AUTO_DISPATCHED
2026-03-25T14:43:52.610705,ORD-2773,D004,Alex Farooq,V004,TRUCK,37.7749,-122.4194,37.8044,-122.2711,195.04546503016616,0.9313346946303571,Proximity:1.00 Rating:0.98 Fuel:0.79,11,5.5,4.901637884724497,78.96693515794286,2.6544978796429604,AUTO_DISPATCHED
2026-03-25T14:43:55.808211,ORD-9279,D022,Olivia Rossi,V047,DRONE,37.8044,-122.2711,37.5485,-121.9886,192.67071744808422,0.8740779997847397,Proximity:1.00 Rating:0.99 Fuel:0.97,11,5.5,4.932889267858523,97.43564348256106,1.551282892275426,AUTO_DISPATCHED
2026-03-25T14:43:56.670994,ORD-4070,D014,Carlos Lee,V043,SCOOTER,37.7749,-122.4194,37.8044,-122.2711,429.11077105258386,0.8469268798144124,Proximity:1.00 Rating:0.99 Fuel:0.94,11,5.5,4.944414477323557,94.05091930659422,3.354086259073699,AUTO_DISPATCHED
2026-03-25T14:43:58.075339,ORD-5777,D035,Maria Martin,V012,VAN,37.8044,-122.2711,37.7749,-122.4194,499.5405146197207,0.9471983159397023,Proximity:1.00 Rating:0.92 Fuel:0.80,11,5.5,4.606542045854612,80.05411937148814,0.5715635961371381,AUTO_DISPATCHED
2026-03-25T14:43:59.075997,ORD-8834,D039,James Khan,V062,CAR,37.3382,-121.8863,37.5485,-121.9886,475.3928352642774,0.9626931056895173,Proximity:1.00 Rating:0.98 Fuel:0.82,11,5.5,4.879087325347912,82.23361398084853,0.4656646636537558,AUTO_DISPATCHED
2026-03-25T14:44:03.796728,ORD-3443,D053,Sarah Khan,V063,VAN,37.3382,-121.8863,37.8044,-122.2711,192.51011101949837,0.9498092396090065,Proximity:1.00 Rating:0.97 Fuel:0.81,11,5.5,4.825845036741381,81.4475264243163,1.2316681197698371,AUTO_DISPATCHED
2026-03-25T14:44:04.299410,ORD-2928,D010,Jennifer Davis,V016,TRUCK,37.7749,-122.4194,37.8044,-122.2711,287.4315437772467,0.9201528167028161,Proximity:1.00 Rating:0.85 Fuel:0.69,11,5.5,4.26215320320482,68.50889696710931,0.24773255008325146,AUTO_DISPATCHED
2026-03-25T14:44:04.609238,ORD-3558,D061,Jennifer Wang,V068,SCOOTER,37.7749,-122.4194,37.8044,-122.2711,335.6498645920062,0.8588087282773118,Proximity:1.00 Rating:0.89 Fuel:0.98,11,5.5,4.432486877951163,97.65996875095593,1.1984559973734918,AUTO_DISPATCHED
2026-03-25T14:44:05.356982,ORD-3515,D028,Daniel Kim,V001,CAR,37.8044,-122.2711,37.7749,-122.4194,262.2584558447967,0.966150222377532,Proximity:1.00 Rating:0.96 Fuel:0.94,11,5.5,4.8139742418068545,94.16290905611582,1.4122488703132752,AUTO_DISPATCHED
2026-03-25T14:44:05.729996,ORD-8945,D003,Robert Taylor,V015,VAN,37.3382,-121.8863,37.7749,-122.4194,306.93377984394556,0.9446682469798018,Proximity:1.00 Rating:0.85 Fuel:0.87,11,5.5,4.253937941307941,87.27526802967489,0.5121738173622532,AUTO_DISPATCHED
2026-03-25T14:44:11.096941,ORD-4590,D046,Wei Lopez,V057,VAN,37.3382,-121.8863,37.7749,-122.4194,167.19860279256284,0.9591256566015552,Proximity:1.00 Rating:0.95 Fuel:0.97,11,5.5,4.770713481411641,97.2098618166103,2.2014140303860508,AUTO_DISPATCHED
2026-03-25T14:44:11.846813,ORD-5892,D027,Emma Lee,V046,TRUCK,37.7749,-122.4194,37.5485,-121.9886,293.9255105176573,0.9521727534551494,Proximity:1.00 Rating:0.88 Fuel:0.98,11,5.5,4.379547215931894,98.45657465968748,1.6555197737326166,AUTO_DISPATCHED
2026-03-25T14:44:12.700712,ORD-7163,D017,John Jones,V003,TRUCK,37.8044,-122.2711,37.7749,-122.4194,243.9162339165816,0.9207730888356136,Proximity:1.00 Rating:0.98 Fuel:0.68,11,5.5,4.902855601616219,67.75627656815354,2.1580440065012416,AUTO_DISPATCHED
2026-03-25T14:44:12.965337,ORD-5370,D067,Sarah Miller,V042,DRONE,37.8044,-122.2711,37.5485,-121.9886,343.74078483271614,0.8492424075775402,Proximity:1.00 Rating:0.94 Fuel:0.89,11,5.5,4.713017799018655,89.23987324236862,1.851049139740705,AUTO_DISPATCHED
2026-03-25T14:44:13.321435,ORD-5086,D044,Sophie Kim,V029,DRONE,37.3382,-121.8863,37.5485,-121.9886,449.1374785524299,0.8536378122883821,Proximity:1.00 Rating:0.88 Fuel:0.86,11,5.5,4.410853600716193,85.68040369270733,0.10535498234613039,AUTO_DISPATCHED
2026-03-25T14:44:14.005590,ORD-3180,D037,Omar Rossi,V048,DRONE,37.8044,-122.2711,37.5485,-121.9886,204.14131998842566,0.8412964863469823,Proximity:1.00 Rating:0.92 Fuel:0.86,11,5.5,4.57883137840671,85.62134604335031,1.6231030283449175,AUTO_DISPATCHED
2026-03-25T14:44:17.093712,ORD-8911,D013,Fatima Martin,V033,CAR,37.8044,-122.2711,37.7749,-122.4194,232.23201416228792,0.9015063979839207,Proximity:1.00 Rating:0.90 Fuel:0.63,11,5.5,4.483000314028064,63.08727944152617,1.7955626991592952,AUTO_DISPATCHED
2026-03-25T14:44:17.796697,ORD-6954,D015,John Martin,V056,BIKE,37.7749,-122.4194,37.8044,-122.2711,194.92018035231715,0.4810469660634152,Proximity:0.00 Rating:0.93 Fuel:0.85,11,5.5,4.661732629638896,85.3433109921403,2.674984448828094,AUTO_DISPATCHED
2026-03-25T14:44:20.398381,ORD-4276,D023,Michael Khan,V020,CAR,37.7749,-122.4194,37.8044,-122.2711,448.81625488098246,0.9468366959725419,Proximity:1.00 Rating:0.95 Fuel:0.85,11,5.5,4.734936805978198,84.8887711520826,1.5915146395767934,AUTO_DISPATCHED
2026-03-25T14:44:20.694310,ORD-4618,D031,Chris Farooq,V049,VAN,37.7749,-122.4194,37.5485,-121.9886,204.0053892319699,0.9071410734355851,Proximity:1.00 Rating:0.95 Fuel:0.74,11,5.5,4.752425276323585,73.57588414371514,3.4655811066344717,AUTO_DISPATCHED
2026-03-25T14:44:21.733970,ORD-4859,D050,Wei Ali,V040,TRUCK,37.3382,-121.8863,37.7749,-122.4194,219.55783675151736,0.9084866913869808,Proximity:1.00 Rating:0.87 Fuel:0.71,11,5.5,4.373227792089459,70.93107536401676,1.8271226674098218,AUTO_DISPATCHED
2026-03-25T14:44:26.239391,ORD-6944,D004,Alex Farooq,V019,TRUCK,37.7749,-122.4194,37.5485,-121.9886,259.109114332939,0.9373991795218553,Proximity:1.00 Rating:0.98 Fuel:0.83,11,5.5,4.901637884724497,83.00992508560826,2.6544978796429604,AUTO_DISPATCHED
2026-03-25T14:44:28.493591,ORD-7019,D035,Maria Martin,V012,VAN,37.8044,-122.2711,37.5485,-121.9886,251.3828870681667,0.9471983159397023,Proximity:1.00 Rating:0.92 Fuel:0.80,11,5.5,4.606542045854612,80.05411937148814,0.5715635961371381,AUTO_DISPATCHED
2026-03-25T14:44:29.618049,ORD-2699,D014,Carlos Lee,V010,TRUCK,37.7749,-122.4194,37.5485,-121.9886,441.1488704095391,0.9046312044954766,Proximity:1.00 Rating:0.99 Fuel:0.66,11,5.5,4.944414477323557,65.85380242730365,3.354086259073699,AUTO_DISPATCHED
2026-03-25T14:44:33.046393,ORD-8772,D062,Lisa Anderson,V032,VAN,37.8044,-122.2711,37.5485,-121.9886,386.7973997778963,0.9149035029686209,Proximity:1.00 Rating:0.97 Fuel:0.63,11,5.5,4.852548922735444,63.07649906344823,1.905056202877538,AUTO_DISPATCHED
2026-03-25T14:44:33.744968,ORD-1938,D052,Isabella Jones,V059,SCOOTER,37.3382,-121.8863,37.5485,-121.9886,170.00123230337823,0.845143365144975,Proximity:1.00 Rating:0.87 Fuel:0.98,11,5.5,4.365198744478376,97.5207687027887,2.0596590150674468,AUTO_DISPATCHED
2026-03-25T14:44:34.931299,ORD-7731,D010,Jennifer Davis,V016,TRUCK,37.7749,-122.4194,37.5485,-121.9886,341.5662064469652,0.9201528167028161,Proximity:1.00 Rating:0.85 Fuel:0.69,11,5.5,4.26215320320482,68.50889696710931,0.24773255008325146,AUTO_DISPATCHED
2026-03-25T14:44:35.476092,ORD-7770,D065,John Tanaka,V068,SCOOTER,37.8044,-122.2711,37.7749,-122.4194,358.5421861110367,0.8571176228327546,Proximity:1.00 Rating:0.92 Fuel:0.98,11,5.5,4.594788445176034,97.65996875095593,1.8531094480576473,AUTO_DISPATCHED
2026-03-25T14:44:36.176787,ORD-5496,D063,Wei Tanaka,V001,CAR,37.3382,-121.8863,37.7749,-122.4194,495.3793231733502,0.9655636580318949,Proximity:1.00 Rating:0.94 Fuel:0.94,11,5.5,4.7233047736129565,94.16290905611582,1.1690317197437614,AUTO_DISPATCHED
2026-03-25T14:44:42.753835,ORD-8567,D025,Olivia Brown,V062,CAR,37.8044,-122.2711,37.5485,-121.9886,122.59655680405213,0.9454428458974068,Proximity:1.00 Rating:0.97 Fuel:0.82,11,5.5,4.853483973938181,82.23361398084853,1.7637547225114498,AUTO_DISPATCHED
2026-03-25T14:44:43.564739,ORD-9264,D007,Sophie Garcia,V003,TRUCK,37.7749,-122.4194,37.8044,-122.2711,354.03755007125125,0.9403503840099061,Proximity:1.00 Rating:0.96 Fuel:0.68,11,5.5,4.782942449082069,67.75627656815354,0.20813830444855919,AUTO_DISPATCHED
2026-03-25T14:44:44.050112,ORD-9553,D039,James Khan,V035,TRUCK,37.3382,-121.8863,37.5485,-121.9886,255.79352384836534,0.936157869810004,Proximity:1.00 Rating:0.98 Fuel:0.65,11,5.5,4.879087325347912,64.5434567278397,0.4656646636537558,AUTO_DISPATCHED
2026-03-25T14:44:44.313777,ORD-7827,D017,John Jones,V043,SCOOTER,37.8044,-122.2711,37.7749,-122.4194,333.16487290116555,0.8602150529432745,Proximity:1.00 Rating:0.98 Fuel:0.94,11,5.5,4.902855601616219,94.05091930659422,2.1580440065012416,AUTO_DISPATCHED
2026-03-25T14:44:44.812295,ORD-2704,D011,James Zhang,V017,BIKE,37.8044,-122.2711,37.7749,-122.4194,237.9929173363306,0.8351139126316387,Proximity:1.00 Rating:0.85 Fuel:0.90,11,5.5,4.255358240091631,89.9082220486571,1.5970200036009699,AUTO_DISPATCHED
2026-03-25T14:44:46.110372,ORD-9713,D068,Priya Davis,V065,DRONE,37.8044,-122.2711,37.5485,-121.9886,450.2926100176826,0.8311158803114793,Proximity:1.00 Rating:0.88 Fuel:0.89,11,5.5,4.3912276992778,89.40880842515605,2.2917152237893386,AUTO_DISPATCHED
2026-03-25T14:44:53.551550,ORD-2590,D036,Priya Davis,V069,TRUCK,37.7749,-122.4194,37.5485,-121.9886,154.37736574261413,0.9535822096749055,Proximity:1.00 Rating:0.96 Fuel:0.87,11,5.5,4.818690625059436,87.16098325061354,1.592551216271385,AUTO_DISPATCHED
2026-03-25T14:44:53.863849,ORD-5857,D020,Carlos Wilson,V020,CAR,37.7749,-122.4194,37.8044,-122.2711,361.3635638562891,0.9472529865703813,Proximity:1.00 Rating:0.89 Fuel:0.85,11,5.5,4.442497339936686,84.8887711520826,0.6224051004168092,AUTO_DISPATCHED
2026-03-25T14:44:54.832088,ORD-6607,D057,Emma Farooq,V050,CAR,37.3382,-121.8863,37.5485,-121.9886,384.5641208021646,0.9411385681183171,Proximity:1.00 Rating:0.89 Fuel:0.85,11,5.5,4.44144089155161,84.64905915779232,1.0794125024348555,AUTO_DISPATCHED
2026-03-25T14:44:55.422179,ORD-5284,D023,Michael Khan,V031,TRUCK,37.7749,-122.4194,37.8044,-122.2711,100.06534770532971,0.9397170100420841,Proximity:1.00 Rating:0.95 Fuel:0.80,11,5.5,4.734936805978198,80.14231386511068,1.5915146395767934,AUTO_DISPATCHED
2026-03-25T14:44:59.266869,ORD-3776,D059,Alex Ali,V002,TRUCK,37.7749,-122.4194,37.5485,-121.9886,227.9255638272081,0.9133755573007786,Proximity:1.00 Rating:0.87 Fuel:0.71,11,5.5,4.328123679336022,71.30293256326176,1.336303097404398,AUTO_DISPATCHED
2026-03-25T14:45:00.624955,ORD-2222,D047,Alex Tanaka,V025,CAR,37.8044,-122.2711,37.7749,-122.4194,274.15129884072735,0.9378523745952843,Proximity:1.00 Rating:0.94 Fuel:0.69,11,5.5,4.704822979729561,69.47144828877872,0.3638173621652978,AUTO_DISPATCHED
2026-03-25T14:45:04.139832,ORD-5906,D044,Sophie Kim,V066,CAR,37.3382,-121.8863,37.8044,-122.2711,191.9412828191534,0.9386720330386493,Proximity:1.00 Rating:0.88 Fuel:0.76,11,5.5,4.410853600716193,75.70321752621882,0.10535498234613039,AUTO_DISPATCHED
2026-03-25T14:45:04.341738,ORD-9774,D070,Alex Martin,V033,CAR,37.7749,-122.4194,37.8044,-122.2711,257.73740817728185,0.9246288115292957,Proximity:1.00 Rating:0.92 Fuel:0.63,11,5.5,4.613176660131482,63.08727944152617,0.3623339230602398,AUTO_DISPATCHED
2026-03-25T14:45:05.105925,ORD-3709,D015,John Martin,V047,DRONE,37.3382,-121.8863,37.5485,-121.9886,281.2583559380204,0.8491854647990462,Proximity:1.00 Rating:0.93 Fuel:0.97,11,5.5,4.661732629638896,97.43564348256106,2.674984448828094,AUTO_DISPATCHED
2026-03-25T14:45:05.699557,ORD-9973,D045,Kevin Smith,V067,DRONE,37.3382,-121.8863,37.8044,-122.2711,458.7969370769783,0.8295472548899311,Proximity:1.00 Rating:0.86 Fuel:0.88,11,5.5,4.31371231352753,87.94462153352782,1.9934535961169515,AUTO_DISPATCHED
2026-03-25T14:45:05.977885,ORD-8687,D042,Lucas Lopez,V058,BIKE,37.3382,-121.8863,37.7749,-122.4194,440.5051135417875,0.8290646559641481,Proximity:1.00 Rating:0.96 Fuel:0.88,11,5.5,4.793510740355556,87.69919032448473,3.5379647309440925,AUTO_DISPATCHED
2026-03-25T14:45:10.259827,ORD-1419,D064,David Zhang,V068,SCOOTER,37.8044,-122.2711,37.5485,-121.9886,487.1081472482015,0.8744525005151895,Proximity:1.00 Rating:0.93 Fuel:0.98,11,5.5,4.6582715186036,97.65996875095593,0.6694650684310597,AUTO_DISPATCHED
2026-03-25T14:45:11.491043,ORD-5194,D018,Sophie Kim,V024,BIKE,37.7749,-122.4194,37.8044,-122.2711,329.45587653370455,0.8534071018484612,Proximity:1.00 Rating:0.91 Fuel:0.87,11,5.5,4.531762948947621,86.79535009833205,0.644515300555327,AUTO_DISPATCHED
2026-03-25T14:45:16.000889,ORD-7556,D022,Olivia Rossi,V003,TRUCK,37.8044,-122.2711,37.5485,-121.9886,417.8777562557606,0.9295589494131284,Proximity:1.00 Rating:0.99 Fuel:0.68,11,5.5,4.932889267858523,67.75627656815354,1.551282892275426,AUTO_DISPATCHED
2026-03-25T14:45:16.622445,ORD-9790,D028,Daniel Kim,V043,SCOOTER,37.8044,-122.2711,37.5485,-121.9886,156.5130567470055,0.8659822377532496,Proximity:1.00 Rating:0.96 Fuel:0.94,11,5.5,4.8139742418068545,94.05091930659422,1.4122488703132752,AUTO_DISPATCHED
2026-03-25T14:45:20.169755,ORD-5048,D052,Isabella Jones,V059,SCOOTER,37.3382,-121.8863,37.5485,-121.9886,336.11289003907405,0.845143365144975,Proximity:1.00 Rating:0.87 Fuel:0.98,11,5.5,4.365198744478376,97.5207687027887,2.0596590150674468,AUTO_DISPATCHED
2026-03-25T14:45:20.986939,ORD-9292,D017,John Jones,V017,BIKE,37.8044,-122.2711,37.5485,-121.9886,415.57658830081084,0.8540010070563688,Proximity:1.00 Rating:0.98 Fuel:0.90,11,5.5,4.902855601616219,89.9082220486571,2.1580440065012416,AUTO_DISPATCHED
2026-03-25T14:45:21.377332,ORD-7284,D038,Robert Lee,V026,SCOOTER,37.3382,-121.8863,37.7749,-122.4194,430.64734473928064,0.8265849223845736,Proximity:1.00 Rating:0.95 Fuel:0.87,11,5.5,4.768547839987649,86.60946631670248,3.5256952551988854,AUTO_DISPATCHED
2026-03-25T14:45:21.691218,ORD-8825,D067,Sarah Miller,V042,DRONE,37.8044,-122.2711,37.7749,-122.4194,213.1599908826749,0.8492424075775402,Proximity:1.00 Rating:0.94 Fuel:0.89,11,5.5,4.713017799018655,89.23987324236862,1.851049139740705,AUTO_DISPATCHED
2026-03-25T14:45:21.955935,ORD-2255,D024,Ahmed Jones,V007,SCOOTER,37.3382,-121.8863,37.5485,-121.9886,225.0419272117462,0.824415943480993,Proximity:1.00 Rating:0.87 Fuel:0.86,11,5.5,4.365663087309734,85.86656011259595,2.3208336144232176,AUTO_DISPATCHED
2026-03-25T14:45:29.251711,ORD-5886,D039,James Khan,V031,TRUCK,37.3382,-121.8863,37.8044,-122.2711,178.10860579304952,0.9595561555159106,Proximity:1.00 Rating:0.98 Fuel:0.80,11,5.5,4.879087325347912,80.14231386511068,0.4656646636537558,AUTO_DISPATCHED
2026-03-25T14:45:29.503793,ORD-6851,D008,Maria O'Brien,V004,TRUCK,37.3382,-121.8863,37.7749,-122.4194,232.0449995422686,0.9107434839077079,Proximity:1.00 Rating:0.91 Fuel:0.79,11,5.5,4.567016819394776,78.96693515794286,3.2310073283997967,AUTO_DISPATCHED
2026-03-25T14:45:30.345678,ORD-4841,D007,Sophie Garcia,V035,TRUCK,37.7749,-122.4194,37.5485,-121.9886,178.71544044894026,0.9355311542494353,Proximity:1.00 Rating:0.96 Fuel:0.65,11,5.5,4.782942449082069,64.5434567278397,0.20813830444855919,AUTO_DISPATCHED
2026-03-25T14:45:31.127112,ORD-7592,D032,Lisa Park,V029,DRONE,37.3382,-121.8863,37.8044,-122.2711,160.7430618188664,0.8169088254651817,Proximity:1.00 Rating:0.89 Fuel:0.86,11,5.5,4.473129044275832,85.68040369270733,3.242955347593004,AUTO_DISPATCHED
2026-03-25T14:45:36.202489,ORD-1884,D019,Lucas Johnson,V055,VAN,37.3382,-121.8863,37.5485,-121.9886,394.547302664472,0.9794409587592827,Proximity:1.00 Rating:0.99 Fuel:0.95,11,5.5,4.97256770441756,95.269722485756,0.9893066516842901,AUTO_DISPATCHED
2026-03-25T14:45:37.501552,ORD-6159,D069,David Gonzalez,V012,VAN,37.3382,-121.8863,37.7749,-122.4194,352.85269313764366,0.9531978292790003,Proximity:1.00 Rating:0.95 Fuel:0.80,11,5.5,4.7703054819569335,80.05411937148814,0.6156455245207408,AUTO_DISPATCHED
2026-03-25T14:45:38.511733,ORD-6075,D035,Maria Martin,V046,TRUCK,37.8044,-122.2711,37.5485,-121.9886,445.03053764609115,0.9748019988720015,Proximity:1.00 Rating:0.92 Fuel:0.98,11,5.5,4.606542045854612,98.45657465968748,0.5715635961371381,AUTO_DISPATCHED
2026-03-25T14:45:38.792222,ORD-2194,D065,John Tanaka,V050,CAR,37.8044,-122.2711,37.7749,-122.4194,372.8772795176174,0.9376012584430093,Proximity:1.00 Rating:0.92 Fuel:0.85,11,5.5,4.594788445176034,84.64905915779232,1.8531094480576473,AUTO_DISPATCHED
2026-03-25T14:45:39.354592,ORD-7008,D070,Alex Martin,V061,CAR,37.7749,-122.4194,37.5485,-121.9886,396.21847802220555,0.9550736812221746,Proximity:1.00 Rating:0.92 Fuel:0.83,11,5.5,4.613176660131482,83.38385923677885,0.3623339230602398,AUTO_DISPATCHED
2026-03-25T14:45:42.644981,ORD-8308,D062,Lisa Anderson,V052,VAN,37.8044,-122.2711,37.5485,-121.9886,311.78940177673906,0.9184621391061071,Proximity:1.00 Rating:0.97 Fuel:0.65,11,5.5,4.852548922735444,65.44892315510563,1.905056202877538,AUTO_DISPATCHED
2026-03-25T14:45:46.376889,ORD-1542,D013,Fatima Martin,V033,CAR,37.8044,-122.2711,37.7749,-122.4194,423.73177141180133,0.9015063979839207,Proximity:1.00 Rating:0.90 Fuel:0.63,11,5.5,4.483000314028064,63.08727944152617,1.7955626991592952,AUTO_DISPATCHED
2026-03-25T14:45:49.001947,ORD-5105,D049,Robert Rodriguez,V049,VAN,37.3382,-121.8863,37.7749,-122.4194,233.57296903748951,0.9334725657820955,Proximity:1.00 Rating:0.95 Fuel:0.74,11,5.5,4.737100718764635,73.57588414371514,1.3100231347250064,AUTO_DISPATCHED
2026-03-25T14:45:50.343921,ORD-2470,D034,Daniel Ivanova,V032,VAN,37.8044,-122.2711,37.7749,-122.4194,234.0241187415751,0.897269435107342,Proximity:1.00 Rating:0.89 Fuel:0.63,11,5.5,4.445039979006866,63.07649906344823,2.0117530118484046,AUTO_DISPATCHED
2026-03-25T14:45:51.017897,ORD-2007,D057,Emma Farooq,V047,DRONE,37.3382,-121.8863,37.8044,-122.2711,111.00408714676537,0.8603184446054704,Proximity:1.00 Rating:0.89 Fuel:0.97,11,5.5,4.44144089155161,97.43564348256106,1.0794125024348555,AUTO_DISPATCHED
2026-03-25T14:45:51.111938,ORD-3155,D018,Sophie Kim,V024,BIKE,37.7749,-122.4194,37.8044,-122.2711,218.21893966664453,0.8534071018484612,Proximity:1.00 Rating:0.91 Fuel:0.87,11,5.5,4.531762948947621,86.79535009833205,0.644515300555327,AUTO_DISPATCHED
2026-03-25T14:45:51.691312,ORD-4117,D053,Sarah Khan,V062,CAR,37.3382,-121.8863,37.5485,-121.9886,299.0417083993924,0.950988370943805,Proximity:1.00 Rating:0.97 Fuel:0.82,11,5.5,4.825845036741381,82.23361398084853,1.2316681197698371,AUTO_DISPATCHED
2026-03-25T14:45:55.110819,ORD-5191,D040,Sarah Wilson,V019,TRUCK,37.7749,-122.4194,37.8044,-122.2711,346.60466386990936,0.9457768913682337,Proximity:1.00 Rating:0.97 Fuel:0.83,11,5.5,4.842457317784014,83.00992508560826,1.7949031177231252,AUTO_DISPATCHED
2026-03-25T14:45:55.467735,ORD-7592,D020,Carlos Wilson,V063,VAN,37.7749,-122.4194,37.8044,-122.2711,109.29334396439457,0.9420911194787317,Proximity:1.00 Rating:0.89 Fuel:0.81,11,5.5,4.442497339936686,81.4475264243163,0.6224051004168092,AUTO_DISPATCHED
2026-03-25T14:45:58.463177,ORD-5464,D015,John Martin,V010,TRUCK,37.3382,-121.8863,37.5485,-121.9886,208.6580711560295,0.9018127032161601,Proximity:1.00 Rating:0.93 Fuel:0.66,11,5.5,4.661732629638896,65.85380242730365,2.674984448828094,AUTO_DISPATCHED
2026-03-25T14:45:58.743352,ORD-7504,D066,Nina Taylor,V065,DRONE,37.3382,-121.8863,37.7749,-122.4194,184.11965579474585,0.8200036814276076,Proximity:1.00 Rating:0.90 Fuel:0.89,11,5.5,4.489089398533946,89.40880842515605,3.493848572118745,AUTO_DISPATCHED
2026-03-25T14:46:03.378461,ORD-8068,D023,Michael Khan,V016,TRUCK,37.7749,-122.4194,37.8044,-122.2711,293.4744251044728,0.922266884695082,Proximity:1.00 Rating:0.95 Fuel:0.69,11,5.5,4.734936805978198,68.50889696710931,1.5915146395767934,AUTO_DISPATCHED
2026-03-25T14:46:04.862748,ORD-4596,D067,Sarah Miller,V059,SCOOTER,37.8044,-122.2711,37.7749,-122.4194,167.29294664141005,0.8616637507681704,Proximity:1.00 Rating:0.94 Fuel:0.98,11,5.5,4.713017799018655,97.5207687027887,1.851049139740705,AUTO_DISPATCHED
2026-03-25T14:46:05.629321,ORD-3177,D037,Omar Rossi,V015,VAN,37.8044,-122.2711,37.7749,-122.4194,210.75564127568884,0.9437773693264692,Proximity:1.00 Rating:0.92 Fuel:0.87,11,5.5,4.57883137840671,87.27526802967489,1.6231030283449175,AUTO_DISPATCHED
2026-03-25T14:46:13.054850,ORD-9107,D010,Jennifer Davis,V057,VAN,37.7749,-122.4194,37.8044,-122.2711,274.0559419787554,0.9632042639770675,Proximity:1.00 Rating:0.85 Fuel:0.97,11,5.5,4.26215320320482,97.2098618166103,0.24773255008325146,AUTO_DISPATCHED
2026-03-25T14:46:13.864729,ORD-7915,D065,John Tanaka,V050,CAR,37.8044,-122.2711,37.7749,-122.4194,347.2705258803347,0.9376012584430093,Proximity:1.00 Rating:0.92 Fuel:0.85,11,5.5,4.594788445176034,84.64905915779232,1.8531094480576473,AUTO_DISPATCHED
2026-03-25T14:46:14.442079,ORD-1657,D004,Alex Farooq,V042,DRONE,37.7749,-122.4194,37.8044,-122.2711,359.11373724054954,0.8467441017569958,Proximity:1.00 Rating:0.98 Fuel:0.89,11,5.5,4.901637884724497,89.23987324236862,2.6544978796429604,AUTO_DISPATCHED
2026-03-25T14:46:17.968135,ORD-8725,D013,Fatima Martin,V033,CAR,37.8044,-122.2711,37.7749,-122.4194,129.00899978370316,0.9015063979839207,Proximity:1.00 Rating:0.90 Fuel:0.63,11,5.5,4.483000314028064,63.08727944152617,1.7955626991592952,AUTO_DISPATCHED
2026-03-25T14:46:19.122386,ORD-5088,D061,Jennifer Wang,V068,SCOOTER,37.7749,-122.4194,37.8044,-122.2711,409.1106900718846,0.8588087282773118,Proximity:1.00 Rating:0.89 Fuel:0.98,11,5.5,4.432486877951163,97.65996875095593,1.1984559973734918,AUTO_DISPATCHED
2026-03-25T14:46:21.605195,ORD-7515,D019,Lucas Johnson,V055,VAN,37.3382,-121.8863,37.8044,-122.2711,431.1118225081531,0.9794409587592827,Proximity:1.00 Rating:0.99 Fuel:0.95,11,5.5,4.97256770441756,95.269722485756,0.9893066516842901,AUTO_DISPATCHED
2026-03-25T14:46:22.352891,ORD-1616,D064,David Zhang,V069,TRUCK,37.8044,-122.2711,37.7749,-122.4194,371.74832944513514,0.958704022264676,Proximity:1.00 Rating:0.93 Fuel:0.87,11,5.5,4.6582715186036,87.16098325061354,0.6694650684310597,AUTO_DISPATCHED
2026-03-25T14:46:23.448183,ORD-8478,D018,Sophie Kim,V044,TRUCK,37.7749,-122.4194,37.5485,-121.9886,248.11128108011326,0.971855298724634,Proximity:1.00 Rating:0.91 Fuel:0.99,11,5.5,4.531762948947621,99.09414801578056,0.644515300555327,AUTO_DISPATCHED
2026-03-25T14:46:26.745713,ORD-5826,D022,Olivia Rossi,V063,VAN,37.8044,-122.2711,37.5485,-121.9886,333.62628671000044,0.9500958241973725,Proximity:1.00 Rating:0.99 Fuel:0.81,11,5.5,4.932889267858523,81.4475264243163,1.551282892275426,AUTO_DISPATCHED
2026-03-25T14:46:31.068546,ORD-1291,D003,Robert Taylor,V013,CAR,37.3382,-121.8863,37.8044,-122.2711,201.0961427785391,0.9313678085837274,Proximity:1.00 Rating:0.85 Fuel:0.78,11,5.5,4.253937941307941,78.40830909895858,0.5121738173622532,AUTO_DISPATCHED
2026-03-25T14:46:31.739073,ORD-1412,D036,Priya Davis,V002,TRUCK,37.7749,-122.4194,37.8044,-122.2711,359.74924867519354,0.9297951336438778,Proximity:1.00 Rating:0.96 Fuel:0.71,11,5.5,4.818690625059436,71.30293256326176,1.592551216271385,AUTO_DISPATCHED
2026-03-25T14:46:32.801214,ORD-5435,D040,Sarah Wilson,V003,TRUCK,37.7749,-122.4194,37.8044,-122.2711,337.4475741218278,0.9228964185920517,Proximity:1.00 Rating:0.97 Fuel:0.68,11,5.5,4.842457317784014,67.75627656815354,1.7949031177231252,AUTO_DISPATCHED
2026-03-25T14:46:35.625133,ORD-5241,D025,Olivia Brown,V062,CAR,37.8044,-122.2711,37.5485,-121.9886,231.41791051307746,0.9454428458974068,Proximity:1.00 Rating:0.97 Fuel:0.82,11,5.5,4.853483973938181,82.23361398084853,1.7637547225114498,AUTO_DISPATCHED
2026-03-25T14:46:36.593954,ORD-2610,D020,Carlos Wilson,V001,CAR,37.7749,-122.4194,37.5485,-121.9886,195.9992909067563,0.9611641934264311,Proximity:1.00 Rating:0.89 Fuel:0.94,11,5.5,4.442497339936686,94.16290905611582,0.6224051004168092,AUTO_DISPATCHED
2026-03-25T14:46:37.933921,ORD-7835,D017,John Jones,V015,VAN,37.8044,-122.2711,37.7749,-122.4194,237.5472291279653,0.9500515760278956,Proximity:1.00 Rating:0.98 Fuel:0.87,11,5.5,4.902855601616219,87.27526802967489,2.1580440065012416,AUTO_DISPATCHED
2026-03-25T14:46:39.022232,ORD-1173,D023,Michael Khan,V016,TRUCK,37.7749,-122.4194,37.8044,-122.2711,152.47187625841542,0.922266884695082,Proximity:1.00 Rating:0.95 Fuel:0.69,11,5.5,4.734936805978198,68.50889696710931,1.5915146395767934,AUTO_DISPATCHED
2026-03-25T14:46:44.381942,ORD-6544,D053,Sarah Khan,V057,VAN,37.3382,-121.8863,37.8044,-122.2711,486.5661851000072,0.9734527426974475,Proximity:1.00 Rating:0.97 Fuel:0.97,11,5.5,4.825845036741381,97.2098618166103,1.2316681197698371,AUTO_DISPATCHED
2026-03-25T14:46:46.362997,ORD-9988,D067,Sarah Miller,V050,CAR,37.8044,-122.2711,37.5485,-121.9886,210.08001453667342,0.9423561864506759,Proximity:1.00 Rating:0.94 Fuel:0.85,11,5.5,4.713017799018655,84.64905915779232,1.851049139740705,AUTO_DISPATCHED
2026-03-25T14:46:51.524278,ORD-5940,D044,Sophie Kim,V046,TRUCK,37.3382,-121.8863,37.8044,-122.2711,383.97205051222807,0.9728020687388523,Proximity:1.00 Rating:0.88 Fuel:0.98,11,5.5,4.410853600716193,98.45657465968748,0.10535498234613039,AUTO_DISPATCHED
2026-03-25T14:46:52.738706,ORD-2224,D063,Wei Tanaka,V069,TRUCK,37.3382,-121.8863,37.8044,-122.2711,108.8419416084573,0.9550607693236415,Proximity:1.00 Rating:0.94 Fuel:0.87,11,5.5,4.7233047736129565,87.16098325061354,1.1690317197437614,AUTO_DISPATCHED
2026-03-25T14:46:53.501633,ORD-2046,D064,David Zhang,V066,CAR,37.8044,-122.2711,37.7749,-122.4194,175.26605098008687,0.9415173736780839,Proximity:1.00 Rating:0.93 Fuel:0.76,11,5.5,4.6582715186036,75.70321752621882,0.6694650684310597,AUTO_DISPATCHED
2026-03-25T14:46:54.452602,ORD-7318,D046,Wei Lopez,V023,CAR,37.3382,-121.8863,37.8044,-122.2711,333.13135515495435,0.9423099478514144,Proximity:1.00 Rating:0.95 Fuel:0.86,11,5.5,4.770713481411641,85.99938931651634,2.2014140303860508,AUTO_DISPATCHED
2026-03-25T14:46:59.244187,ORD-1766,D037,Omar Rossi,V052,VAN,37.8044,-122.2711,37.7749,-122.4194,448.78446463833575,0.9110378520146153,Proximity:1.00 Rating:0.92 Fuel:0.65,11,5.5,4.57883137840671,65.44892315510563,1.6231030283449175,AUTO_DISPATCHED
2026-03-25T14:47:00.319177,ORD-3371,D041,Emily Brown,V035,TRUCK,37.3382,-121.8863,37.7749,-122.4194,361.26895736358694,0.9021534131932574,Proximity:1.00 Rating:0.88 Fuel:0.65,11,5.5,4.398877929593388,64.5434567278397,1.6493511265790195,AUTO_DISPATCHED
2026-03-25T14:47:01.233804,ORD-7067,D065,John Tanaka,V033,CAR,37.8044,-122.2711,37.5485,-121.9886,371.42710672166254,0.90525858886861,Proximity:1.00 Rating:0.92 Fuel:0.63,11,5.5,4.594788445176034,63.08727944152617,1.8531094480576473,AUTO_DISPATCHED
2026-03-25T14:47:02.955793,ORD-2752,D007,Sophie Garcia,V002,TRUCK,37.7749,-122.4194,37.8044,-122.2711,330.25073979241904,0.9456703680025684,Proximity:1.00 Rating:0.96 Fuel:0.71,11,5.5,4.782942449082069,71.30293256326176,0.20813830444855919,AUTO_DISPATCHED
2026-03-25T14:47:08.883762,ORD-2171,D015,John Martin,V015,VAN,37.3382,-121.8863,37.8044,-122.2711,436.2168918325894,0.9339449016197169,Proximity:1.00 Rating:0.93 Fuel:0.87,11,5.5,4.661732629638896,87.27526802967489,2.674984448828094,AUTO_DISPATCHED
2026-03-25T14:47:09.646894,ORD-1158,D050,Wei Ali,V061,CAR,37.3382,-121.8863,37.7749,-122.4194,287.4595328081309,0.9271658671961239,Proximity:1.00 Rating:0.87 Fuel:0.83,11,5.5,4.373227792089459,83.38385923677885,1.8271226674098218,AUTO_DISPATCHED
2026-03-25T14:47:11.049233,ORD-4791,D070,Alex Martin,V016,TRUCK,37.7749,-122.4194,37.5485,-121.9886,457.87570210717445,0.9327612378176703,Proximity:1.00 Rating:0.92 Fuel:0.69,11,5.5,4.613176660131482,68.50889696710931,0.3623339230602398,AUTO_DISPATCHED
2026-03-25T14:47:11.842236,ORD-6633,D001,Carlos Silva,V003,TRUCK,37.3382,-121.8863,37.7749,-122.4194,200.16670573093793,0.9022139988408369,Proximity:1.00 Rating:0.95 Fuel:0.68,11,5.5,4.765825671525603,67.75627656815354,3.2042754297934124,AUTO_DISPATCHED
2026-03-25T14:47:12.392496,ORD-5551,D052,Isabella Jones,V032,VAN,37.3382,-121.8863,37.5485,-121.9886,202.5957804393438,0.8934769606859643,Proximity:1.00 Rating:0.87 Fuel:0.63,11,5.5,4.365198744478376,63.07649906344823,2.0596590150674468,AUTO_DISPATCHED
2026-03-25T14:47:17.724163,ORD-7797,D017,John Jones,V031,TRUCK,37.8044,-122.2711,37.5485,-121.9886,108.1326280667469,0.9393521447810491,Proximity:1.00 Rating:0.98 Fuel:0.80,11,5.5,4.902855601616219,80.14231386511068,2.1580440065012416,AUTO_DISPATCHED
2026-03-25T14:47:18.070274,ORD-4835,D036,Priya Davis,V068,SCOOTER,37.7749,-122.4194,37.5485,-121.9886,264.8264448304669,0.869330687925419,Proximity:1.00 Rating:0.96 Fuel:0.98,11,5.5,4.818690625059436,97.65996875095593,1.592551216271385,AUTO_DISPATCHED
2026-03-25T14:47:19.148793,ORD-9187,D040,Sarah Wilson,V059,SCOOTER,37.7749,-122.4194,37.5485,-121.9886,132.38703297412866,0.8675431567940044,Proximity:1.00 Rating:0.97 Fuel:0.98,11,5.5,4.842457317784014,97.5207687027887,1.7949031177231252,AUTO_DISPATCHED
2026-03-25T14:47:19.508667,ORD-2253,D013,Fatima Martin,V043,SCOOTER,37.8044,-122.2711,37.7749,-122.4194,204.63364802520204,0.8479518577815227,Proximity:1.00 Rating:0.90 Fuel:0.94,11,5.5,4.483000314028064,94.05091930659422,1.7955626991592952,AUTO_DISPATCHED
2026-03-25T14:47:23.562481,ORD-6533,D045,Kevin Smith,V017,BIKE,37.3382,-121.8863,37.7749,-122.4194,273.96487867060637,0.832492655662625,Proximity:1.00 Rating:0.86 Fuel:0.90,11,5.5,4.31371231352753,89.9082220486571,1.9934535961169515,AUTO_DISPATCHED
2026-03-25T14:47:24.438833,ORD-9349,D042,Lucas Lopez,V066,CAR,37.3382,-121.8863,37.5485,-121.9886,447.2757239740292,0.9110706967667493,Proximity:1.00 Rating:0.96 Fuel:0.76,11,5.5,4.793510740355556,75.70321752621882,3.5379647309440925,AUTO_DISPATCHED
2026-03-25T14:47:24.439936,ORD-8588,D047,Alex Tanaka,V042,DRONE,37.8044,-122.2711,37.7749,-122.4194,496.3849567517073,0.8675050120256691,Proximity:1.00 Rating:0.94 Fuel:0.89,11,5.5,4.704822979729561,89.23987324236862,0.3638173621652978,AUTO_DISPATCHED
2026-03-25T14:47:25.825874,ORD-8235,D010,Jennifer Davis,V067,DRONE,37.7749,-122.4194,37.8044,-122.2711,309.9668898855099,0.8493064035524438,Proximity:1.00 Rating:0.85 Fuel:0.88,11,5.5,4.26215320320482,87.94462153352782,0.24773255008325146,AUTO_DISPATCHED
2026-03-25T14:47:29.875400,ORD-4564,D004,Alex Farooq,V004,TRUCK,37.7749,-122.4194,37.8044,-122.2711,458.78518107533,0.9313346946303571,Proximity:1.00 Rating:0.98 Fuel:0.79,11,5.5,4.901637884724497,78.96693515794286,2.6544978796429604,AUTO_DISPATCHED
2026-03-25T14:47:30.204339,ORD-7066,D061,Jennifer Wang,V027,CAR,37.7749,-122.4194,37.5485,-121.9886,310.1641854597635,0.9238909587692499,Proximity:1.00 Rating:0.89 Fuel:0.74,11,5.5,4.432486877951163,74.38145574558126,1.1984559973734918,AUTO_DISPATCHED
2026-03-25T14:47:31.309415,ORD-6681,D038,Robert Lee,V058,BIKE,37.3382,-121.8863,37.8044,-122.2711,343.3944301143104,0.828219508396247,Proximity:1.00 Rating:0.95 Fuel:0.88,11,5.5,4.768547839987649,87.69919032448473,3.5256952551988854,AUTO_DISPATCHED
2026-03-25T14:47:32.399277,ORD-9670,D014,Carlos Lee,V024,BIKE,37.7749,-122.4194,37.8044,-122.2711,208.75288835867582,0.8360435260020191,Proximity:1.00 Rating:0.99 Fuel:0.87,11,5.5,4.944414477323557,86.79535009833205,3.354086259073699,AUTO_DISPATCHED
2026-03-25T14:47:35.937588,ORD-7572,D064,David Zhang,V063,VAN,37.8044,-122.2711,37.7749,-122.4194,389.09397959999,0.95013383702523,Proximity:1.00 Rating:0.93 Fuel:0.81,11,5.5,4.6582715186036,81.4475264243163,0.6694650684310597,AUTO_DISPATCHED
2026-03-25T14:47:36.309558,ORD-4190,D022,Olivia Rossi,V002,TRUCK,37.8044,-122.2711,37.7749,-122.4194,412.54569666030517,0.9348789334057908,Proximity:1.00 Rating:0.99 Fuel:0.71,11,5.5,4.932889267858523,71.30293256326176,1.551282892275426,AUTO_DISPATCHED
2026-03-25T14:47:37.117518,ORD-4497,D007,Sophie Garcia,V026,SCOOTER,37.7749,-122.4194,37.8044,-122.2711,122.83080621272293,0.8686301686327295,Proximity:1.00 Rating:0.96 Fuel:0.87,11,5.5,4.782942449082069,86.60946631670248,0.20813830444855919,AUTO_DISPATCHED
2026-03-25T14:47:37.649295,ORD-7219,D027,Emma Lee,V012,VAN,37.7749,-122.4194,37.8044,-122.2711,247.21349336582543,0.9245690705228502,Proximity:1.00 Rating:0.88 Fuel:0.80,11,5.5,4.379547215931894,80.05411937148814,1.6555197737326166,AUTO_DISPATCHED
2026-03-25T14:47:41.543164,ORD-2362,D069,David Gonzalez,V047,DRONE,37.3382,-121.8863,37.5485,-121.9886,490.38968206648275,0.8792701154456097,Proximity:1.00 Rating:0.95 Fuel:0.97,11,5.5,4.7703054819569335,97.43564348256106,0.6156455245207408,AUTO_DISPATCHED
2026-03-25T14:47:42.993726,ORD-4345,D057,Emma Farooq,V007,SCOOTER,37.3382,-121.8863,37.7749,-122.4194,451.26377339875233,0.8429648195505226,Proximity:1.00 Rating:0.89 Fuel:0.86,11,5.5,4.44144089155161,85.86656011259595,1.0794125024348555,AUTO_DISPATCHED
2026-03-25T14:47:44.100149,ORD-1024,D031,Chris Farooq,V029,DRONE,37.7749,-122.4194,37.8044,-122.2711,160.65946038681182,0.8252978527590734,Proximity:1.00 Rating:0.95 Fuel:0.86,11,5.5,4.752425276323585,85.68040369270733,3.4655811066344717,AUTO_DISPATCHED
2026-03-25T14:47:44.193901,ORD-2485,D024,Ahmed Jones,V048,DRONE,37.3382,-121.8863,37.8044,-122.2711,121.0388816893004,0.8240481223771245,Proximity:1.00 Rating:0.87 Fuel:0.86,11,5.5,4.365663087309734,85.62134604335031,2.3208336144232176,AUTO_DISPATCHED
2026-03-25T14:47:45.547928,ORD-6173,D025,Olivia Brown,V028,TRUCK,37.8044,-122.2711,37.7749,-122.4194,167.1021157580383,0.9681206947134947,Proximity:1.00 Rating:0.97 Fuel:0.97,11,5.5,4.853483973938181,97.3521798582405,1.7637547225114498,AUTO_DISPATCHED
2026-03-25T14:47:46.536034,ORD-6944,D006,Priya Martin,V056,BIKE,37.7749,-122.4194,37.5485,-121.9886,312.8888814659034,0.8524028199698168,Proximity:1.00 Rating:0.98 Fuel:0.85,11,5.5,4.922218354849054,85.3433109921403,1.8000704569884522,AUTO_DISPATCHED
2026-03-25T14:47:51.120767,ORD-6602,D062,Lisa Anderson,V044,TRUCK,37.8044,-122.2711,37.5485,-121.9886,403.31403799226115,0.9689299763971194,Proximity:1.00 Rating:0.97 Fuel:0.99,11,5.5,4.852548922735444,99.09414801578056,1.905056202877538,AUTO_DISPATCHED
2026-03-25T14:47:51.229810,ORD-8030,D037,Omar Rossi,V049,VAN,37.8044,-122.2711,37.5485,-121.9886,200.69871056997601,0.9232282934975297,Proximity:1.00 Rating:0.92 Fuel:0.74,11,5.5,4.57883137840671,73.57588414371514,1.6231030283449175,AUTO_DISPATCHED
2026-03-25T14:47:52.147788,ORD-9061,D049,Robert Rodriguez,V043,SCOOTER,37.3382,-121.8863,37.8044,-122.2711,436.2567380103393,0.8641851185264142,Proximity:1.00 Rating:0.95 Fuel:0.94,11,5.5,4.737100718764635,94.05091930659422,1.3100231347250064,AUTO_DISPATCHED
2026-03-25T14:47:56.995901,ORD-6858,D052,Isabella Jones,V010,TRUCK,37.3382,-121.8863,37.7749,-122.4194,431.6234896211615,0.8976429157317474,Proximity:1.00 Rating:0.87 Fuel:0.66,11,5.5,4.365198744478376,65.85380242730365,2.0596590150674468,AUTO_DISPATCHED
2026-03-25T14:47:58.333898,ORD-3008,D018,Sophie Kim,V032,VAN,37.7749,-122.4194,37.5485,-121.9886,421.26599508439574,0.9178288252961355,Proximity:1.00 Rating:0.91 Fuel:0.63,11,5.5,4.531762948947621,63.07649906344823,0.644515300555327,AUTO_DISPATCHED
2026-03-25T14:47:58.866708,ORD-5438,D067,Sarah Miller,V065,DRONE,37.8044,-122.2711,37.7749,-122.4194,151.88479598377086,0.8494958103517214,Proximity:1.00 Rating:0.94 Fuel:0.89,11,5.5,4.713017799018655,89.40880842515605,1.851049139740705,AUTO_DISPATCHED
2026-03-25T14:47:59.938427,ORD-9082,D013,Fatima Martin,V042,DRONE,37.8044,-122.2711,37.5485,-121.9886,175.62481047167654,0.8407352886851843,Proximity:1.00 Rating:0.90 Fuel:0.89,11,5.5,4.483000314028064,89.23987324236862,1.7955626991592952,AUTO_DISPATCHED
2026-03-25T14:48:01.295101,ORD-1608,D012,Emily Smith,V004,TRUCK,37.8044,-122.2711,37.7749,-122.4194,339.8558790373216,0.9224279802891351,Proximity:1.00 Rating:0.96 Fuel:0.79,11,5.5,4.814296984842879,78.96693515794286,3.0875441473195515,AUTO_DISPATCHED
2026-03-25T14:48:05.075197,ORD-8536,D060,Michael Silva,V001,CAR,37.3382,-121.8863,37.7749,-122.4194,237.10516099392348,0.9315900547246456,Proximity:1.00 Rating:0.85 Fuel:0.94,11,5.5,4.262540258220738,94.16290905611582,2.4124735350685964,AUTO_DISPATCHED
2026-03-25T14:48:06.545117,ORD-8229,D020,Carlos Wilson,V063,VAN,37.7749,-122.4194,37.5485,-121.9886,155.24190893639403,0.9420911194787317,Proximity:1.00 Rating:0.89 Fuel:0.81,11,5.5,4.442497339936686,81.4475264243163,0.6224051004168092,AUTO_DISPATCHED
2026-03-25T14:48:07.524380,ORD-3645,D032,Lisa Park,V002,TRUCK,37.3382,-121.8863,37.8044,-122.2711,344.3375053121293,0.8953426187710134,Proximity:1.00 Rating:0.89 Fuel:0.71,11,5.5,4.473129044275832,71.30293256326176,3.242955347593004,AUTO_DISPATCHED
2026-03-25T14:48:10.651300,ORD-6202,D019,Lucas Johnson,V055,VAN,37.3382,-121.8863,37.8044,-122.2711,102.51307274755223,0.9794409587592827,Proximity:1.00 Rating:0.99 Fuel:0.95,11,5.5,4.97256770441756,95.269722485756,0.9893066516842901,AUTO_DISPATCHED
2026-03-25T14:48:11.574519,ORD-4744,D066,Nina Taylor,V066,CAR,37.3382,-121.8863,37.5485,-121.9886,179.59163444754003,0.8994452950792018,Proximity:1.00 Rating:0.90 Fuel:0.76,11,5.5,4.489089398533946,75.70321752621882,3.493848572118745,AUTO_DISPATCHED
2026-03-25T14:48:14.894946,ORD-5740,D064,David Zhang,V040,TRUCK,37.8044,-122.2711,37.7749,-122.4194,138.01580641949755,0.9343591604347808,Proximity:1.00 Rating:0.93 Fuel:0.71,11,5.5,4.6582715186036,70.93107536401676,0.6694650684310597,AUTO_DISPATCHED
2026-03-25T14:48:15.792579,ORD-5981,D023,Michael Khan,V033,CAR,37.7749,-122.4194,37.5485,-121.9886,475.9576642863204,0.9141344584067074,Proximity:1.00 Rating:0.95 Fuel:0.63,11,5.5,4.734936805978198,63.08727944152617,1.5915146395767934,AUTO_DISPATCHED
2026-03-25T14:48:16.230291,ORD-3381,D022,Olivia Rossi,V028,TRUCK,37.8044,-122.2711,37.7749,-122.4194,123.70645221951433,0.9739528043482588,Proximity:1.00 Rating:0.99 Fuel:0.97,11,5.5,4.932889267858523,97.3521798582405,1.551282892275426,AUTO_DISPATCHED
2026-03-25T14:48:16.699439,ORD-1150,D010,Jennifer Davis,V067,DRONE,37.7749,-122.4194,37.8044,-122.2711,449.8195090743003,0.8493064035524438,Proximity:1.00 Rating:0.85 Fuel:0.88,11,5.5,4.26215320320482,87.94462153352782,0.24773255008325146,AUTO_DISPATCHED
2026-03-25T14:48:21.768230,ORD-2476,D021,Jennifer Zhang,V013,CAR,37.3382,-121.8863,37.8044,-122.2711,332.9594201711805,0.9387396962828465,Proximity:1.00 Rating:0.92 Fuel:0.78,11,5.5,4.597673272294942,78.40830909895858,1.0223758605911222,AUTO_DISPATCHED
2026-03-25T14:48:22.548720,ORD-4137,D003,Robert Taylor,V024,BIKE,37.3382,-121.8863,37.8044,-122.2711,458.67599973093877,0.8439483700827876,Proximity:1.00 Rating:0.85 Fuel:0.87,11,5.5,4.253937941307941,86.79535009833205,0.5121738173622532,AUTO_DISPATCHED
2026-03-25T14:48:25.340847,ORD-5953,D069,David Gonzalez,V047,DRONE,37.3382,-121.8863,37.8044,-122.2711,346.412576373492,0.8792701154456097,Proximity:1.00 Rating:0.95 Fuel:0.97,11,5.5,4.7703054819569335,97.43564348256106,0.6156455245207408,AUTO_DISPATCHED
2026-03-25T14:48:26.057080,ORD-4406,D004,Alex Farooq,V026,SCOOTER,37.7749,-122.4194,37.5485,-121.9886,399.1463970383895,0.8427984913684965,Proximity:1.00 Rating:0.98 Fuel:0.87,11,5.5,4.901637884724497,86.60946631670248,2.6544978796429604,AUTO_DISPATCHED
2026-03-25T14:48:29.355006,ORD-1836,D014,Carlos Lee,V031,TRUCK,37.7749,-122.4194,37.8044,-122.2711,216.8974678530829,0.9260639716521871,Proximity:1.00 Rating:0.99 Fuel:0.80,11,5.5,4.944414477323557,80.14231386511068,3.354086259073699,AUTO_DISPATCHED
2026-03-25T14:48:30.209966,ORD-2771,D027,Emma Lee,V065,DRONE,37.7749,-122.4194,37.8044,-122.2711,379.18778613405436,0.8386011041033522,Proximity:1.00 Rating:0.88 Fuel:0.89,11,5.5,4.379547215931894,89.40880842515605,1.6555197737326166,AUTO_DISPATCHED
2026-03-25T14:48:30.787472,ORD-7863,D025,Olivia Brown,V029,DRONE,37.8044,-122.2711,37.7749,-122.4194,487.4656980532826,0.850613030465195,Proximity:1.00 Rating:0.97 Fuel:0.86,11,5.5,4.853483973938181,85.68040369270733,1.7637547225114498,AUTO_DISPATCHED
2026-03-25T14:48:32.330302,ORD-8350,D053,Sarah Khan,V057,VAN,37.3382,-121.8863,37.8044,-122.2711,458.4653564546286,0.9734527426974475,Proximity:1.00 Rating:0.97 Fuel:0.97,11,5.5,4.825845036741381,97.2098618166103,1.2316681197698371,AUTO_DISPATCHED
2026-03-25T14:48:33.152297,ORD-5179,D031,Chris Farooq,V004,TRUCK,37.7749,-122.4194,37.5485,-121.9886,179.71710271710185,0.9152276499569267,Proximity:1.00 Rating:0.95 Fuel:0.79,11,5.5,4.752425276323585,78.96693515794286,3.4655811066344717,AUTO_DISPATCHED
2026-03-25T14:48:33.840731,ORD-6727,D017,John Jones,V005,DRONE,37.3382,-121.8863,37.5485,-121.9886,219.42939038050713,0.4950246992198477,Proximity:0.00 Rating:0.98 Fuel:0.84,11,5.5,4.902855601616219,83.92401682430965,2.1580440065012416,AUTO_DISPATCHED
2026-03-25T14:48:34.307943,ORD-8568,D067,Sarah Miller,V038,BIKE,37.3382,-121.8863,37.7749,-122.4194,471.32723650867223,0.48982323892998,Proximity:0.00 Rating:0.94 Fuel:0.83,11,5.5,4.713017799018655,82.96042747732838,1.851049139740705,AUTO_DISPATCHED
2026-03-25T14:48:35.117610,ORD-7322,D065,John Tanaka,V008,DRONE,37.3382,-121.8863,37.5485,-121.9886,374.5665928600387,0.48483812112055347,Proximity:0.00 Rating:0.92 Fuel:0.83,11,5.5,4.594788445176034,82.80696760948848,1.8531094480576473,AUTO_DISPATCHED
2026-03-25T14:48:36.413159,ORD-8224,D012,Emily Smith,V045,SCOOTER,37.3382,-121.8863,37.8044,-122.2711,331.67164347729346,0.47270022271584355,Proximity:0.00 Rating:0.96 Fuel:0.79,11,5.5,4.814296984842879,79.14843010908187,3.0875441473195515,AUTO_DISPATCHED
2026-03-25T14:48:40.590205,ORD-7813,D044,Sophie Kim,V046,TRUCK,37.3382,-121.8863,37.8044,-122.2711,478.72466236725313,0.9728020687388523,Proximity:1.00 Rating:0.88 Fuel:0.98,11,5.5,4.410853600716193,98.45657465968748,0.10535498234613039,AUTO_DISPATCHED
2026-03-25T14:48:41.153780,ORD-5035,D070,Alex Martin,V069,TRUCK,37.7749,-122.4194,37.8044,-122.2711,284.43594786343857,0.9607393672429266,Proximity:1.00 Rating:0.92 Fuel:0.87,11,5.5,4.613176660131482,87.16098325061354,0.3623339230602398,AUTO_DISPATCHED
2026-03-25T14:48:42.900202,ORD-9442,D063,Wei Tanaka,V023,CAR,37.3382,-121.8863,37.7749,-122.4194,488.79059675629577,0.9533183784224957,Proximity:1.00 Rating:0.94 Fuel:0.86,11,5.5,4.7233047736129565,85.99938931651634,1.1690317197437614,AUTO_DISPATCHED
2026-03-25T14:48:45.323185,ORD-8026,D064,David Zhang,V040,TRUCK,37.8044,-122.2711,37.7749,-122.4194,112.74892596191405,0.9343591604347808,Proximity:1.00 Rating:0.93 Fuel:0.71,11,5.5,4.6582715186036,70.93107536401676,0.6694650684310597,AUTO_DISPATCHED
2026-03-25T14:48:46.634863,ORD-5485,D040,Sarah Wilson,V016,TRUCK,37.7749,-122.4194,37.8044,-122.2711,142.29297525740833,0.9240253491904854,Proximity:1.00 Rating:0.97 Fuel:0.69,11,5.5,4.842457317784014,68.50889696710931,1.7949031177231252,AUTO_DISPATCHED
2026-03-25T14:48:47.787098,ORD-8845,D010,Jennifer Davis,V028,TRUCK,37.7749,-122.4194,37.8044,-122.2711,273.262389051219,0.9634177410395128,Proximity:1.00 Rating:0.85 Fuel:0.97,11,5.5,4.26215320320482,97.3521798582405,0.24773255008325146,AUTO_DISPATCHED
2026-03-25T14:48:48.555030,ORD-1071,D022,Olivia Rossi,V068,SCOOTER,37.8044,-122.2711,37.5485,-121.9886,417.6514868954217,0.8744144876873319,Proximity:1.00 Rating:0.99 Fuel:0.98,11,5.5,4.932889267858523,97.65996875095593,1.551282892275426,AUTO_DISPATCHED
2026-03-25T14:48:49.287731,ORD-7838,D028,Daniel Kim,V059,SCOOTER,37.8044,-122.2711,37.7749,-122.4194,402.3673558091115,0.8711870118475411,Proximity:1.00 Rating:0.96 Fuel:0.98,11,5.5,4.8139742418068545,97.5207687027887,1.4122488703132752,AUTO_DISPATCHED
2026-03-25T14:48:52.252105,ORD-6217,D016,Maria Ivanova,V067,DRONE,37.7749,-122.4194,37.8044,-122.2711,349.8876009681036,0.8183259190445833,Proximity:1.00 Rating:0.86 Fuel:0.88,11,5.5,4.294640999953669,87.94462153352782,2.8301322603084085,AUTO_DISPATCHED
2026-03-25T14:48:52.979197,ORD-9046,D046,Wei Lopez,V041,SCOOTER,37.3382,-121.8863,37.8044,-122.2711,325.9644376859633,0.8315265246846222,Proximity:1.00 Rating:0.95 Fuel:0.79,11,5.5,4.770713481411641,78.81044053865483,2.2014140303860508,AUTO_DISPATCHED
2026-03-25T14:48:53.664682,ORD-8160,D043,Emily Taylor,V037,SCOOTER,37.7749,-122.4194,37.5485,-121.9886,184.93301217527608,0.788618851420998,Proximity:1.00 Rating:0.84 Fuel:0.76,11,5.5,4.202969129184623,75.7602130173863,3.451218661797308,AUTO_DISPATCHED
2026-03-25T14:48:54.071408,ORD-6664,D034,Daniel Ivanova,V036,DRONE,37.8044,-122.2711,37.5485,-121.9886,427.0235885715451,0.8152569788863497,Proximity:1.00 Rating:0.89 Fuel:0.75,11,5.5,4.445039979006866,75.06819491612015,2.0117530118484046,AUTO_DISPATCHED
2026-03-25T14:48:55.579364,ORD-2458,D011,James Zhang,V066,CAR,37.7749,-122.4194,37.5485,-121.9886,298.22142680196936,0.5638064058479814,Proximity:0.00 Rating:0.85 Fuel:0.76,11,5.5,4.255358240091631,75.70321752621882,1.5970200036009699,AUTO_DISPATCHED
2026-03-25T14:48:56.218130,ORD-9027,D015,John Martin,V015,VAN,37.3382,-121.8863,37.5485,-121.9886,330.43600912579325,0.9339449016197169,Proximity:1.00 Rating:0.93 Fuel:0.87,11,5.5,4.661732629638896,87.27526802967489,2.674984448828094,AUTO_DISPATCHED
2026-03-25T14:48:58.566915,ORD-2941,D066,Nina Taylor,V027,CAR,37.3382,-121.8863,37.7749,-122.4194,231.07534247917874,0.8974626524082454,Proximity:1.00 Rating:0.90 Fuel:0.74,11,5.5,4.489089398533946,74.38145574558126,3.493848572118745,AUTO_DISPATCHED
2026-03-25T14:48:59.129512,ORD-6561,D068,Priya Davis,V011,SCOOTER,37.8044,-122.2711,37.5485,-121.9886,161.43206187903925,0.8081932458080525,Proximity:1.00 Rating:0.88 Fuel:0.74,11,5.5,4.3912276992778,74.12705208953818,2.2917152237893386,AUTO_DISPATCHED
2026-03-25T14:49:00.267377,ORD-8765,D062,Lisa Anderson,V044,TRUCK,37.3382,-121.8863,37.8044,-122.2711,402.05020983783857,0.6189299763971193,Proximity:0.00 Rating:0.97 Fuel:0.99,11,5.5,4.852548922735444,99.09414801578056,1.905056202877538,AUTO_DISPATCHED
2026-03-25T14:49:00.825367,ORD-3769,D041,Emily Brown,V031,TRUCK,37.3382,-121.8863,37.7749,-122.4194,228.44285768973722,0.9255516988991639,Proximity:1.00 Rating:0.88 Fuel:0.80,11,5.5,4.398877929593388,80.14231386511068,1.6493511265790195,AUTO_DISPATCHED
2026-03-25T14:49:01.591413,ORD-2964,D025,Olivia Brown,V049,VAN,37.3382,-121.8863,37.5485,-121.9886,395.81511310996285,0.5824562511417068,Proximity:0.00 Rating:0.97 Fuel:0.74,11,5.5,4.853483973938181,73.57588414371514,1.7637547225114498,AUTO_DISPATCHED
2026-03-25T14:49:06.206617,ORD-2217,D037,Omar Rossi,V035,TRUCK,37.8044,-122.2711,37.7749,-122.4194,269.35421473586115,0.9096796523737164,Proximity:1.00 Rating:0.92 Fuel:0.65,11,5.5,4.57883137840671,64.5434567278397,1.6231030283449175,AUTO_DISPATCHED
2026-03-25T14:49:07.032280,ORD-4982,D061,Jennifer Wang,V065,DRONE,37.3382,-121.8863,37.7749,-122.4194,386.18319725716503,0.49643198778861203,Proximity:0.00 Rating:0.89 Fuel:0.89,11,5.5,4.432486877951163,89.40880842515605,1.1984559973734918,AUTO_DISPATCHED
2026-03-25T14:49:08.324537,ORD-5114,D014,Carlos Lee,V029,DRONE,37.7749,-122.4194,37.5485,-121.9886,363.8404365018323,0.834371106393582,Proximity:1.00 Rating:0.99 Fuel:0.86,11,5.5,4.944414477323557,85.68040369270733,3.354086259073699,AUTO_DISPATCHED
2026-03-25T14:49:10.728744,ORD-6922,D013,Fatima Martin,V061,CAR,37.8044,-122.2711,37.5485,-121.9886,301.8667320479875,0.9319512676767997,Proximity:1.00 Rating:0.90 Fuel:0.83,11,5.5,4.483000314028064,83.38385923677885,1.7955626991592952,AUTO_DISPATCHED
2026-03-25T14:49:17.618637,ORD-7867,D006,Priya Martin,V020,CAR,37.7749,-122.4194,37.8044,-122.2711,417.0860208787159,0.9517210102097304,Proximity:1.00 Rating:0.98 Fuel:0.85,11,5.5,4.922218354849054,84.8887711520826,1.8000704569884522,AUTO_DISPATCHED
2026-03-25T14:49:18.492313,ORD-8328,D064,David Zhang,V040,TRUCK,37.8044,-122.2711,37.7749,-122.4194,312.150574777069,0.9343591604347808,Proximity:1.00 Rating:0.93 Fuel:0.71,11,5.5,4.6582715186036,70.93107536401676,0.6694650684310597,AUTO_DISPATCHED
2026-03-25T14:49:19.210771,ORD-7478,D017,John Jones,V028,TRUCK,37.8044,-122.2711,37.7749,-122.4194,382.547901008175,0.965166943770744,Proximity:1.00 Rating:0.98 Fuel:0.97,11,5.5,4.902855601616219,97.3521798582405,2.1580440065012416,AUTO_DISPATCHED
2026-03-25T14:49:19.505199,ORD-5888,D036,Priya Davis,V016,TRUCK,37.7749,-122.4194,37.8044,-122.2711,138.8739024012213,0.9256040802496491,Proximity:1.00 Rating:0.96 Fuel:0.69,11,5.5,4.818690625059436,68.50889696710931,1.592551216271385,AUTO_DISPATCHED
2026-03-25T14:49:20.555457,ORD-9566,D040,Sarah Wilson,V003,TRUCK,37.7749,-122.4194,37.8044,-122.2711,224.2408781292612,0.9228964185920517,Proximity:1.00 Rating:0.97 Fuel:0.68,11,5.5,4.842457317784014,67.75627656815354,1.7949031177231252,AUTO_DISPATCHED
2026-03-25T14:49:21.723768,ORD-5069,D028,Daniel Kim,V059,SCOOTER,37.8044,-122.2711,37.7749,-122.4194,216.19640384737443,0.8711870118475411,Proximity:1.00 Rating:0.96 Fuel:0.98,11,5.5,4.8139742418068545,97.5207687027887,1.4122488703132752,AUTO_DISPATCHED
2026-03-25T14:49:26.015570,ORD-9384,D050,Wei Ali,V032,VAN,37.3382,-121.8863,37.5485,-121.9886,161.5057733549939,0.8967048269361281,Proximity:1.00 Rating:0.87 Fuel:0.63,11,5.5,4.373227792089459,63.07649906344823,1.8271226674098218,AUTO_DISPATCHED
2026-03-25T14:49:29.090637,ORD-8199,D018,Sophie Kim,V017,BIKE,37.7749,-122.4194,37.8044,-122.2711,350.2854384560171,0.8580764097739488,Proximity:1.00 Rating:0.91 Fuel:0.90,11,5.5,4.531762948947621,89.9082220486571,0.644515300555327,AUTO_DISPATCHED
2026-03-25T14:49:30.375462,ORD-4156,D065,John Tanaka,V052,VAN,37.8044,-122.2711,37.7749,-122.4194,116.457980069693,0.9088010544389793,Proximity:1.00 Rating:0.92 Fuel:0.65,11,5.5,4.594788445176034,65.44892315510563,1.8531094480576473,AUTO_DISPATCHED
2026-03-25T14:49:30.586137,ORD-5575,D010,Jennifer Davis,V042,DRONE,37.7749,-122.4194,37.5485,-121.9886,301.5999166226037,0.8512492811157051,Proximity:1.00 Rating:0.85 Fuel:0.89,11,5.5,4.26215320320482,89.23987324236862,0.24773255008325146,AUTO_DISPATCHED
2026-03-25T14:49:31.862262,ORD-8986,D059,Alex Ali,V058,BIKE,37.7749,-122.4194,37.8044,-122.2711,294.79221550671525,0.8379699439426129,Proximity:1.00 Rating:0.87 Fuel:0.88,11,5.5,4.328123679336022,87.69919032448473,1.336303097404398,AUTO_DISPATCHED
2026-03-25T14:49:37.153226,ORD-1537,D020,Carlos Wilson,V063,VAN,37.7749,-122.4194,37.5485,-121.9886,415.68731654657023,0.9420911194787317,Proximity:1.00 Rating:0.89 Fuel:0.81,11,5.5,4.442497339936686,81.4475264243163,0.6224051004168092,AUTO_DISPATCHED
2026-03-25T14:49:38.586976,ORD-7510,D037,Omar Rossi,V035,TRUCK,37.8044,-122.2711,37.5485,-121.9886,133.957217826096,0.9096796523737164,Proximity:1.00 Rating:0.92 Fuel:0.65,11,5.5,4.57883137840671,64.5434567278397,1.6231030283449175,AUTO_DISPATCHED
2026-03-25T14:49:40.710253,ORD-4755,D027,Emma Lee,V015,VAN,37.7749,-122.4194,37.5485,-121.9886,421.0013286117009,0.9354007935101305,Proximity:1.00 Rating:0.88 Fuel:0.87,11,5.5,4.379547215931894,87.27526802967489,1.6555197737326166,AUTO_DISPATCHED
2026-03-25T14:49:42.081819,ORD-6700,D049,Robert Rodriguez,V043,SCOOTER,37.3382,-121.8863,37.5485,-121.9886,211.16293892296562,0.8641851185264142,Proximity:1.00 Rating:0.95 Fuel:0.94,11,5.5,4.737100718764635,94.05091930659422,1.3100231347250064,AUTO_DISPATCHED
2026-03-25T14:49:43.984022,ORD-5216,D057,Emma Farooq,V033,CAR,37.3382,-121.8863,37.7749,-122.4194,340.02909724229903,0.908795898543918,Proximity:1.00 Rating:0.89 Fuel:0.63,11,5.5,4.44144089155161,63.08727944152617,1.0794125024348555,AUTO_DISPATCHED
2026-03-25T14:49:45.383989,ORD-5757,D047,Alex Tanaka,V049,VAN,37.8044,-122.2711,37.7749,-122.4194,467.06339566050235,0.944009028377689,Proximity:1.00 Rating:0.94 Fuel:0.74,11,5.5,4.704822979729561,73.57588414371514,0.3638173621652978,AUTO_DISPATCHED
2026-03-25T14:49:46.866210,ORD-7799,D045,Kevin Smith,V007,SCOOTER,37.3382,-121.8863,37.7749,-122.4194,184.85964393249014,0.8264301627585332,Proximity:1.00 Rating:0.86 Fuel:0.86,11,5.5,4.31371231352753,85.86656011259595,1.9934535961169515,AUTO_DISPATCHED
2026-03-25T14:49:50.676547,ORD-2726,D006,Priya Martin,V028,TRUCK,37.7749,-122.4194,37.8044,-122.2711,360.60021377809716,0.9704161232689672,Proximity:1.00 Rating:0.98 Fuel:0.97,11,5.5,4.922218354849054,97.3521798582405,1.8000704569884522,AUTO_DISPATCHED
2026-03-25T14:49:50.926833,ORD-7867,D038,Robert Lee,V020,CAR,37.3382,-121.8863,37.8044,-122.2711,437.94080427308756,0.9240038796376439,Proximity:1.00 Rating:0.95 Fuel:0.85,11,5.5,4.768547839987649,84.8887711520826,3.5256952551988854,AUTO_DISPATCHED
2026-03-25T14:49:51.753350,ORD-1546,D024,Ahmed Jones,V040,TRUCK,37.3382,-121.8863,37.5485,-121.9886,444.25184611999373,0.9020127163581242,Proximity:1.00 Rating:0.87 Fuel:0.71,11,5.5,4.365663087309734,70.93107536401676,2.3208336144232176,AUTO_DISPATCHED
2026-03-25T14:49:51.816896,ORD-2129,D064,David Zhang,V016,TRUCK,37.8044,-122.2711,37.7749,-122.4194,197.7749937631259,0.9307258928394196,Proximity:1.00 Rating:0.93 Fuel:0.69,11,5.5,4.6582715186036,68.50889696710931,0.6694650684310597,AUTO_DISPATCHED
2026-03-25T14:49:52.331097,ORD-6233,D036,Priya Davis,V003,TRUCK,37.7749,-122.4194,37.5485,-121.9886,187.4294903236489,0.9244751496512155,Proximity:1.00 Rating:0.96 Fuel:0.68,11,5.5,4.818690625059436,67.75627656815354,1.592551216271385,AUTO_DISPATCHED
2026-03-25T14:49:53.076273,ORD-2912,D008,Maria O'Brien,V059,SCOOTER,37.3382,-121.8863,37.8044,-122.2711,386.16512116385843,0.8385742342249767,Proximity:1.00 Rating:0.91 Fuel:0.98,11,5.5,4.567016819394776,97.5207687027887,3.2310073283997967,AUTO_DISPATCHED
2026-03-25T14:49:59.556489,ORD-4913,D022,Olivia Rossi,V055,VAN,37.8044,-122.2711,37.7749,-122.4194,155.30052012807857,0.9708291182895321,Proximity:1.00 Rating:0.99 Fuel:0.95,11,5.5,4.932889267858523,95.269722485756,1.551282892275426,AUTO_DISPATCHED
2026-03-25T14:50:01.005686,ORD-1666,D028,Daniel Kim,V004,TRUCK,37.8044,-122.2711,37.5485,-121.9886,167.64423766662833,0.9433562615302726,Proximity:1.00 Rating:0.96 Fuel:0.79,11,5.5,4.8139742418068545,78.96693515794286,1.4122488703132752,AUTO_DISPATCHED
2026-03-25T14:50:02.951143,ORD-4438,D019,Lucas Johnson,V002,TRUCK,37.3382,-121.8863,37.8044,-122.2711,460.15650247000195,0.9434907738755414,Proximity:1.00 Rating:0.99 Fuel:0.71,11,5.5,4.97256770441756,71.30293256326176,0.9893066516842901,AUTO_DISPATCHED
2026-03-25T14:50:07.928394,ORD-1298,D018,Sophie Kim,V001,CAR,37.7749,-122.4194,37.5485,-121.9886,277.40386120263724,0.9644584402851368,Proximity:1.00 Rating:0.91 Fuel:0.94,11,5.5,4.531762948947621,94.16290905611582,0.644515300555327,AUTO_DISPATCHED
2026-03-25T14:50:12.421103,ORD-3478,D021,Jennifer Zhang,V013,CAR,37.3382,-121.8863,37.8044,-122.2711,220.07250733479253,0.9387396962828465,Proximity:1.00 Rating:0.92 Fuel:0.78,11,5.5,4.597673272294942,78.40830909895858,1.0223758605911222,AUTO_DISPATCHED
2026-03-25T14:50:15.467160,ORD-6199,D069,David Gonzalez,V010,TRUCK,37.3382,-121.8863,37.5485,-121.9886,427.9863600358483,0.9318973538627237,Proximity:1.00 Rating:0.95 Fuel:0.66,11,5.5,4.7703054819569335,65.85380242730365,0.6156455245207408,AUTO_DISPATCHED
2026-03-25T14:50:16.840501,ORD-5778,D047,Alex Tanaka,V049,VAN,37.8044,-122.2711,37.7749,-122.4194,270.3378842172789,0.944009028377689,Proximity:1.00 Rating:0.94 Fuel:0.74,11,5.5,4.704822979729561,73.57588414371514,0.3638173621652978,AUTO_DISPATCHED
2026-03-25T14:50:18.226603,ORD-3974,D065,John Tanaka,V052,VAN,37.8044,-122.2711,37.7749,-122.4194,425.3276632421041,0.9088010544389793,Proximity:1.00 Rating:0.92 Fuel:0.65,11,5.5,4.594788445176034,65.44892315510563,1.8531094480576473,AUTO_DISPATCHED
2026-03-25T14:50:20.370852,ORD-6948,D013,Fatima Martin,V057,VAN,37.8044,-122.2711,37.5485,-121.9886,339.91256274599004,0.9526902715465467,Proximity:1.00 Rating:0.90 Fuel:0.97,11,5.5,4.483000314028064,97.2098618166103,1.7955626991592952,AUTO_DISPATCHED
2026-03-25T14:50:23.440287,ORD-8317,D053,Sarah Khan,V028,TRUCK,37.3382,-121.8863,37.7749,-122.4194,314.79043642735127,0.9736662197598929,Proximity:1.00 Rating:0.97 Fuel:0.97,11,5.5,4.825845036741381,97.3521798582405,1.2316681197698371,AUTO_DISPATCHED
2026-03-25T14:50:24.560951,ORD-1455,D003,Robert Taylor,V061,CAR,37.3382,-121.8863,37.5485,-121.9886,256.60810065159404,0.9388311337904578,Proximity:1.00 Rating:0.85 Fuel:0.83,11,5.5,4.253937941307941,83.38385923677885,0.5121738173622532,AUTO_DISPATCHED
2026-03-25T14:50:24.763867,ORD-1025,D007,Sophie Garcia,V066,CAR,37.7749,-122.4194,37.8044,-122.2711,184.87046978956568,0.952270795447004,Proximity:1.00 Rating:0.96 Fuel:0.76,11,5.5,4.782942449082069,75.70321752621882,0.20813830444855919,AUTO_DISPATCHED
2026-03-25T14:50:28.642060,ORD-3762,D006,Priya Martin,V046,TRUCK,37.7749,-122.4194,37.5485,-121.9886,486.1206125067316,0.9720727154711377,Proximity:1.00 Rating:0.98 Fuel:0.98,11,5.5,4.922218354849054,98.45657465968748,1.8000704569884522,AUTO_DISPATCHED
2026-03-25T14:50:30.141554,ORD-1191,D064,David Zhang,V016,TRUCK,37.8044,-122.2711,37.5485,-121.9886,444.1703440905747,0.9307258928394196,Proximity:1.00 Rating:0.93 Fuel:0.69,11,5.5,4.6582715186036,68.50889696710931,0.6694650684310597,AUTO_DISPATCHED
2026-03-25T14:50:31.618912,ORD-7178,D022,Olivia Rossi,V055,VAN,37.8044,-122.2711,37.5485,-121.9886,454.5202290649443,0.9708291182895321,Proximity:1.00 Rating:0.99 Fuel:0.95,11,5.5,4.932889267858523,95.269722485756,1.551282892275426,AUTO_DISPATCHED
2026-03-25T14:50:32.941679,ORD-5974,D044,Sophie Kim,V032,VAN,37.3382,-121.8863,37.7749,-122.4194,408.31391475907327,0.9197319553444936,Proximity:1.00 Rating:0.88 Fuel:0.63,11,5.5,4.410853600716193,63.07649906344823,0.10535498234613039,AUTO_DISPATCHED
2026-03-25T14:50:34.208200,ORD-1789,D040,Sarah Wilson,V068,SCOOTER,37.7749,-122.4194,37.5485,-121.9886,413.97293304627857,0.8677519568662553,Proximity:1.00 Rating:0.97 Fuel:0.98,11,5.5,4.842457317784014,97.65996875095593,1.7949031177231252,AUTO_DISPATCHED
2026-03-25T14:50:35.051153,ORD-6831,D067,Sarah Miller,V040,TRUCK,37.8044,-122.2711,37.5485,-121.9886,269.3029290584233,0.9217792107600123,Proximity:1.00 Rating:0.94 Fuel:0.71,11,5.5,4.713017799018655,70.93107536401676,1.851049139740705,AUTO_DISPATCHED
2026-03-25T14:50:36.373967,ORD-8796,D049,Robert Rodriguez,V047,DRONE,37.3382,-121.8863,37.7749,-122.4194,458.41739223007374,0.8692622047903644,Proximity:1.00 Rating:0.95 Fuel:0.97,11,5.5,4.737100718764635,97.43564348256106,1.3100231347250064,AUTO_DISPATCHED
2026-03-25T14:50:37.029339,ORD-9233,D023,Michael Khan,V043,SCOOTER,37.7749,-122.4194,37.8044,-122.2711,242.50634276179505,0.8605799182043093,Proximity:1.00 Rating:0.95 Fuel:0.94,11,5.5,4.734936805978198,94.05091930659422,1.5915146395767934,AUTO_DISPATCHED
2026-03-25T14:50:40.360031,ORD-9007,D050,Wei Ali,V017,BIKE,37.3382,-121.8863,37.8044,-122.2711,260.93308250538536,0.8369524114139413,Proximity:1.00 Rating:0.87 Fuel:0.90,11,5.5,4.373227792089459,89.9082220486571,1.8271226674098218,AUTO_DISPATCHED
2026-03-25T14:50:45.189359,ORD-3624,D004,Alex Farooq,V023,CAR,37.7749,-122.4194,37.8044,-122.2711,481.0452944006517,0.9418833758682172,Proximity:1.00 Rating:0.98 Fuel:0.86,11,5.5,4.901637884724497,85.99938931651634,2.6544978796429604,AUTO_DISPATCHED
2026-03-25T14:50:48.616672,ORD-7732,D063,Wei Tanaka,V044,TRUCK,37.3382,-121.8863,37.8044,-122.2711,418.0809702103391,0.9729605164713921,Proximity:1.00 Rating:0.94 Fuel:0.99,11,5.5,4.7233047736129565,99.09414801578056,1.1690317197437614,AUTO_DISPATCHED
2026-03-25T14:50:49.483922,ORD-9234,D052,Isabella Jones,V049,VAN,37.3382,-121.8863,37.5485,-121.9886,312.6409863073531,0.9092260383063646,Proximity:1.00 Rating:0.87 Fuel:0.74,11,5.5,4.365198744478376,73.57588414371514,2.0596590150674468,AUTO_DISPATCHED
2026-03-25T14:50:50.182227,ORD-6580,D059,Alex Ali,V052,VAN,37.7749,-122.4194,37.8044,-122.2711,485.99361662775067,0.9045945431885444,Proximity:1.00 Rating:0.87 Fuel:0.65,11,5.5,4.328123679336022,65.44892315510563,1.336303097404398,AUTO_DISPATCHED
2026-03-25T14:50:51.608570,ORD-8096,D014,Carlos Lee,V035,TRUCK,37.7749,-122.4194,37.8044,-122.2711,449.0438456845577,0.9026656859462806,Proximity:1.00 Rating:0.99 Fuel:0.65,11,5.5,4.944414477323557,64.5434567278397,3.354086259073699,AUTO_DISPATCHED
2026-03-25T14:50:53.080673,ORD-7083,D031,Chris Farooq,V058,BIKE,37.7749,-122.4194,37.5485,-121.9886,189.37858614200445,0.8283260327067395,Proximity:1.00 Rating:0.95 Fuel:0.88,11,5.5,4.752425276323585,87.69919032448473,3.4655811066344717,AUTO_DISPATCHED
2026-03-25T14:50:54.247904,ORD-7535,D042,Lucas Lopez,V024,BIKE,37.3382,-121.8863,37.7749,-122.4194,131.37531145643976,0.8277088956249191,Proximity:1.00 Rating:0.96 Fuel:0.87,11,5.5,4.793510740355556,86.79535009833205,3.5379647309440925,AUTO_DISPATCHED
2026-03-25T14:50:55.539679,ORD-2260,D007,Sophie Garcia,V066,CAR,37.7749,-122.4194,37.5485,-121.9886,146.5713884899373,0.952270795447004,Proximity:1.00 Rating:0.96 Fuel:0.76,11,5.5,4.782942449082069,75.70321752621882,0.20813830444855919,AUTO_DISPATCHED
2026-03-25T14:50:56.167117,ORD-6534,D047,Alex Tanaka,V026,SCOOTER,37.8044,-122.2711,37.5485,-121.9886,177.25496218482567,0.8635594016371699,Proximity:1.00 Rating:0.94 Fuel:0.87,11,5.5,4.704822979729561,86.60946631670248,0.3638173621652978,AUTO_DISPATCHED
2026-03-25T14:51:00.583735,ORD-7324,D035,Maria Martin,V027,CAR,37.8044,-122.2711,37.5485,-121.9886,451.2984414689627,0.9386893205008421,Proximity:1.00 Rating:0.92 Fuel:0.74,11,5.5,4.606542045854612,74.38145574558126,0.5715635961371381,AUTO_DISPATCHED
2026-03-25T14:51:00.849761,ORD-6386,D025,Olivia Brown,V042,DRONE,37.8044,-122.2711,37.5485,-121.9886,154.81955988488602,0.855952234789687,Proximity:1.00 Rating:0.97 Fuel:0.89,11,5.5,4.853483973938181,89.23987324236862,1.7637547225114498,AUTO_DISPATCHED
2026-03-25T14:51:01.811893,ORD-7554,D041,Emily Brown,V031,TRUCK,37.3382,-121.8863,37.7749,-122.4194,263.4451445510222,0.9255516988991639,Proximity:1.00 Rating:0.88 Fuel:0.80,11,5.5,4.398877929593388,80.14231386511068,1.6493511265790195,AUTO_DISPATCHED
2026-03-25T14:51:01.827219,ORD-4006,D010,Jennifer Davis,V029,DRONE,37.7749,-122.4194,37.8044,-122.2711,174.88401251587504,0.8459100767912131,Proximity:1.00 Rating:0.85 Fuel:0.86,11,5.5,4.26215320320482,85.68040369270733,0.24773255008325146,AUTO_DISPATCHED
2026-03-25T14:51:02.841172,ORD-1565,D062,Lisa Anderson,V048,DRONE,37.8044,-122.2711,37.5485,-121.9886,423.4400831781153,0.848720773438474,Proximity:1.00 Rating:0.97 Fuel:0.86,11,5.5,4.852548922735444,85.62134604335031,1.905056202877538,AUTO_DISPATCHED
2026-03-25T14:51:07.809696,ORD-1237,D037,Omar Rossi,V015,VAN,37.8044,-122.2711,37.7749,-122.4194,338.2985568685742,0.9437773693264692,Proximity:1.00 Rating:0.92 Fuel:0.87,11,5.5,4.57883137840671,87.27526802967489,1.6231030283449175,AUTO_DISPATCHED
2026-03-25T14:51:09.777805,ORD-1512,D065,John Tanaka,V061,CAR,37.8044,-122.2711,37.7749,-122.4194,322.9421459790269,0.935703458561489,Proximity:1.00 Rating:0.92 Fuel:0.83,11,5.5,4.594788445176034,83.38385923677885,1.8531094480576473,AUTO_DISPATCHED
2026-03-25T14:51:11.116514,ORD-6952,D003,Robert Taylor,V063,VAN,37.3382,-121.8863,37.5485,-121.9886,343.4682246625422,0.9359266345717638,Proximity:1.00 Rating:0.85 Fuel:0.81,11,5.5,4.253937941307941,81.4475264243163,0.5121738173622532,AUTO_DISPATCHED
2026-03-25T14:51:11.919786,ORD-9332,D060,Michael Silva,V004,TRUCK,37.3382,-121.8863,37.8044,-122.2711,271.8784225139884,0.9087960938773862,Proximity:1.00 Rating:0.85 Fuel:0.79,11,5.5,4.262540258220738,78.96693515794286,2.4124735350685964,AUTO_DISPATCHED
2026-03-25T14:51:15.925615,ORD-1308,D020,Carlos Wilson,V023,CAR,37.7749,-122.4194,37.8044,-122.2711,396.82939843313625,0.9489189138170319,Proximity:1.00 Rating:0.89 Fuel:0.86,11,5.5,4.442497339936686,85.99938931651634,0.6224051004168092,AUTO_DISPATCHED
2026-03-25T14:51:16.331898,ORD-5063,D032,Lisa Park,V043,SCOOTER,37.3382,-121.8863,37.8044,-122.2711,393.5634548226639,0.8294645988860121,Proximity:1.00 Rating:0.89 Fuel:0.94,11,5.5,4.473129044275832,94.05091930659422,3.242955347593004,AUTO_DISPATCHED
2026-03-25T14:51:16.628140,ORD-5483,D023,Michael Khan,V065,DRONE,37.7749,-122.4194,37.8044,-122.2711,387.1308436697288,0.853616751882152,Proximity:1.00 Rating:0.95 Fuel:0.89,11,5.5,4.734936805978198,89.40880842515605,1.5915146395767934,AUTO_DISPATCHED
2026-03-25T14:51:24.970908,ORD-3891,D039,James Khan,V003,TRUCK,37.3382,-121.8863,37.8044,-122.2711,365.241870474244,0.9409770995704748,Proximity:1.00 Rating:0.98 Fuel:0.68,11,5.5,4.879087325347912,67.75627656815354,0.4656646636537558,AUTO_DISPATCHED
2026-03-25T14:51:25.158792,ORD-3181,D070,Alex Martin,V052,VAN,37.7749,-122.4194,37.8044,-122.2711,489.24674551999453,0.9281712770996647,Proximity:1.00 Rating:0.92 Fuel:0.65,11,5.5,4.613176660131482,65.44892315510563,0.3623339230602398,AUTO_DISPATCHED
2026-03-25T14:51:26.425150,ORD-4277,D034,Daniel Ivanova,V035,TRUCK,37.8044,-122.2711,37.7749,-122.4194,223.6606156279544,0.8994698716039291,Proximity:1.00 Rating:0.89 Fuel:0.65,11,5.5,4.445039979006866,64.5434567278397,2.0117530118484046,AUTO_DISPATCHED
2026-03-25T14:51:34.446762,ORD-7836,D015,John Martin,V062,CAR,37.3382,-121.8863,37.7749,-122.4194,434.15860963772286,0.9263824205464773,Proximity:1.00 Rating:0.93 Fuel:0.82,11,5.5,4.661732629638896,82.23361398084853,2.674984448828094,AUTO_DISPATCHED
2026-03-25T14:51:35.978560,ORD-2337,D018,Sophie Kim,V001,CAR,37.7749,-122.4194,37.8044,-122.2711,488.6543003706023,0.9644584402851368,Proximity:1.00 Rating:0.91 Fuel:0.94,11,5.5,4.531762948947621,94.16290905611582,0.644515300555327,AUTO_DISPATCHED
2026-03-25T14:51:42.733726,ORD-8984,D001,Carlos Silva,V055,VAN,37.3382,-121.8863,37.8044,-122.2711,419.2752268294448,0.9434841677172405,Proximity:1.00 Rating:0.95 Fuel:0.95,11,5.5,4.765825671525603,95.269722485756,3.2042754297934124,AUTO_DISPATCHED
2026-03-25T14:51:43.557145,ORD-8635,D052,Isabella Jones,V015,VAN,37.3382,-121.8863,37.5485,-121.9886,277.31704984551163,0.9297751141353043,Proximity:1.00 Rating:0.87 Fuel:0.87,11,5.5,4.365198744478376,87.27526802967489,2.0596590150674468,AUTO_DISPATCHED
2026-03-25T14:51:44.102244,ORD-7904,D064,David Zhang,V020,CAR,37.8044,-122.2711,37.5485,-121.9886,214.49842478277907,0.9552957041168796,Proximity:1.00 Rating:0.93 Fuel:0.85,11,5.5,4.6582715186036,84.8887711520826,0.6694650684310597,AUTO_DISPATCHED
2026-03-25T14:51:47.592025,ORD-3664,D057,Emma Farooq,V023,CAR,37.3382,-121.8863,37.8044,-122.2711,435.7237000253744,0.9431640633564031,Proximity:1.00 Rating:0.89 Fuel:0.86,11,5.5,4.44144089155161,85.99938931651634,1.0794125024348555,AUTO_DISPATCHED
2026-03-25T14:51:48.790748,ORD-7078,D045,Kevin Smith,V061,CAR,37.3382,-121.8863,37.8044,-122.2711,290.51003656983875,0.9227061114448076,Proximity:1.00 Rating:0.86 Fuel:0.83,11,5.5,4.31371231352753,83.38385923677885,1.9934535961169515,AUTO_DISPATCHED
2026-03-25T14:51:48.902087,ORD-5248,D022,Olivia Rossi,V049,VAN,37.8044,-122.2711,37.5485,-121.9886,108.00339416836486,0.9382883607764709,Proximity:1.00 Rating:0.99 Fuel:0.74,11,5.5,4.932889267858523,73.57588414371514,1.551282892275426,AUTO_DISPATCHED
2026-03-25T14:51:49.917462,ORD-8653,D020,Carlos Wilson,V040,TRUCK,37.7749,-122.4194,37.5485,-121.9886,281.1513156661145,0.9263164428882825,Proximity:1.00 Rating:0.89 Fuel:0.71,11,5.5,4.442497339936686,70.93107536401676,0.6224051004168092,AUTO_DISPATCHED
2026-03-25T14:51:57.033608,ORD-4293,D019,Lucas Johnson,V046,TRUCK,37.3382,-121.8863,37.8044,-122.2711,182.79047880366966,0.9842212370201799,Proximity:1.00 Rating:0.99 Fuel:0.98,11,5.5,4.97256770441756,98.45657465968748,0.9893066516842901,AUTO_DISPATCHED
2026-03-25T14:51:58.502757,ORD-3927,D067,Sarah Miller,V063,VAN,37.8044,-122.2711,37.5485,-121.9886,240.2767365747744,0.9375538873504617,Proximity:1.00 Rating:0.94 Fuel:0.81,11,5.5,4.713017799018655,81.4475264243163,1.851049139740705,AUTO_DISPATCHED
2026-03-25T14:52:04.658407,ORD-8699,D017,John Jones,V013,CAR,37.8044,-122.2711,37.7749,-122.4194,429.93121786970806,0.9367511376318212,Proximity:1.00 Rating:0.98 Fuel:0.78,11,5.5,4.902855601616219,78.40830909895858,2.1580440065012416,AUTO_DISPATCHED
2026-03-25T14:52:05.386411,ORD-3987,D021,Jennifer Zhang,V002,TRUCK,37.3382,-121.8863,37.8044,-122.2711,287.70947667318677,0.9280816314793012,Proximity:1.00 Rating:0.92 Fuel:0.71,11,5.5,4.597673272294942,71.30293256326176,1.0223758605911222,AUTO_DISPATCHED
2026-03-25T14:52:06.867764,ORD-4991,D047,Alex Tanaka,V001,CAR,37.8044,-122.2711,37.5485,-121.9886,341.2062512917371,0.9748895657462899,Proximity:1.00 Rating:0.94 Fuel:0.94,11,5.5,4.704822979729561,94.16290905611582,0.3638173621652978,AUTO_DISPATCHED
2026-03-25T14:52:10.561615,ORD-2652,D018,Sophie Kim,V027,CAR,37.7749,-122.4194,37.5485,-121.9886,260.1180570411809,0.9347862603193351,Proximity:1.00 Rating:0.91 Fuel:0.74,11,5.5,4.531762948947621,74.38145574558126,0.644515300555327,AUTO_DISPATCHED
2026-03-25T14:52:11.281670,ORD-9327,D003,Robert Taylor,V016,TRUCK,37.3382,-121.8863,37.8044,-122.2711,267.8097811283494,0.9165186903859535,Proximity:1.00 Rating:0.85 Fuel:0.69,11,5.5,4.253937941307941,68.50889696710931,0.5121738173622532,AUTO_DISPATCHED
2026-03-25T14:52:13.529002,ORD-9041,D038,Robert Lee,V052,VAN,37.3382,-121.8863,37.8044,-122.2711,106.31156661344096,0.8948441076421784,Proximity:1.00 Rating:0.95 Fuel:0.65,11,5.5,4.768547839987649,65.44892315510563,3.5256952551988854,AUTO_DISPATCHED
2026-03-25T14:52:18.809659,ORD-4002,D035,Maria Martin,V035,TRUCK,37.8044,-122.2711,37.7749,-122.4194,421.2263198440061,0.9239323219742298,Proximity:1.00 Rating:0.92 Fuel:0.65,11,5.5,4.606542045854612,64.5434567278397,0.5715635961371381,AUTO_DISPATCHED
2026-03-25T14:52:20.059207,ORD-8320,D025,Olivia Brown,V033,CAR,37.8044,-122.2711,37.5485,-121.9886,219.49084512306567,0.9167233440884234,Proximity:1.00 Rating:0.97 Fuel:0.63,11,5.5,4.853483973938181,63.08727944152617,1.7637547225114498,AUTO_DISPATCHED
2026-03-25T14:52:22.163539,ORD-6109,D062,Lisa Anderson,V068,SCOOTER,37.8044,-122.2711,37.5485,-121.9886,378.26700643956354,0.8667787074998824,Proximity:1.00 Rating:0.97 Fuel:0.98,11,5.5,4.852548922735444,97.65996875095593,1.905056202877538,AUTO_DISPATCHED
2026-03-25T14:52:29.048685,ORD-1285,D065,John Tanaka,V039,CAR,37.8044,-122.2711,37.5485,-121.9886,338.39739448271257,0.9546375295716392,Proximity:1.00 Rating:0.92 Fuel:0.96,11,5.5,4.594788445176034,96.00657324354556,1.8531094480576473,AUTO_DISPATCHED
2026-03-25T14:52:31.715189,ORD-6298,D037,Omar Rossi,V015,VAN,37.8044,-122.2711,37.7749,-122.4194,426.80215554912326,0.9437773693264692,Proximity:1.00 Rating:0.92 Fuel:0.87,11,5.5,4.57883137840671,87.27526802967489,1.6231030283449175,AUTO_DISPATCHED
2026-03-25T14:52:32.844196,ORD-4896,D070,Alex Martin,V066,CAR,37.7749,-122.4194,37.8044,-122.2711,406.11924036916804,0.9435527186563345,Proximity:1.00 Rating:0.92 Fuel:0.76,11,5.5,4.613176660131482,75.70321752621882,0.3623339230602398,AUTO_DISPATCHED
2026-03-25T14:52:36.352402,ORD-2880,D044,Sophie Kim,V044,TRUCK,37.3382,-121.8863,37.8044,-122.2711,418.0654554505875,0.9737584287729919,Proximity:1.00 Rating:0.88 Fuel:0.99,11,5.5,4.410853600716193,99.09414801578056,0.10535498234613039,AUTO_DISPATCHED
2026-03-25T14:52:36.881717,ORD-9722,D017,John Jones,V013,CAR,37.8044,-122.2711,37.7749,-122.4194,364.10894525578175,0.9367511376318212,Proximity:1.00 Rating:0.98 Fuel:0.78,11,5.5,4.902855601616219,78.40830909895858,2.1580440065012416,AUTO_DISPATCHED
2026-03-25T14:52:37.397638,ORD-9392,D063,Wei Tanaka,V032,VAN,37.3382,-121.8863,37.8044,-122.2711,219.5138432439737,0.9189340430428936,Proximity:1.00 Rating:0.94 Fuel:0.63,11,5.5,4.7233047736129565,63.07649906344823,1.1690317197437614,AUTO_DISPATCHED
2026-03-25T14:52:37.493249,ORD-4315,D049,Robert Rodriguez,V059,SCOOTER,37.3382,-121.8863,37.8044,-122.2711,465.3749400977558,0.869389892620706,Proximity:1.00 Rating:0.95 Fuel:0.98,11,5.5,4.737100718764635,97.5207687027887,1.3100231347250064,AUTO_DISPATCHED
2026-03-25T14:52:38.758615,ORD-3951,D036,Priya Davis,V047,DRONE,37.7749,-122.4194,37.5485,-121.9886,177.99359738430857,0.8689942000228268,Proximity:1.00 Rating:0.96 Fuel:0.97,11,5.5,4.818690625059436,97.43564348256106,1.592551216271385,AUTO_DISPATCHED
2026-03-25T14:52:41.888364,ORD-6191,D052,Isabella Jones,V017,BIKE,37.3382,-121.8863,37.5485,-121.9886,327.96131648107325,0.8337245451637776,Proximity:1.00 Rating:0.87 Fuel:0.90,11,5.5,4.365198744478376,89.9082220486571,2.0596590150674468,AUTO_DISPATCHED
2026-03-25T14:52:45.746239,ORD-4031,D008,Maria O'Brien,V065,DRONE,37.3382,-121.8863,37.8044,-122.2711,279.49243833554146,0.8264062938085277,Proximity:1.00 Rating:0.91 Fuel:0.89,11,5.5,4.567016819394776,89.40880842515605,3.2310073283997967,AUTO_DISPATCHED
2026-03-25T14:52:46.590671,ORD-1745,D040,Sarah Wilson,V042,DRONE,37.7749,-122.4194,37.5485,-121.9886,201.84228563049658,0.8551218136033744,Proximity:1.00 Rating:0.97 Fuel:0.89,11,5.5,4.842457317784014,89.23987324236862,1.7949031177231252,AUTO_DISPATCHED
2026-03-25T14:52:47.552978,ORD-7287,D023,Michael Khan,V058,BIKE,37.3382,-121.8863,37.7749,-122.4194,189.13553978241953,0.5010523247311451,Proximity:0.00 Rating:0.95 Fuel:0.88,11,5.5,4.734936805978198,87.69919032448473,1.5915146395767934,AUTO_DISPATCHED
2026-03-25T14:52:53.494903,ORD-5551,D064,David Zhang,V020,CAR,37.8044,-122.2711,37.5485,-121.9886,372.8602528717783,0.9552957041168796,Proximity:1.00 Rating:0.93 Fuel:0.85,11,5.5,4.6582715186036,84.8887711520826,0.6694650684310597,AUTO_DISPATCHED
2026-03-25T14:52:54.986190,ORD-4510,D035,Maria Martin,V035,TRUCK,37.8044,-122.2711,37.5485,-121.9886,311.78206547633965,0.9239323219742298,Proximity:1.00 Rating:0.92 Fuel:0.65,11,5.5,4.606542045854612,64.5434567278397,0.5715635961371381,AUTO_DISPATCHED
2026-03-25T14:52:55.332648,ORD-2691,D042,Lucas Lopez,V024,BIKE,37.3382,-121.8863,37.8044,-122.2711,306.673403227387,0.8277088956249191,Proximity:1.00 Rating:0.96 Fuel:0.87,11,5.5,4.793510740355556,86.79535009833205,3.5379647309440925,AUTO_DISPATCHED
2026-03-25T14:52:56.001666,ORD-3831,D010,Jennifer Davis,V026,SCOOTER,37.3382,-121.8863,37.8044,-122.2711,416.5576502668694,0.4973036707272059,Proximity:0.00 Rating:0.85 Fuel:0.87,11,5.5,4.26215320320482,86.60946631670248,0.24773255008325146,AUTO_DISPATCHED
2026-03-25T14:53:00.253050,ORD-4697,D061,Jennifer Wang,V004,TRUCK,37.7749,-122.4194,37.5485,-121.9886,360.0583615166208,0.9307691778877922,Proximity:1.00 Rating:0.89 Fuel:0.79,11,5.5,4.432486877951163,78.96693515794286,1.1984559973734918,AUTO_DISPATCHED
2026-03-25T14:53:00.966938,ORD-7271,D022,Olivia Rossi,V049,VAN,37.8044,-122.2711,37.7749,-122.4194,428.8693068907348,0.9382883607764709,Proximity:1.00 Rating:0.99 Fuel:0.74,11,5.5,4.932889267858523,73.57588414371514,1.551282892275426,AUTO_DISPATCHED
2026-03-25T14:53:01.610205,ORD-9756,D024,Ahmed Jones,V007,SCOOTER,37.3382,-121.8863,37.7749,-122.4194,488.50873303245345,0.824415943480993,Proximity:1.00 Rating:0.87 Fuel:0.86,11,5.5,4.365663087309734,85.86656011259595,2.3208336144232176,AUTO_DISPATCHED
2026-03-25T14:53:01.639749,ORD-7738,D060,Michael Silva,V029,DRONE,37.3382,-121.8863,37.5485,-121.9886,110.79255726631962,0.8188662966795329,Proximity:1.00 Rating:0.85 Fuel:0.86,11,5.5,4.262540258220738,85.68040369270733,2.4124735350685964,AUTO_DISPATCHED
2026-03-25T14:53:02.557947,ORD-2077,D059,Alex Ali,V015,VAN,37.7749,-122.4194,37.5485,-121.9886,451.0101533180667,0.9373340605003982,Proximity:1.00 Rating:0.87 Fuel:0.87,11,5.5,4.328123679336022,87.27526802967489,1.336303097404398,AUTO_DISPATCHED
2026-03-25T14:53:09.952943,ORD-6499,D006,Priya Martin,V063,VAN,37.7749,-122.4194,37.5485,-121.9886,422.5658442111153,0.9465591431180809,Proximity:1.00 Rating:0.98 Fuel:0.81,11,5.5,4.922218354849054,81.4475264243163,1.8000704569884522,AUTO_DISPATCHED
2026-03-25T14:53:11.246247,ORD-4299,D017,John Jones,V013,CAR,37.8044,-122.2711,37.7749,-122.4194,171.54128043443148,0.9367511376318212,Proximity:1.00 Rating:0.98 Fuel:0.78,11,5.5,4.902855601616219,78.40830909895858,2.1580440065012416,AUTO_DISPATCHED
2026-03-25T14:53:11.432145,ORD-4919,D067,Sarah Miller,V066,CAR,37.8044,-122.2711,37.7749,-122.4194,276.37220817379307,0.9289374240033156,Proximity:1.00 Rating:0.94 Fuel:0.76,11,5.5,4.713017799018655,75.70321752621882,1.851049139740705,AUTO_DISPATCHED
2026-03-25T14:53:11.789320,ORD-3490,D032,Lisa Park,V043,SCOOTER,37.3382,-121.8863,37.5485,-121.9886,350.30806994154625,0.8294645988860121,Proximity:1.00 Rating:0.89 Fuel:0.94,11,5.5,4.473129044275832,94.05091930659422,3.242955347593004,AUTO_DISPATCHED
2026-03-25T14:53:12.398683,ORD-9138,D039,James Khan,V003,TRUCK,37.3382,-121.8863,37.5485,-121.9886,335.15712423397264,0.9409770995704748,Proximity:1.00 Rating:0.98 Fuel:0.68,11,5.5,4.879087325347912,67.75627656815354,0.4656646636537558,AUTO_DISPATCHED
2026-03-25T14:53:12.664813,ORD-8832,D014,Carlos Lee,V067,DRONE,37.7749,-122.4194,37.5485,-121.9886,112.56100532489795,0.8377674331548128,Proximity:1.00 Rating:0.99 Fuel:0.88,11,5.5,4.944414477323557,87.94462153352782,3.354086259073699,AUTO_DISPATCHED
2026-03-25T14:53:18.266468,ORD-5576,D047,Alex Tanaka,V001,CAR,37.8044,-122.2711,37.5485,-121.9886,241.7729783762021,0.9748895657462899,Proximity:1.00 Rating:0.94 Fuel:0.94,11,5.5,4.704822979729561,94.16290905611582,0.3638173621652978,AUTO_DISPATCHED
2026-03-25T14:53:18.907140,ORD-1611,D020,Carlos Wilson,V040,TRUCK,37.7749,-122.4194,37.5485,-121.9886,294.9152391931244,0.9263164428882825,Proximity:1.00 Rating:0.89 Fuel:0.71,11,5.5,4.442497339936686,70.93107536401676,0.6224051004168092,AUTO_DISPATCHED
2026-03-25T14:53:19.812747,ORD-2748,D066,Nina Taylor,V048,DRONE,37.3382,-121.8863,37.7749,-122.4194,133.1595410556535,0.8143224878548989,Proximity:1.00 Rating:0.90 Fuel:0.86,11,5.5,4.489089398533946,85.62134604335031,3.493848572118745,AUTO_DISPATCHED
2026-03-25T14:53:20.078168,ORD-9476,D037,Omar Rossi,V056,BIKE,37.3382,-121.8863,37.5485,-121.9886,299.47930683409623,0.4908794337701674,Proximity:0.00 Rating:0.92 Fuel:0.85,11,5.5,4.57883137840671,85.3433109921403,1.6231030283449175,AUTO_DISPATCHED
2026-03-25T14:53:26.168840,ORD-5756,D013,Fatima Martin,V017,BIKE,37.8044,-122.2711,37.5485,-121.9886,157.22304031413398,0.841737811894617,Proximity:1.00 Rating:0.90 Fuel:0.90,11,5.5,4.483000314028064,89.9082220486571,1.7955626991592952,AUTO_DISPATCHED
2026-03-25T14:53:27.163070,ORD-2465,D052,Isabella Jones,V005,DRONE,37.3382,-121.8863,37.7749,-122.4194,276.5139028643491,0.8247482373272564,Proximity:1.00 Rating:0.87 Fuel:0.84,11,5.5,4.365198744478376,83.92401682430965,2.0596590150674468,AUTO_DISPATCHED
2026-03-25T14:53:29.598666,ORD-8759,D025,Olivia Brown,V033,CAR,37.3382,-121.8863,37.5485,-121.9886,137.00410321250783,0.5667233440884234,Proximity:0.00 Rating:0.97 Fuel:0.63,11,5.5,4.853483973938181,63.08727944152617,1.7637547225114498,AUTO_DISPATCHED
2026-03-25T14:53:30.156482,ORD-6139,D027,Emma Lee,V038,BIKE,37.7749,-122.4194,37.5485,-121.9886,277.7032011597872,0.8289285326816106,Proximity:1.00 Rating:0.88 Fuel:0.83,11,5.5,4.379547215931894,82.96042747732838,1.6555197737326166,AUTO_DISPATCHED
2026-03-25T14:53:31.811583,ORD-6555,D022,Olivia Rossi,V049,VAN,37.8044,-122.2711,37.7749,-122.4194,437.9453965519383,0.9382883607764709,Proximity:1.00 Rating:0.99 Fuel:0.74,11,5.5,4.932889267858523,73.57588414371514,1.551282892275426,AUTO_DISPATCHED
2026-03-25T14:53:32.902849,ORD-4893,D062,Lisa Anderson,V068,SCOOTER,37.3382,-121.8863,37.5485,-121.9886,427.87561807758834,0.5167787074998824,Proximity:0.00 Rating:0.97 Fuel:0.98,11,5.5,4.852548922735444,97.65996875095593,1.905056202877538,AUTO_DISPATCHED
2026-03-25T14:53:34.273684,ORD-1009,D031,Chris Farooq,V008,DRONE,37.7749,-122.4194,37.5485,-121.9886,311.6185270725863,0.8209876986342451,Proximity:1.00 Rating:0.95 Fuel:0.83,11,5.5,4.752425276323585,82.80696760948848,3.4655811066344717,AUTO_DISPATCHED
2026-03-25T14:53:36.240520,ORD-9605,D016,Maria Ivanova,V050,CAR,37.7749,-122.4194,37.5485,-121.9886,490.6854719106006,0.9133825754809802,Proximity:1.00 Rating:0.86 Fuel:0.85,11,5.5,4.294640999953669,84.64905915779232,2.8301322603084085,AUTO_DISPATCHED
2026-03-25T14:53:36.866088,ORD-5205,D015,John Martin,V061,CAR,37.3382,-121.8863,37.5485,-121.9886,251.6573222479878,0.9281077884303729,Proximity:1.00 Rating:0.93 Fuel:0.83,11,5.5,4.661732629638896,83.38385923677885,2.674984448828094,AUTO_DISPATCHED
2026-03-25T14:53:43.787043,ORD-8214,D045,Kevin Smith,V039,CAR,37.3382,-121.8863,37.7749,-122.4194,248.17525504552287,0.9416401824549576,Proximity:1.00 Rating:0.86 Fuel:0.96,11,5.5,4.31371231352753,96.00657324354556,1.9934535961169515,AUTO_DISPATCHED
2026-03-25T14:53:44.083359,ORD-9907,D028,Daniel Kim,V062,CAR,37.3382,-121.8863,37.7749,-122.4194,182.39773573784066,0.5982562797646311,Proximity:0.00 Rating:0.96 Fuel:0.82,11,5.5,4.8139742418068545,82.23361398084853,1.4122488703132752,AUTO_DISPATCHED
2026-03-25T14:53:44.301915,ORD-5068,D017,John Jones,V013,CAR,37.8044,-122.2711,37.5485,-121.9886,124.21830957138052,0.9367511376318212,Proximity:1.00 Rating:0.98 Fuel:0.78,11,5.5,4.902855601616219,78.40830909895858,2.1580440065012416,AUTO_DISPATCHED
2026-03-25T14:53:44.597084,ORD-8380,D018,Sophie Kim,V046,TRUCK,37.7749,-122.4194,37.8044,-122.2711,319.59257490356686,0.9708989386904945,Proximity:1.00 Rating:0.91 Fuel:0.98,11,5.5,4.531762948947621,98.45657465968748,0.644515300555327,AUTO_DISPATCHED
2026-03-25T14:53:48.868480,ORD-6348,D067,Sarah Miller,V066,CAR,37.8044,-122.2711,37.7749,-122.4194,288.83948290961393,0.9289374240033156,Proximity:1.00 Rating:0.94 Fuel:0.76,11,5.5,4.713017799018655,75.70321752621882,1.851049139740705,AUTO_DISPATCHED
2026-03-25T14:53:49.976983,ORD-8723,D065,John Tanaka,V027,CAR,37.8044,-122.2711,37.7749,-122.4194,135.2183975866497,0.9221998533246927,Proximity:1.00 Rating:0.92 Fuel:0.74,11,5.5,4.594788445176034,74.38145574558126,1.8531094480576473,AUTO_DISPATCHED
2026-03-25T14:53:51.003254,ORD-3629,D012,Emily Smith,V029,DRONE,37.8044,-122.2711,37.7749,-122.4194,418.9274115746552,0.8324981830912817,Proximity:1.00 Rating:0.96 Fuel:0.86,11,5.5,4.814296984842879,85.68040369270733,3.0875441473195515,AUTO_DISPATCHED
2026-03-25T14:53:53.552064,ORD-7542,D034,Daniel Ivanova,V002,TRUCK,37.8044,-122.2711,37.5485,-121.9886,335.27432363961594,0.9096090853570622,Proximity:1.00 Rating:0.89 Fuel:0.71,11,5.5,4.445039979006866,71.30293256326176,2.0117530118484046,AUTO_DISPATCHED
2026-03-25T14:53:54.115011,ORD-3631,D019,Lucas Johnson,V045,SCOOTER,37.3382,-121.8863,37.7749,-122.4194,415.9784636749919,0.8552590201942715,Proximity:1.00 Rating:0.99 Fuel:0.79,11,5.5,4.97256770441756,79.14843010908187,0.9893066516842901,AUTO_DISPATCHED
2026-03-25T14:53:54.771212,ORD-3394,D011,James Zhang,V041,SCOOTER,37.8044,-122.2711,37.7749,-122.4194,392.95561079502,0.8184672403666353,Proximity:1.00 Rating:0.85 Fuel:0.79,11,5.5,4.255358240091631,78.81044053865483,1.5970200036009699,AUTO_DISPATCHED
2026-03-25T14:53:56.609882,ORD-9878,D068,Priya Davis,V003,TRUCK,37.8044,-122.2711,37.7749,-122.4194,486.66281708371326,0.8986370825259756,Proximity:1.00 Rating:0.88 Fuel:0.68,11,5.5,4.3912276992778,67.75627656815354,2.2917152237893386,AUTO_DISPATCHED
2026-03-25T14:53:58.049645,ORD-5950,D039,James Khan,V043,SCOOTER,37.3382,-121.8863,37.8044,-122.2711,441.3727795507669,0.8804190636781358,Proximity:1.00 Rating:0.98 Fuel:0.94,11,5.5,4.879087325347912,94.05091930659422,0.4656646636537558,AUTO_DISPATCHED
2026-03-25T14:53:59.795534,ORD-3414,D003,Robert Taylor,V016,TRUCK,37.3382,-121.8863,37.7749,-122.4194,346.7221299104126,0.9165186903859535,Proximity:1.00 Rating:0.85 Fuel:0.69,11,5.5,4.253937941307941,68.50889696710931,0.5121738173622532,AUTO_DISPATCHED
2026-03-25T14:54:06.595521,ORD-3709,D036,Priya Davis,V020,CAR,37.7749,-122.4194,37.5485,-121.9886,442.36106441190367,0.9501738915271091,Proximity:1.00 Rating:0.96 Fuel:0.85,11,5.5,4.818690625059436,84.8887711520826,1.592551216271385,AUTO_DISPATCHED
2026-03-25T14:54:07.252178,ORD-8726,D004,Alex Farooq,V049,VAN,37.7749,-122.4194,37.5485,-121.9886,212.45192734015944,0.9232481181090155,Proximity:1.00 Rating:0.98 Fuel:0.74,11,5.5,4.901637884724497,73.57588414371514,2.6544978796429604,AUTO_DISPATCHED
2026-03-25T14:54:07.485326,ORD-1493,D064,David Zhang,V052,VAN,37.8044,-122.2711,37.5485,-121.9886,405.96443777951873,0.9261359321214141,Proximity:1.00 Rating:0.93 Fuel:0.65,11,5.5,4.6582715186036,65.44892315510563,0.6694650684310597,AUTO_DISPATCHED
2026-03-25T14:54:11.050447,ORD-8675,D022,Olivia Rossi,V035,TRUCK,37.8044,-122.2711,37.7749,-122.4194,481.41234332434834,0.9247397196526577,Proximity:1.00 Rating:0.99 Fuel:0.65,11,5.5,4.932889267858523,64.5434567278397,1.551282892275426,AUTO_DISPATCHED
2026-03-25T14:54:11.986443,ORD-9340,D043,Emily Taylor,V047,DRONE,37.7749,-122.4194,37.8044,-122.2711,160.43168494178235,0.8211319971187602,Proximity:1.00 Rating:0.84 Fuel:0.97,11,5.5,4.202969129184623,97.43564348256106,3.451218661797308,AUTO_DISPATCHED
2026-03-25T14:54:13.935274,ORD-8669,D040,Sarah Wilson,V033,CAR,37.7749,-122.4194,37.5485,-121.9886,156.09585007291864,0.9158929229021108,Proximity:1.00 Rating:0.97 Fuel:0.63,11,5.5,4.842457317784014,63.08727944152617,1.7949031177231252,AUTO_DISPATCHED
2026-03-25T14:54:15.303880,ORD-2583,D035,Maria Martin,V046,TRUCK,37.8044,-122.2711,37.7749,-122.4194,301.3224658325188,0.9748019988720015,Proximity:1.00 Rating:0.92 Fuel:0.98,11,5.5,4.606542045854612,98.45657465968748,0.5715635961371381,AUTO_DISPATCHED
2026-03-25T14:54:16.796217,ORD-8218,D025,Olivia Brown,V068,SCOOTER,37.8044,-122.2711,37.5485,-121.9886,294.0311263311878,0.8685823780525679,Proximity:1.00 Rating:0.97 Fuel:0.98,11,5.5,4.853483973938181,97.65996875095593,1.7637547225114498,AUTO_DISPATCHED
2026-03-25T14:54:17.752447,ORD-7175,D062,Lisa Anderson,V042,DRONE,37.8044,-122.2711,37.7749,-122.4194,477.80554542607564,0.8541485642370015,Proximity:1.00 Rating:0.97 Fuel:0.89,11,5.5,4.852548922735444,89.23987324236862,1.905056202877538,AUTO_DISPATCHED
2026-03-25T14:54:18.684809,ORD-9007,D037,Omar Rossi,V056,BIKE,37.8044,-122.2711,37.5485,-121.9886,344.9488434134128,0.8408794337701673,Proximity:1.00 Rating:0.92 Fuel:0.85,11,5.5,4.57883137840671,85.3433109921403,1.6231030283449175,AUTO_DISPATCHED
2026-03-25T14:54:20.071830,ORD-4109,D050,Wei Ali,V019,TRUCK,37.3382,-121.8863,37.5485,-121.9886,318.4854012263141,0.9266049659693679,Proximity:1.00 Rating:0.87 Fuel:0.83,11,5.5,4.373227792089459,83.00992508560826,1.8271226674098218,AUTO_DISPATCHED
2026-03-25T14:54:25.724053,ORD-4526,D007,Sophie Garcia,V028,TRUCK,37.7749,-122.4194,37.8044,-122.2711,154.63387788714104,0.9847442389450365,Proximity:1.00 Rating:0.96 Fuel:0.97,11,5.5,4.782942449082069,97.3521798582405,0.20813830444855919,AUTO_DISPATCHED
2026-03-25T14:54:29.405344,ORD-3016,D018,Sophie Kim,V001,CAR,37.7749,-122.4194,37.5485,-121.9886,124.74900201552416,0.9644584402851368,Proximity:1.00 Rating:0.91 Fuel:0.94,11,5.5,4.531762948947621,94.16290905611582,0.644515300555327,AUTO_DISPATCHED
2026-03-25T14:54:30.017978,ORD-8520,D047,Alex Tanaka,V061,CAR,37.8044,-122.2711,37.7749,-122.4194,310.1024903282839,0.9587209910172845,Proximity:1.00 Rating:0.94 Fuel:0.83,11,5.5,4.704822979729561,83.38385923677885,0.3638173621652978,AUTO_DISPATCHED
2026-03-25T14:54:31.045676,ORD-4696,D012,Emily Smith,V012,VAN,37.8044,-122.2711,37.7749,-122.4194,340.90346957897043,0.9240587566094529,Proximity:1.00 Rating:0.96 Fuel:0.80,11,5.5,4.814296984842879,80.05411937148814,3.0875441473195515,AUTO_DISPATCHED
2026-03-25T14:54:32.358731,ORD-4682,D059,Alex Ali,V004,TRUCK,37.7749,-122.4194,37.8044,-122.2711,418.38124547125625,0.9248715611928001,Proximity:1.00 Rating:0.87 Fuel:0.79,11,5.5,4.328123679336022,78.96693515794286,1.336303097404398,AUTO_DISPATCHED
2026-03-25T14:54:33.246872,ORD-8385,D044,Sophie Kim,V027,CAR,37.7749,-122.4194,37.8044,-122.2711,244.31128088095292,0.586689390367693,Proximity:0.00 Rating:0.88 Fuel:0.74,11,5.5,4.410853600716193,74.38145574558126,0.10535498234613039,AUTO_DISPATCHED
2026-03-25T14:54:34.449021,ORD-7580,D063,Wei Tanaka,V003,TRUCK,37.7749,-122.4194,37.5485,-121.9886,475.95139949170584,0.5759537092999516,Proximity:0.00 Rating:0.94 Fuel:0.68,11,5.5,4.7233047736129565,67.75627656815354,1.1690317197437614,AUTO_DISPATCHED
2026-03-25T14:54:38.956186,ORD-5032,D049,Robert Rodriguez,V063,VAN,37.3382,-121.8863,37.5485,-121.9886,167.92524394968518,0.9452800292029973,Proximity:1.00 Rating:0.95 Fuel:0.81,11,5.5,4.737100718764635,81.4475264243163,1.3100231347250064,AUTO_DISPATCHED
2026-03-25T14:54:39.534850,ORD-4833,D046,Wei Lopez,V032,VAN,37.3382,-121.8863,37.7749,-122.4194,362.0079731719324,0.9079256124718124,Proximity:1.00 Rating:0.95 Fuel:0.63,11,5.5,4.770713481411641,63.07649906344823,2.2014140303860508,AUTO_DISPATCHED
2026-03-25T14:54:42.728519,ORD-9851,D006,Priya Martin,V035,TRUCK,37.7749,-122.4194,37.8044,-122.2711,226.11611428121398,0.921203038573366,Proximity:1.00 Rating:0.98 Fuel:0.65,11,5.5,4.922218354849054,64.5434567278397,1.8000704569884522,AUTO_DISPATCHED
2026-03-25T14:54:44.092713,ORD-8914,D010,Jennifer Davis,V059,SCOOTER,37.7749,-122.4194,37.8044,-122.2711,139.6122947586397,0.863670624306335,Proximity:1.00 Rating:0.85 Fuel:0.98,11,5.5,4.26215320320482,97.5207687027887,0.24773255008325146,AUTO_DISPATCHED
2026-03-25T14:54:47.985178,ORD-2355,D022,Olivia Rossi,V046,TRUCK,37.8044,-122.2711,37.5485,-121.9886,137.42382928828704,0.9756093965504293,Proximity:1.00 Rating:0.99 Fuel:0.98,11,5.5,4.932889267858523,98.45657465968748,1.551282892275426,AUTO_DISPATCHED
2026-03-25T14:54:48.966861,ORD-3933,D035,Maria Martin,V040,TRUCK,37.8044,-122.2711,37.5485,-121.9886,354.0288118147253,0.9335137499284952,Proximity:1.00 Rating:0.92 Fuel:0.71,11,5.5,4.606542045854612,70.93107536401676,0.5715635961371381,AUTO_DISPATCHED
2026-03-25T14:54:53.902790,ORD-6735,D015,John Martin,V013,CAR,37.3382,-121.8863,37.5485,-121.9886,465.7629180135413,0.9206444632236425,Proximity:1.00 Rating:0.93 Fuel:0.78,11,5.5,4.661732629638896,78.40830909895858,2.674984448828094,AUTO_DISPATCHED
2026-03-25T14:54:55.009255,ORD-7678,D042,Lucas Lopez,V047,DRONE,37.3382,-121.8863,37.8044,-122.2711,391.8561374423582,0.8436693357012626,Proximity:1.00 Rating:0.96 Fuel:0.97,11,5.5,4.793510740355556,97.43564348256106,3.5379647309440925,AUTO_DISPATCHED
2026-03-25T14:54:55.243321,ORD-6033,D020,Carlos Wilson,V017,BIKE,37.7749,-122.4194,37.8044,-122.2711,341.4165993953233,0.854782162915243,Proximity:1.00 Rating:0.89 Fuel:0.90,11,5.5,4.442497339936686,89.9082220486571,0.6224051004168092,AUTO_DISPATCHED
2026-03-25T14:54:56.320937,ORD-8134,D038,Robert Lee,V028,TRUCK,37.3382,-121.8863,37.8044,-122.2711,187.28622492989052,0.9426989926968806,Proximity:1.00 Rating:0.95 Fuel:0.97,11,5.5,4.768547839987649,97.3521798582405,3.5256952551988854,AUTO_DISPATCHED
2026-03-25T14:55:03.006330,ORD-8057,D024,Ahmed Jones,V061,CAR,37.3382,-121.8863,37.7749,-122.4194,236.67848235276136,0.9206918921672673,Proximity:1.00 Rating:0.87 Fuel:0.83,11,5.5,4.365663087309734,83.38385923677885,2.3208336144232176,AUTO_DISPATCHED
2026-03-25T14:55:03.022021,ORD-3867,D008,Maria O'Brien,V012,VAN,37.3382,-121.8863,37.8044,-122.2711,160.38457034774768,0.9123742602280257,Proximity:1.00 Rating:0.91 Fuel:0.80,11,5.5,4.567016819394776,80.05411937148814,3.2310073283997967,AUTO_DISPATCHED
2026-03-25T14:55:03.848096,ORD-5640,D007,Sophie Garcia,V050,CAR,37.7749,-122.4194,37.5485,-121.9886,321.1760877086241,0.9656895578943643,Proximity:1.00 Rating:0.96 Fuel:0.85,11,5.5,4.782942449082069,84.64905915779232,0.20813830444855919,AUTO_DISPATCHED
2026-03-25T14:55:05.318971,ORD-7161,D047,Alex Tanaka,V019,TRUCK,37.8044,-122.2711,37.7749,-122.4194,236.47371166866895,0.9581600897905287,Proximity:1.00 Rating:0.94 Fuel:0.83,11,5.5,4.704822979729561,83.00992508560826,0.3638173621652978,AUTO_DISPATCHED
2026-03-25T14:55:12.392481,ORD-1788,D050,Wei Ali,V004,TRUCK,37.3382,-121.8863,37.7749,-122.4194,371.1204890421778,0.92054048107787,Proximity:1.00 Rating:0.87 Fuel:0.79,11,5.5,4.373227792089459,78.96693515794286,1.8271226674098218,AUTO_DISPATCHED
2026-03-25T14:55:12.421403,ORD-9454,D070,Alex Martin,V027,CAR,37.7749,-122.4194,37.8044,-122.2711,125.98376482182192,0.9415700759853781,Proximity:1.00 Rating:0.92 Fuel:0.74,11,5.5,4.613176660131482,74.38145574558126,0.3623339230602398,AUTO_DISPATCHED
2026-03-25T14:55:13.641347,ORD-8357,D060,Michael Silva,V002,TRUCK,37.3382,-121.8863,37.7749,-122.4194,358.4256939722527,0.8973000899853647,Proximity:1.00 Rating:0.85 Fuel:0.71,11,5.5,4.262540258220738,71.30293256326176,2.4124735350685964,AUTO_DISPATCHED
2026-03-25T14:55:20.074805,ORD-4632,D064,David Zhang,V052,VAN,37.8044,-122.2711,37.7749,-122.4194,238.3393697895467,0.9261359321214141,Proximity:1.00 Rating:0.93 Fuel:0.65,11,5.5,4.6582715186036,65.44892315510563,0.6694650684310597,AUTO_DISPATCHED
2026-03-25T14:55:20.604081,ORD-9130,D062,Lisa Anderson,V035,TRUCK,37.8044,-122.2711,37.5485,-121.9886,206.04388573862482,0.9171039394652082,Proximity:1.00 Rating:0.97 Fuel:0.65,11,5.5,4.852548922735444,64.5434567278397,1.905056202877538,AUTO_DISPATCHED
2026-03-25T14:55:21.324134,ORD-9928,D006,Priya Martin,V059,SCOOTER,37.7749,-122.4194,37.5485,-121.9886,454.7163177904066,0.8706690065357894,Proximity:1.00 Rating:0.98 Fuel:0.98,11,5.5,4.922218354849054,97.5207687027887,1.8000704569884522,AUTO_DISPATCHED
2026-03-25T14:55:27.254489,ORD-8335,D020,Carlos Wilson,V063,VAN,37.7749,-122.4194,37.5485,-121.9886,234.0707431818476,0.9420911194787317,Proximity:1.00 Rating:0.89 Fuel:0.81,11,5.5,4.442497339936686,81.4475264243163,0.6224051004168092,AUTO_DISPATCHED
2026-03-25T14:55:28.223945,ORD-4116,D025,Olivia Brown,V068,SCOOTER,37.8044,-122.2711,37.7749,-122.4194,261.45186757168665,0.8685823780525679,Proximity:1.00 Rating:0.97 Fuel:0.98,11,5.5,4.853483973938181,97.65996875095593,1.7637547225114498,AUTO_DISPATCHED
2026-03-25T14:55:28.677235,ORD-9536,D023,Michael Khan,V017,BIKE,37.7749,-122.4194,37.8044,-122.2711,105.42438574157265,0.8543658723174037,Proximity:1.00 Rating:0.95 Fuel:0.90,11,5.5,4.734936805978198,89.9082220486571,1.5915146395767934,AUTO_DISPATCHED
2026-03-25T14:55:29.347642,ORD-6553,D049,Robert Rodriguez,V065,DRONE,37.3382,-121.8863,37.5485,-121.9886,282.1118855078983,0.857221952204257,Proximity:1.00 Rating:0.95 Fuel:0.89,11,5.5,4.737100718764635,89.40880842515605,1.3100231347250064,AUTO_DISPATCHED
2026-03-25T14:55:29.565061,ORD-2449,D010,Jennifer Davis,V042,DRONE,37.7749,-122.4194,37.8044,-122.2711,337.7114585894334,0.8512492811157051,Proximity:1.00 Rating:0.85 Fuel:0.89,11,5.5,4.26215320320482,89.23987324236862,0.24773255008325146,AUTO_DISPATCHED
2026-03-25T14:55:30.332282,ORD-8507,D059,Alex Ali,V067,DRONE,37.7749,-122.4194,37.8044,-122.2711,184.95978575513354,0.8383380907561775,Proximity:1.00 Rating:0.87 Fuel:0.88,11,5.5,4.328123679336022,87.94462153352782,1.336303097404398,AUTO_DISPATCHED
2026-03-25T14:55:33.903035,ORD-1295,D052,Isabella Jones,V020,CAR,37.3382,-121.8863,37.8044,-122.2711,457.53103951924646,0.9261953688189157,Proximity:1.00 Rating:0.87 Fuel:0.85,11,5.5,4.365198744478376,84.8887711520826,2.0596590150674468,AUTO_DISPATCHED
2026-03-25T14:55:35.263143,ORD-6545,D017,John Jones,V049,VAN,37.8044,-122.2711,37.7749,-122.4194,230.92830604876417,0.9295025001989559,Proximity:1.00 Rating:0.98 Fuel:0.74,11,5.5,4.902855601616219,73.57588414371514,2.1580440065012416,AUTO_DISPATCHED
2026-03-25T14:55:36.521072,ORD-1242,D057,Emma Farooq,V019,TRUCK,37.3382,-121.8863,37.5485,-121.9886,495.89693342779555,0.9386798670100409,Proximity:1.00 Rating:0.89 Fuel:0.83,11,5.5,4.44144089155161,83.00992508560826,1.0794125024348555,AUTO_DISPATCHED
2026-03-25T14:55:37.798472,ORD-8345,D004,Alex Farooq,V013,CAR,37.7749,-122.4194,37.5485,-121.9886,200.01959491878463,0.9304967555418808,Proximity:1.00 Rating:0.98 Fuel:0.78,11,5.5,4.901637884724497,78.40830909895858,2.6544978796429604,AUTO_DISPATCHED
2026-03-25T14:55:38.843830,ORD-1739,D015,John Martin,V058,BIKE,37.3382,-121.8863,37.7749,-122.4194,470.3561324213775,0.8345807850619317,Proximity:1.00 Rating:0.93 Fuel:0.88,11,5.5,4.661732629638896,87.69919032448473,2.674984448828094,AUTO_DISPATCHED
2026-03-25T14:55:39.266306,ORD-1910,D047,Alex Tanaka,V024,BIKE,37.8044,-122.2711,37.5485,-121.9886,445.3912218830185,0.8638382273096143,Proximity:1.00 Rating:0.94 Fuel:0.87,11,5.5,4.704822979729561,86.79535009833205,0.3638173621652978,AUTO_DISPATCHED
2026-03-25T14:55:47.601040,ORD-9847,D070,Alex Martin,V039,CAR,37.7749,-122.4194,37.5485,-121.9886,118.05728226417176,0.9740077522323246,Proximity:1.00 Rating:0.92 Fuel:0.96,11,5.5,4.613176660131482,96.00657324354556,0.3623339230602398,AUTO_DISPATCHED
2026-03-25T14:55:47.680060,ORD-3333,D040,Sarah Wilson,V062,CAR,37.7749,-122.4194,37.5485,-121.9886,185.21796924370145,0.9446124247110942,Proximity:1.00 Rating:0.97 Fuel:0.82,11,5.5,4.842457317784014,82.23361398084853,1.7949031177231252,AUTO_DISPATCHED
2026-03-25T14:55:48.594018,ORD-2885,D028,Daniel Kim,V027,CAR,37.8044,-122.2711,37.5485,-121.9886,460.15462421211174,0.93647804241173,Proximity:1.00 Rating:0.96 Fuel:0.74,11,5.5,4.8139742418068545,74.38145574558126,1.4122488703132752,AUTO_DISPATCHED
2026-03-25T14:55:49.483388,ORD-5069,D037,Omar Rossi,V033,CAR,37.8044,-122.2711,37.5485,-121.9886,365.62544907562756,0.9074953864442462,Proximity:1.00 Rating:0.92 Fuel:0.63,11,5.5,4.57883137840671,63.08727944152617,1.6231030283449175,AUTO_DISPATCHED
2026-03-25T14:55:51.435906,ORD-2818,D064,David Zhang,V052,VAN,37.8044,-122.2711,37.7749,-122.4194,476.0258820355914,0.9261359321214141,Proximity:1.00 Rating:0.93 Fuel:0.65,11,5.5,4.6582715186036,65.44892315510563,0.6694650684310597,AUTO_DISPATCHED
2026-03-25T14:55:56.319959,ORD-4057,D013,Fatima Martin,V001,CAR,37.8044,-122.2711,37.5485,-121.9886,354.3495934080217,0.9481198424058052,Proximity:1.00 Rating:0.90 Fuel:0.94,11,5.5,4.483000314028064,94.16290905611582,1.7955626991592952,AUTO_DISPATCHED
2026-03-25T14:55:56.946894,ORD-1059,D039,James Khan,V046,TRUCK,37.3382,-121.8863,37.7749,-122.4194,486.36781150892887,0.9870275467077757,Proximity:1.00 Rating:0.98 Fuel:0.98,11,5.5,4.879087325347912,98.45657465968748,0.4656646636537558,AUTO_DISPATCHED
2026-03-25T14:56:00.891032,ORD-9732,D023,Michael Khan,V040,TRUCK,37.7749,-122.4194,37.5485,-121.9886,297.8809637729433,0.9259001522904432,Proximity:1.00 Rating:0.95 Fuel:0.71,11,5.5,4.734936805978198,70.93107536401676,1.5915146395767934,AUTO_DISPATCHED
2026-03-25T14:56:02.308992,ORD-5045,D010,Jennifer Davis,V016,TRUCK,37.7749,-122.4194,37.8044,-122.2711,441.4317077896729,0.9201528167028161,Proximity:1.00 Rating:0.85 Fuel:0.69,11,5.5,4.26215320320482,68.50889696710931,0.24773255008325146,AUTO_DISPATCHED
2026-03-25T14:56:03.652055,ORD-9668,D059,Alex Ali,V003,TRUCK,37.7749,-122.4194,37.8044,-122.2711,441.1301176032732,0.9080555733081163,Proximity:1.00 Rating:0.87 Fuel:0.68,11,5.5,4.328123679336022,67.75627656815354,1.336303097404398,AUTO_DISPATCHED
2026-03-25T14:56:07.722846,ORD-5653,D063,Wei Tanaka,V049,VAN,37.3382,-121.8863,37.7749,-122.4194,316.6425135701446,0.934683120663294,Proximity:1.00 Rating:0.94 Fuel:0.74,11,5.5,4.7233047736129565,73.57588414371514,1.1690317197437614,AUTO_DISPATCHED
2026-03-25T14:56:09.951596,ORD-2747,D014,Carlos Lee,V068,SCOOTER,37.7749,-122.4194,37.8044,-122.2711,461.49947120511996,0.8523404539809549,Proximity:1.00 Rating:0.99 Fuel:0.98,11,5.5,4.944414477323557,97.65996875095593,3.354086259073699,AUTO_DISPATCHED
2026-03-25T14:56:11.400562,ORD-6447,D021,Jennifer Zhang,V043,SCOOTER,37.3382,-121.8863,37.5485,-121.9886,274.02398414637804,0.8622036115942999,Proximity:1.00 Rating:0.92 Fuel:0.94,11,5.5,4.597673272294942,94.05091930659422,1.0223758605911222,AUTO_DISPATCHED
2026-03-25T14:56:12.290201,ORD-4192,D035,Maria Martin,V017,BIKE,37.8044,-122.2711,37.5485,-121.9886,474.6783818792849,0.8619794699554558,Proximity:1.00 Rating:0.92 Fuel:0.90,11,5.5,4.606542045854612,89.9082220486571,0.5715635961371381,AUTO_DISPATCHED
2026-03-25T14:56:14.661733,ORD-1393,D049,Robert Rodriguez,V065,DRONE,37.3382,-121.8863,37.5485,-121.9886,245.20388563590515,0.857221952204257,Proximity:1.00 Rating:0.95 Fuel:0.89,11,5.5,4.737100718764635,89.40880842515605,1.3100231347250064,AUTO_DISPATCHED
2026-03-25T14:56:21.253474,ORD-4137,D053,Sarah Khan,V019,TRUCK,37.3382,-121.8863,37.8044,-122.2711,243.9774027952107,0.9521528376009445,Proximity:1.00 Rating:0.97 Fuel:0.83,11,5.5,4.825845036741381,83.00992508560826,1.2316681197698371,AUTO_DISPATCHED
2026-03-25T14:56:22.704841,ORD-6913,D057,Emma Farooq,V052,VAN,37.3382,-121.8863,37.5485,-121.9886,131.96513656465248,0.912338364114287,Proximity:1.00 Rating:0.89 Fuel:0.65,11,5.5,4.44144089155161,65.44892315510563,1.0794125024348555,AUTO_DISPATCHED
2026-03-25T14:56:23.574673,ORD-3865,D031,Chris Farooq,V042,DRONE,37.7749,-122.4194,37.5485,-121.9886,221.53637130826468,0.8306370570835654,Proximity:1.00 Rating:0.95 Fuel:0.89,11,5.5,4.752425276323585,89.23987324236862,3.4655811066344717,AUTO_DISPATCHED
2026-03-25T14:56:25.061313,ORD-2234,D064,David Zhang,V067,DRONE,37.8044,-122.2711,37.7749,-122.4194,296.8832835920144,0.8598794796890474,Proximity:1.00 Rating:0.93 Fuel:0.88,11,5.5,4.6582715186036,87.94462153352782,0.6694650684310597,AUTO_DISPATCHED
2026-03-25T14:56:26.520156,ORD-4119,D016,Maria Ivanova,V026,SCOOTER,37.7749,-122.4194,37.5485,-121.9886,218.03244971562913,0.8163231862193453,Proximity:1.00 Rating:0.86 Fuel:0.87,11,5.5,4.294640999953669,86.60946631670248,2.8301322603084085,AUTO_DISPATCHED
2026-03-25T14:56:30.538401,ORD-7425,D025,Olivia Brown,V035,TRUCK,37.8044,-122.2711,37.7749,-122.4194,321.1098449777834,0.9189076100178936,Proximity:1.00 Rating:0.97 Fuel:0.65,11,5.5,4.853483973938181,64.5434567278397,1.7637547225114498,AUTO_DISPATCHED
2026-03-25T14:56:31.766704,ORD-7733,D045,Kevin Smith,V050,CAR,37.3382,-121.8863,37.5485,-121.9886,439.3313181557337,0.9246039113263278,Proximity:1.00 Rating:0.86 Fuel:0.85,11,5.5,4.31371231352753,84.64905915779232,1.9934535961169515,AUTO_DISPATCHED
2026-03-25T14:56:32.440759,ORD-5701,D032,Lisa Park,V007,SCOOTER,37.3382,-121.8863,37.7749,-122.4194,273.17357263991585,0.8171880600950147,Proximity:1.00 Rating:0.89 Fuel:0.86,11,5.5,4.473129044275832,85.86656011259595,3.242955347593004,AUTO_DISPATCHED
2026-03-25T14:56:33.219491,ORD-7569,D062,Lisa Anderson,V016,TRUCK,37.8044,-122.2711,37.5485,-121.9886,278.3102339665917,0.9230520998241126,Proximity:1.00 Rating:0.97 Fuel:0.69,11,5.5,4.852548922735444,68.50889696710931,1.905056202877538,AUTO_DISPATCHED
2026-03-25T14:56:34.000907,ORD-1892,D017,John Jones,V029,DRONE,37.8044,-122.2711,37.5485,-121.9886,460.6331881165351,0.8476592795224441,Proximity:1.00 Rating:0.98 Fuel:0.86,11,5.5,4.902855601616219,85.68040369270733,2.1580440065012416,AUTO_DISPATCHED
2026-03-25T14:56:36.354724,ORD-1562,D007,Sophie Garcia,V003,TRUCK,37.7749,-122.4194,37.5485,-121.9886,383.5486653340836,0.9403503840099061,Proximity:1.00 Rating:0.96 Fuel:0.68,11,5.5,4.782942449082069,67.75627656815354,0.20813830444855919,AUTO_DISPATCHED
2026-03-25T14:56:37.027302,ORD-5891,D067,Sarah Miller,V048,DRONE,37.8044,-122.2711,37.5485,-121.9886,308.3124343932402,0.8438146167790127,Proximity:1.00 Rating:0.94 Fuel:0.86,11,5.5,4.713017799018655,85.62134604335031,1.851049139740705,AUTO_DISPATCHED
2026-03-25T14:56:42.545846,ORD-2039,D018,Sophie Kim,V044,TRUCK,37.7749,-122.4194,37.5485,-121.9886,225.02294161150547,0.971855298724634,Proximity:1.00 Rating:0.91 Fuel:0.99,11,5.5,4.531762948947621,99.09414801578056,0.644515300555327,AUTO_DISPATCHED
2026-03-25T14:56:43.064033,ORD-4064,D065,John Tanaka,V068,SCOOTER,37.8044,-122.2711,37.5485,-121.9886,107.97957345628922,0.8571176228327546,Proximity:1.00 Rating:0.92 Fuel:0.98,11,5.5,4.594788445176034,97.65996875095593,1.8531094480576473,AUTO_DISPATCHED
2026-03-25T14:56:43.278619,ORD-4351,D036,Priya Davis,V047,DRONE,37.7749,-122.4194,37.8044,-122.2711,231.79587014200055,0.8689942000228268,Proximity:1.00 Rating:0.96 Fuel:0.97,11,5.5,4.818690625059436,97.43564348256106,1.592551216271385,AUTO_DISPATCHED
2026-03-25T14:56:44.105640,ORD-7032,D046,Wei Lopez,V028,TRUCK,37.3382,-121.8863,37.5485,-121.9886,357.36186436037667,0.9593391336640006,Proximity:1.00 Rating:0.95 Fuel:0.97,11,5.5,4.770713481411641,97.3521798582405,2.2014140303860508,AUTO_DISPATCHED
2026-03-25T14:56:44.292924,ORD-7178,D012,Emily Smith,V056,BIKE,37.8044,-122.2711,37.7749,-122.4194,371.43934509158163,0.8319925440404311,Proximity:1.00 Rating:0.96 Fuel:0.85,11,5.5,4.814296984842879,85.3433109921403,3.0875441473195515,AUTO_DISPATCHED
2026-03-25T14:56:45.586956,ORD-1197,D042,Lucas Lopez,V005,DRONE,37.3382,-121.8863,37.8044,-122.2711,230.554769405851,0.8234018957138856,Proximity:1.00 Rating:0.96 Fuel:0.84,11,5.5,4.793510740355556,83.92401682430965,3.5379647309440925,AUTO_DISPATCHED
2026-03-25T14:56:49.706609,ORD-8691,D006,Priya Martin,V059,SCOOTER,37.7749,-122.4194,37.8044,-122.2711,468.82180110224095,0.8706690065357894,Proximity:1.00 Rating:0.98 Fuel:0.98,11,5.5,4.922218354849054,97.5207687027887,1.8000704569884522,AUTO_DISPATCHED
2026-03-25T14:56:50.437984,ORD-9064,D038,Robert Lee,V012,VAN,37.3382,-121.8863,37.7749,-122.4194,390.71294228166045,0.9167519019667522,Proximity:1.00 Rating:0.95 Fuel:0.80,11,5.5,4.768547839987649,80.05411937148814,3.5256952551988854,AUTO_DISPATCHED
2026-03-25T14:56:50.749846,ORD-4158,D047,Alex Tanaka,V024,BIKE,37.8044,-122.2711,37.7749,-122.4194,183.41954350567104,0.8638382273096143,Proximity:1.00 Rating:0.94 Fuel:0.87,11,5.5,4.704822979729561,86.79535009833205,0.3638173621652978,AUTO_DISPATCHED
2026-03-25T14:56:51.280446,ORD-3561,D010,Jennifer Davis,V038,BIKE,37.7749,-122.4194,37.8044,-122.2711,114.38300625849891,0.8418301124681447,Proximity:1.00 Rating:0.85 Fuel:0.83,11,5.5,4.26215320320482,82.96042747732838,0.24773255008325146,AUTO_DISPATCHED
2026-03-25T14:56:51.562856,ORD-1485,D059,Alex Ali,V008,DRONE,37.7749,-122.4194,37.8044,-122.2711,426.70956712097257,0.8306316098701185,Proximity:1.00 Rating:0.87 Fuel:0.83,11,5.5,4.328123679336022,82.80696760948848,1.336303097404398,AUTO_DISPATCHED
2026-03-25T14:56:52.173779,ORD-7434,D014,Carlos Lee,V045,SCOOTER,37.7749,-122.4194,37.5485,-121.9886,211.11598712876565,0.8245731460181438,Proximity:1.00 Rating:0.99 Fuel:0.79,11,5.5,4.944414477323557,79.14843010908187,3.354086259073699,AUTO_DISPATCHED
2026-03-25T14:56:59.608840,ORD-4752,D020,Carlos Wilson,V063,VAN,37.7749,-122.4194,37.8044,-122.2711,354.97508446507254,0.9420911194787317,Proximity:1.00 Rating:0.89 Fuel:0.81,11,5.5,4.442497339936686,81.4475264243163,0.6224051004168092,AUTO_DISPATCHED
2026-03-25T14:57:00.176386,ORD-8062,D043,Emily Taylor,V027,CAR,37.7749,-122.4194,37.5485,-121.9886,463.005853045711,0.8865507155132903,Proximity:1.00 Rating:0.84 Fuel:0.74,11,5.5,4.202969129184623,74.38145574558126,3.451218661797308,AUTO_DISPATCHED
2026-03-25T14:57:00.536127,ORD-9406,D064,David Zhang,V033,CAR,37.7749,-122.4194,37.8044,-122.2711,313.20095454800776,0.572593466551045,Proximity:0.00 Rating:0.93 Fuel:0.63,11,5.5,4.6582715186036,63.08727944152617,0.6694650684310597,AUTO_DISPATCHED
2026-03-25T14:57:07.767526,ORD-9649,D044,Sophie Kim,V061,CAR,37.3382,-121.8863,37.8044,-122.2711,324.04795226604307,0.9501929956044894,Proximity:1.00 Rating:0.88 Fuel:0.83,11,5.5,4.410853600716193,83.38385923677885,0.10535498234613039,AUTO_DISPATCHED
2026-03-25T14:57:07.845275,ORD-2135,D049,Robert Rodriguez,V031,TRUCK,37.7749,-122.4194,37.8044,-122.2711,350.5920743300952,0.5933222103641889,Proximity:0.00 Rating:0.95 Fuel:0.80,11,5.5,4.737100718764635,80.14231386511068,1.3100231347250064,AUTO_DISPATCHED
2026-03-25T14:57:08.937737,ORD-5766,D025,Olivia Brown,V013,CAR,37.8044,-122.2711,37.7749,-122.4194,179.29347413976194,0.9397048885745719,Proximity:1.00 Rating:0.97 Fuel:0.78,11,5.5,4.853483973938181,78.40830909895858,1.7637547225114498,AUTO_DISPATCHED
2026-03-25T14:57:09.093955,ORD-2176,D021,Jennifer Zhang,V052,VAN,37.3382,-121.8863,37.5485,-121.9886,255.91044797382625,0.919300617367067,Proximity:1.00 Rating:0.92 Fuel:0.65,11,5.5,4.597673272294942,65.44892315510563,1.0223758605911222,AUTO_DISPATCHED
2026-03-25T14:57:09.654618,ORD-2897,D057,Emma Farooq,V035,TRUCK,37.7749,-122.4194,37.8044,-122.2711,362.52186973399756,0.5609801644733883,Proximity:0.00 Rating:0.89 Fuel:0.65,11,5.5,4.44144089155161,64.5434567278397,1.0794125024348555,AUTO_DISPATCHED
2026-03-25T14:57:16.133435,ORD-5821,D041,Emily Brown,V039,CAR,37.3382,-121.8863,37.5485,-121.9886,123.0778937840432,0.9493480879668161,Proximity:1.00 Rating:0.88 Fuel:0.96,11,5.5,4.398877929593388,96.00657324354556,1.6493511265790195,AUTO_DISPATCHED
2026-03-25T14:57:17.344039,ORD-5693,D050,Wei Ali,V050,CAR,37.3382,-121.8863,37.5485,-121.9886,296.0788391822287,0.9290636670776441,Proximity:1.00 Rating:0.87 Fuel:0.85,11,5.5,4.373227792089459,84.64905915779232,1.8271226674098218,AUTO_DISPATCHED
2026-03-25T14:57:17.761996,ORD-2392,D037,Omar Rossi,V062,CAR,37.8044,-122.2711,37.7749,-122.4194,432.7600496111654,0.9362148882532296,Proximity:1.00 Rating:0.92 Fuel:0.82,11,5.5,4.57883137840671,82.23361398084853,1.6231030283449175,AUTO_DISPATCHED
2026-03-25T14:57:18.808715,ORD-8312,D013,Fatima Martin,V004,TRUCK,37.8044,-122.2711,37.7749,-122.4194,270.41277193164206,0.9253258815585458,Proximity:1.00 Rating:0.90 Fuel:0.79,11,5.5,4.483000314028064,78.96693515794286,1.7955626991592952,AUTO_DISPATCHED
2026-03-25T14:57:19.214468,ORD-4384,D045,Kevin Smith,V002,TRUCK,37.3382,-121.8863,37.8044,-122.2711,398.65618092441605,0.904584721434532,Proximity:1.00 Rating:0.86 Fuel:0.71,11,5.5,4.31371231352753,71.30293256326176,1.9934535961169515,AUTO_DISPATCHED
2026-03-25T14:57:20.539375,ORD-7318,D070,Alex Martin,V059,SCOOTER,37.7749,-122.4194,37.5485,-121.9886,403.9195640301351,0.8762790454211893,Proximity:1.00 Rating:0.92 Fuel:0.98,11,5.5,4.613176660131482,97.5207687027887,0.3623339230602398,AUTO_DISPATCHED
2026-03-25T14:57:22.331846,ORD-5764,D006,Priya Martin,V020,CAR,37.7749,-122.4194,37.8044,-122.2711,206.85786705202798,0.9517210102097304,Proximity:1.00 Rating:0.98 Fuel:0.85,11,5.5,4.922218354849054,84.8887711520826,1.8000704569884522,AUTO_DISPATCHED
2026-03-25T14:57:23.295484,ORD-2142,D052,Isabella Jones,V047,DRONE,37.3382,-121.8863,37.7749,-122.4194,327.9924824709602,0.8450156773146335,Proximity:1.00 Rating:0.87 Fuel:0.97,11,5.5,4.365198744478376,97.43564348256106,2.0596590150674468,AUTO_DISPATCHED
2026-03-25T14:57:24.028016,ORD-6351,D024,Ahmed Jones,V043,SCOOTER,37.3382,-121.8863,37.7749,-122.4194,136.58677581534783,0.8366924822719904,Proximity:1.00 Rating:0.87 Fuel:0.94,11,5.5,4.365663087309734,94.05091930659422,2.3208336144232176,AUTO_DISPATCHED
2026-03-25T14:57:26.190194,ORD-3093,D008,Maria O'Brien,V017,BIKE,37.3382,-121.8863,37.5485,-121.9886,340.1904460178362,0.8271554142437793,Proximity:1.00 Rating:0.91 Fuel:0.90,11,5.5,4.567016819394776,89.9082220486571,3.2310073283997967,AUTO_DISPATCHED
2026-03-25T14:57:27.549541,ORD-6976,D060,Michael Silva,V065,DRONE,37.3382,-121.8863,37.5485,-121.9886,233.040558334022,0.8244589037782061,Proximity:1.00 Rating:0.85 Fuel:0.89,11,5.5,4.262540258220738,89.40880842515605,2.4124735350685964,AUTO_DISPATCHED
2026-03-25T14:57:27.596592,ORD-4086,D047,Alex Tanaka,V067,DRONE,37.3382,-121.8863,37.5485,-121.9886,106.19900308728182,0.515562134462408,Proximity:0.00 Rating:0.94 Fuel:0.88,11,5.5,4.704822979729561,87.94462153352782,0.3638173621652978,AUTO_DISPATCHED
2026-03-25T14:57:28.538594,ORD-9558,D046,Wei Lopez,V028,TRUCK,37.3382,-121.8863,37.5485,-121.9886,401.97906857879855,0.9593391336640006,Proximity:1.00 Rating:0.95 Fuel:0.97,11,5.5,4.770713481411641,97.3521798582405,2.2014140303860508,AUTO_DISPATCHED
2026-03-25T14:57:31.233720,ORD-8722,D035,Maria Martin,V063,VAN,37.3382,-121.8863,37.7749,-122.4194,182.02970744555802,0.5992884265189448,Proximity:0.00 Rating:0.92 Fuel:0.81,11,5.5,4.606542045854612,81.4475264243163,0.5715635961371381,AUTO_DISPATCHED
2026-03-25T14:57:31.948219,ORD-6468,D036,Priya Davis,V040,TRUCK,37.7749,-122.4194,37.5485,-121.9886,284.2814191226646,0.9292373478450103,Proximity:1.00 Rating:0.96 Fuel:0.71,11,5.5,4.818690625059436,70.93107536401676,1.592551216271385,AUTO_DISPATCHED
2026-03-25T14:57:33.198045,ORD-5857,D064,David Zhang,V033,CAR,37.8044,-122.2711,37.7749,-122.4194,272.68385716822536,0.922593466551045,Proximity:1.00 Rating:0.93 Fuel:0.63,11,5.5,4.6582715186036,63.08727944152617,0.6694650684310597,AUTO_DISPATCHED
2026-03-25T14:57:33.384191,ORD-9290,D012,Emily Smith,V024,BIKE,37.8044,-122.2711,37.5485,-121.9886,315.5469747826664,0.8341706026997188,Proximity:1.00 Rating:0.96 Fuel:0.87,11,5.5,4.814296984842879,86.79535009833205,3.0875441473195515,AUTO_DISPATCHED
2026-03-25T14:57:34.659081,ORD-2614,D040,Sarah Wilson,V056,BIKE,37.3382,-121.8863,37.5485,-121.9886,415.0859210705764,0.49927697022803197,Proximity:0.00 Rating:0.97 Fuel:0.85,11,5.5,4.842457317784014,85.3433109921403,1.7949031177231252,AUTO_DISPATCHED
2026-03-25T14:57:38.226078,ORD-5543,D020,Carlos Wilson,V038,BIKE,37.3382,-121.8863,37.5485,-121.9886,177.08914584379212,0.4943604710582499,Proximity:0.00 Rating:0.89 Fuel:0.83,11,5.5,4.442497339936686,82.96042747732838,0.6224051004168092,AUTO_DISPATCHED
2026-03-25T14:57:39.669622,ORD-8038,D025,Olivia Brown,V031,TRUCK,37.8044,-122.2711,37.5485,-121.9886,405.2478783667757,0.9423058957238001,Proximity:1.00 Rating:0.97 Fuel:0.80,11,5.5,4.853483973938181,80.14231386511068,1.7637547225114498,AUTO_DISPATCHED
2026-03-25T14:57:41.800752,ORD-5591,D023,Michael Khan,V013,CAR,37.7749,-122.4194,37.8044,-122.2711,390.63141048508425,0.9371160028928559,Proximity:1.00 Rating:0.95 Fuel:0.78,11,5.5,4.734936805978198,78.40830909895858,1.5915146395767934,AUTO_DISPATCHED
2026-03-25T14:57:42.520836,ORD-9120,D062,Lisa Anderson,V016,TRUCK,37.8044,-122.2711,37.7749,-122.4194,147.96445191735074,0.9230520998241126,Proximity:1.00 Rating:0.97 Fuel:0.69,11,5.5,4.852548922735444,68.50889696710931,1.905056202877538,AUTO_DISPATCHED
2026-03-25T14:57:46.422546,ORD-3856,D049,Robert Rodriguez,V032,VAN,37.3382,-121.8863,37.8044,-122.2711,499.6777951301858,0.9177234881616951,Proximity:1.00 Rating:0.95 Fuel:0.63,11,5.5,4.737100718764635,63.07649906344823,1.3100231347250064,AUTO_DISPATCHED
2026-03-25T14:57:47.343643,ORD-6743,D059,Alex Ali,V058,BIKE,37.7749,-122.4194,37.5485,-121.9886,385.51198247863874,0.8379699439426129,Proximity:1.00 Rating:0.87 Fuel:0.88,11,5.5,4.328123679336022,87.69919032448473,1.336303097404398,AUTO_DISPATCHED
2026-03-25T14:57:47.750570,ORD-3533,D057,Emma Farooq,V029,DRONE,37.3382,-121.8863,37.5485,-121.9886,459.196273016724,0.8426855849206896,Proximity:1.00 Rating:0.89 Fuel:0.86,11,5.5,4.44144089155161,85.68040369270733,1.0794125024348555,AUTO_DISPATCHED
2026-03-25T14:57:48.259880,ORD-5055,D022,Olivia Rossi,V062,CAR,37.8044,-122.2711,37.5485,-121.9886,451.37126685101737,0.9512749555321709,Proximity:1.00 Rating:0.99 Fuel:0.82,11,5.5,4.932889267858523,82.23361398084853,1.551282892275426,AUTO_DISPATCHED
2026-03-25T14:57:51.725095,ORD-2297,D017,John Jones,V004,TRUCK,37.8044,-122.2711,37.5485,-121.9886,371.874033382137,0.9375890767202975,Proximity:1.00 Rating:0.98 Fuel:0.79,11,5.5,4.902855601616219,78.96693515794286,2.1580440065012416,AUTO_DISPATCHED
2026-03-25T14:57:54.128657,ORD-4103,D006,Priya Martin,V020,CAR,37.7749,-122.4194,37.5485,-121.9886,174.25682098582791,0.9517210102097304,Proximity:1.00 Rating:0.98 Fuel:0.85,11,5.5,4.922218354849054,84.8887711520826,1.8000704569884522,AUTO_DISPATCHED
2026-03-25T14:57:55.531089,ORD-4892,D019,Lucas Johnson,V052,VAN,37.3382,-121.8863,37.5485,-121.9886,102.19174316081738,0.9347097597633072,Proximity:1.00 Rating:0.99 Fuel:0.65,11,5.5,4.97256770441756,65.44892315510563,0.9893066516842901,AUTO_DISPATCHED
2026-03-25T14:58:00.677383,ORD-7356,D039,James Khan,V046,TRUCK,37.3382,-121.8863,37.7749,-122.4194,268.1132133657456,0.9870275467077757,Proximity:1.00 Rating:0.98 Fuel:0.98,11,5.5,4.879087325347912,98.45657465968748,0.4656646636537558,AUTO_DISPATCHED
2026-03-25T14:58:01.507801,ORD-1871,D021,Jennifer Zhang,V039,CAR,37.3382,-121.8863,37.5485,-121.9886,487.2388944546599,0.9651370924997269,Proximity:1.00 Rating:0.92 Fuel:0.96,11,5.5,4.597673272294942,96.00657324354556,1.0223758605911222,AUTO_DISPATCHED
2026-03-25T14:58:01.647466,ORD-6689,D031,Chris Farooq,V050,CAR,37.7749,-122.4194,37.8044,-122.2711,117.54385395310698,0.923750835956701,Proximity:1.00 Rating:0.95 Fuel:0.85,11,5.5,4.752425276323585,84.64905915779232,3.4655811066344717,AUTO_DISPATCHED
2026-03-25T14:58:02.377523,ORD-5035,D037,Omar Rossi,V068,SCOOTER,37.8044,-122.2711,37.7749,-122.4194,223.66877984737766,0.8593544204083907,Proximity:1.00 Rating:0.92 Fuel:0.98,11,5.5,4.57883137840671,97.65996875095593,1.6231030283449175,AUTO_DISPATCHED
2026-03-25T14:58:06.564584,ORD-1875,D064,David Zhang,V003,TRUCK,37.8044,-122.2711,37.7749,-122.4194,208.87570759879392,0.929596962240986,Proximity:1.00 Rating:0.93 Fuel:0.68,11,5.5,4.6582715186036,67.75627656815354,0.6694650684310597,AUTO_DISPATCHED
2026-03-25T14:58:09.357102,ORD-1845,D053,Sarah Khan,V019,TRUCK,37.3382,-121.8863,37.8044,-122.2711,253.2830305145,0.9521528376009445,Proximity:1.00 Rating:0.97 Fuel:0.83,11,5.5,4.825845036741381,83.00992508560826,1.2316681197698371,AUTO_DISPATCHED
2026-03-25T14:58:10.371414,ORD-7713,D063,Wei Tanaka,V049,VAN,37.3382,-121.8863,37.8044,-122.2711,368.7400865893335,0.934683120663294,Proximity:1.00 Rating:0.94 Fuel:0.74,11,5.5,4.7233047736129565,73.57588414371514,1.1690317197437614,AUTO_DISPATCHED
2026-03-25T14:58:11.262720,ORD-3370,D016,Maria Ivanova,V033,CAR,37.7749,-122.4194,37.5485,-121.9886,453.0107097269635,0.8810399059065809,Proximity:1.00 Rating:0.86 Fuel:0.63,11,5.5,4.294640999953669,63.08727944152617,2.8301322603084085,AUTO_DISPATCHED
2026-03-25T14:58:16.204009,ORD-8825,D023,Michael Khan,V013,CAR,37.7749,-122.4194,37.5485,-121.9886,464.8684502244776,0.9371160028928559,Proximity:1.00 Rating:0.95 Fuel:0.78,11,5.5,4.734936805978198,78.40830909895858,1.5915146395767934,AUTO_DISPATCHED
2026-03-25T14:58:19.597639,ORD-3456,D028,Daniel Kim,V057,VAN,37.8044,-122.2711,37.7749,-122.4194,224.97547249699034,0.9707206515182736,Proximity:1.00 Rating:0.96 Fuel:0.97,11,5.5,4.8139742418068545,97.2098618166103,1.4122488703132752,AUTO_DISPATCHED
2026-03-25T14:58:20.314835,ORD-4512,D041,Emily Brown,V035,TRUCK,37.3382,-121.8863,37.5485,-121.9886,485.7210166311511,0.9021534131932574,Proximity:1.00 Rating:0.88 Fuel:0.65,11,5.5,4.398877929593388,64.5434567278397,1.6493511265790195,AUTO_DISPATCHED
2026-03-25T14:58:21.545360,ORD-6704,D015,John Martin,V017,BIKE,37.3382,-121.8863,37.7749,-122.4194,411.5412481859232,0.8378943326481902,Proximity:1.00 Rating:0.93 Fuel:0.90,11,5.5,4.661732629638896,89.9082220486571,2.674984448828094,AUTO_DISPATCHED
2026-03-25T14:58:24.247785,ORD-9832,D050,Wei Ali,V023,CAR,37.3382,-121.8863,37.8044,-122.2711,113.11408068223247,0.9310891623157301,Proximity:1.00 Rating:0.87 Fuel:0.86,11,5.5,4.373227792089459,85.99938931651634,1.8271226674098218,AUTO_DISPATCHED
2026-03-25T14:58:25.691315,ORD-1164,D067,Sarah Miller,V042,DRONE,37.8044,-122.2711,37.5485,-121.9886,278.3035760347501,0.8492424075775402,Proximity:1.00 Rating:0.94 Fuel:0.89,11,5.5,4.713017799018655,89.23987324236862,1.851049139740705,AUTO_DISPATCHED
2026-03-25T14:58:26.458209,ORD-1359,D065,John Tanaka,V067,DRONE,37.8044,-122.2711,37.7749,-122.4194,465.7108556735051,0.8425446020066124,Proximity:1.00 Rating:0.92 Fuel:0.88,11,5.5,4.594788445176034,87.94462153352782,1.8531094480576473,AUTO_DISPATCHED
2026-03-25T14:58:30.663761,ORD-8698,D034,Daniel Ivanova,V027,CAR,37.8044,-122.2711,37.5485,-121.9886,307.8290249447149,0.9142268701305414,Proximity:1.00 Rating:0.89 Fuel:0.74,11,5.5,4.445039979006866,74.38145574558126,2.0117530118484046,AUTO_DISPATCHED
2026-03-25T14:58:31.685552,ORD-7214,D011,James Zhang,V026,SCOOTER,37.8044,-122.2711,37.5485,-121.9886,320.76529333128684,0.8301657790337067,Proximity:1.00 Rating:0.85 Fuel:0.87,11,5.5,4.255358240091631,86.60946631670248,1.5970200036009699,AUTO_DISPATCHED
2026-03-25T14:58:33.013094,ORD-5744,D040,Sarah Wilson,V050,CAR,37.7749,-122.4194,37.8044,-122.2711,115.24150520093212,0.9482355924765099,Proximity:1.00 Rating:0.97 Fuel:0.85,11,5.5,4.842457317784014,84.64905915779232,1.7949031177231252,AUTO_DISPATCHED
2026-03-25T14:58:33.919069,ORD-8721,D037,Omar Rossi,V068,SCOOTER,37.8044,-122.2711,37.5485,-121.9886,271.9910487719678,0.8593544204083907,Proximity:1.00 Rating:0.92 Fuel:0.98,11,5.5,4.57883137840671,97.65996875095593,1.6231030283449175,AUTO_DISPATCHED
2026-03-25T14:58:34.966510,ORD-4456,D020,Carlos Wilson,V007,SCOOTER,37.7749,-122.4194,37.8044,-122.2711,477.2338164653581,0.8487196700111512,Proximity:1.00 Rating:0.89 Fuel:0.86,11,5.5,4.442497339936686,85.86656011259595,0.6224051004168092,AUTO_DISPATCHED
2026-03-25T14:58:36.474479,ORD-3769,D068,Priya Davis,V029,DRONE,37.8044,-122.2711,37.5485,-121.9886,212.93626985006253,0.8255232732128062,Proximity:1.00 Rating:0.88 Fuel:0.86,11,5.5,4.3912276992778,85.68040369270733,2.2917152237893386,AUTO_DISPATCHED
2026-03-25T14:58:40.216659,ORD-1110,D007,Sophie Garcia,V003,TRUCK,37.7749,-122.4194,37.8044,-122.2711,159.95517207449646,0.9403503840099061,Proximity:1.00 Rating:0.96 Fuel:0.68,11,5.5,4.782942449082069,67.75627656815354,0.20813830444855919,AUTO_DISPATCHED
2026-03-25T14:58:41.170473,ORD-1352,D010,Jennifer Davis,V052,VAN,37.7749,-122.4194,37.8044,-122.2711,158.84298125196463,0.9155628559848106,Proximity:1.00 Rating:0.85 Fuel:0.65,11,5.5,4.26215320320482,65.44892315510563,0.24773255008325146,AUTO_DISPATCHED
2026-03-25T14:58:42.202272,ORD-6361,D064,David Zhang,V048,DRONE,37.8044,-122.2711,37.7749,-122.4194,116.39117065194023,0.8563945664537811,Proximity:1.00 Rating:0.93 Fuel:0.86,11,5.5,4.6582715186036,85.62134604335031,0.6694650684310597,AUTO_DISPATCHED
2026-03-25T14:58:44.175786,ORD-6034,D047,Alex Tanaka,V028,TRUCK,37.8044,-122.2711,37.7749,-122.4194,297.21218516153976,0.9796734719494771,Proximity:1.00 Rating:0.94 Fuel:0.97,11,5.5,4.704822979729561,97.3521798582405,0.3638173621652978,AUTO_DISPATCHED
2026-03-25T14:58:48.697938,ORD-2141,D070,Alex Martin,V039,CAR,37.7749,-122.4194,37.5485,-121.9886,211.3633065266941,0.9740077522323246,Proximity:1.00 Rating:0.92 Fuel:0.96,11,5.5,4.613176660131482,96.00657324354556,0.3623339230602398,AUTO_DISPATCHED
2026-03-25T14:58:50.083889,ORD-3540,D019,Lucas Johnson,V031,TRUCK,37.3382,-121.8863,37.8044,-122.2711,483.92538168815764,0.9567498458283148,Proximity:1.00 Rating:0.99 Fuel:0.80,11,5.5,4.97256770441756,80.14231386511068,0.9893066516842901,AUTO_DISPATCHED
2026-03-25T14:58:50.801087,ORD-3012,D028,Daniel Kim,V057,VAN,37.8044,-122.2711,37.7749,-122.4194,365.37890866473373,0.9707206515182736,Proximity:1.00 Rating:0.96 Fuel:0.97,11,5.5,4.8139742418068545,97.2098618166103,1.4122488703132752,AUTO_DISPATCHED
2026-03-25T14:58:51.034884,ORD-4393,D025,Olivia Brown,V012,VAN,37.8044,-122.2711,37.7749,-122.4194,403.9957814118904,0.9421736039833662,Proximity:1.00 Rating:0.97 Fuel:0.80,11,5.5,4.853483973938181,80.05411937148814,1.7637547225114498,AUTO_DISPATCHED
2026-03-25T14:58:59.269936,ORD-7773,D022,Olivia Rossi,V061,CAR,37.8044,-122.2711,37.5485,-121.9886,191.65283758081077,0.9530003234160664,Proximity:1.00 Rating:0.99 Fuel:0.83,11,5.5,4.932889267858523,83.38385923677885,1.551282892275426,AUTO_DISPATCHED
2026-03-25T14:58:59.549387,ORD-1170,D036,Priya Davis,V062,CAR,37.7749,-122.4194,37.5485,-121.9886,439.5419664430797,0.9461911557702579,Proximity:1.00 Rating:0.96 Fuel:0.82,11,5.5,4.818690625059436,82.23361398084853,1.592551216271385,AUTO_DISPATCHED
2026-03-25T14:59:00.764537,ORD-7188,D021,Jennifer Zhang,V004,TRUCK,37.3382,-121.8863,37.7749,-122.4194,176.69911607061232,0.939577635371323,Proximity:1.00 Rating:0.92 Fuel:0.79,11,5.5,4.597673272294942,78.96693515794286,1.0223758605911222,AUTO_DISPATCHED
2026-03-25T14:59:01.843456,ORD-6932,D027,Emma Lee,V040,TRUCK,37.7749,-122.4194,37.5485,-121.9886,376.2148743492417,0.9108845045116432,Proximity:1.00 Rating:0.88 Fuel:0.71,11,5.5,4.379547215931894,70.93107536401676,1.6555197737326166,AUTO_DISPATCHED
2026-03-25T14:59:05.296852,ORD-8619,D040,Sarah Wilson,V050,CAR,37.7749,-122.4194,37.8044,-122.2711,156.15706854861247,0.9482355924765099,Proximity:1.00 Rating:0.97 Fuel:0.85,11,5.5,4.842457317784014,84.64905915779232,1.7949031177231252,AUTO_DISPATCHED
2026-03-25T14:59:07.886410,ORD-3639,D017,John Jones,V002,TRUCK,37.8044,-122.2711,37.5485,-121.9886,178.6123950291321,0.9260930728282759,Proximity:1.00 Rating:0.98 Fuel:0.71,11,5.5,4.902855601616219,71.30293256326176,2.1580440065012416,AUTO_DISPATCHED
2026-03-25T14:59:11.573279,ORD-5771,D007,Sophie Garcia,V003,TRUCK,37.7749,-122.4194,37.8044,-122.2711,467.4996563019863,0.9403503840099061,Proximity:1.00 Rating:0.96 Fuel:0.68,11,5.5,4.782942449082069,67.75627656815354,0.20813830444855919,AUTO_DISPATCHED
2026-03-25T14:59:12.586033,ORD-8656,D003,Robert Taylor,V052,VAN,37.3382,-121.8863,37.8044,-122.2711,374.92946836472163,0.9119287296679479,Proximity:1.00 Rating:0.85 Fuel:0.65,11,5.5,4.253937941307941,65.44892315510563,0.5121738173622532,AUTO_DISPATCHED
2026-03-25T14:59:13.753348,ORD-2516,D064,David Zhang,V035,TRUCK,37.8044,-122.2711,37.7749,-122.4194,205.46142194333493,0.9247777324805152,Proximity:1.00 Rating:0.93 Fuel:0.65,11,5.5,4.6582715186036,64.5434567278397,0.6694650684310597,AUTO_DISPATCHED
2026-03-25T14:59:14.709214,ORD-6254,D065,John Tanaka,V059,SCOOTER,37.8044,-122.2711,37.5485,-121.9886,280.72779573447326,0.8569088227605038,Proximity:1.00 Rating:0.92 Fuel:0.98,11,5.5,4.594788445176034,97.5207687027887,1.8531094480576473,AUTO_DISPATCHED
2026-03-25T14:59:19.574291,ORD-8109,D041,Emily Brown,V067,DRONE,37.3382,-121.8863,37.5485,-121.9886,177.5323706871285,0.8372551604017896,Proximity:1.00 Rating:0.88 Fuel:0.88,11,5.5,4.398877929593388,87.94462153352782,1.6493511265790195,AUTO_DISPATCHED
2026-03-25T14:59:20.339222,ORD-4411,D013,Fatima Martin,V058,BIKE,37.8044,-122.2711,37.5485,-121.9886,495.8610958778356,0.8384242643083585,Proximity:1.00 Rating:0.90 Fuel:0.88,11,5.5,4.483000314028064,87.69919032448473,1.7955626991592952,AUTO_DISPATCHED
2026-03-25T14:59:20.494144,ORD-9390,D045,Kevin Smith,V024,BIKE,37.3382,-121.8863,37.5485,-121.9886,395.53519010360014,0.8278233477371374,Proximity:1.00 Rating:0.86 Fuel:0.87,11,5.5,4.31371231352753,86.79535009833205,1.9934535961169515,AUTO_DISPATCHED
2026-03-25T14:59:28.737109,ORD-5511,D052,Isabella Jones,V057,VAN,37.3382,-121.8863,37.5485,-121.9886,336.20978559026526,0.9446770048157074,Proximity:1.00 Rating:0.87 Fuel:0.97,11,5.5,4.365198744478376,97.2098618166103,2.0596590150674468,AUTO_DISPATCHED
2026-03-25T14:59:30.227329,ORD-8617,D042,Lucas Lopez,V020,CAR,37.3382,-121.8863,37.5485,-121.9886,369.55891352530716,0.9248490272055448,Proximity:1.00 Rating:0.96 Fuel:0.85,11,5.5,4.793510740355556,84.8887711520826,3.5379647309440925,AUTO_DISPATCHED
2026-03-25T14:59:30.320877,ORD-4112,D038,Robert Lee,V012,VAN,37.3382,-121.8863,37.5485,-121.9886,116.54904061524904,0.9167519019667522,Proximity:1.00 Rating:0.95 Fuel:0.80,11,5.5,4.768547839987649,80.05411937148814,3.5256952551988854,AUTO_DISPATCHED
2026-03-25T14:59:30.960364,ORD-8223,D006,Priya Martin,V047,DRONE,37.7749,-122.4194,37.5485,-121.9886,482.3079187819926,0.870541318705448,Proximity:1.00 Rating:0.98 Fuel:0.97,11,5.5,4.922218354849054,97.43564348256106,1.8000704569884522,AUTO_DISPATCHED
2026-03-25T14:59:30.975787,ORD-4792,D024,Ahmed Jones,V043,SCOOTER,37.3382,-121.8863,37.8044,-122.2711,378.1900636389242,0.8366924822719904,Proximity:1.00 Rating:0.87 Fuel:0.94,11,5.5,4.365663087309734,94.05091930659422,2.3208336144232176,AUTO_DISPATCHED
2026-03-25T14:59:31.803585,ORD-6010,D060,Michael Silva,V063,VAN,37.3382,-121.8863,37.8044,-122.2711,169.94206388922237,0.9125169807769464,Proximity:1.00 Rating:0.85 Fuel:0.81,11,5.5,4.262540258220738,81.4475264243163,2.4124735350685964,AUTO_DISPATCHED
2026-03-25T14:59:34.751188,ORD-9441,D049,Robert Rodriguez,V032,VAN,37.3382,-121.8863,37.5485,-121.9886,163.035708491521,0.9177234881616951,Proximity:1.00 Rating:0.95 Fuel:0.63,11,5.5,4.737100718764635,63.07649906344823,1.3100231347250064,AUTO_DISPATCHED
2026-03-25T14:59:38.814872,ORD-6320,D035,Maria Martin,V050,CAR,37.8044,-122.2711,37.7749,-122.4194,499.8463394264975,0.9540907256191588,Proximity:1.00 Rating:0.92 Fuel:0.85,11,5.5,4.606542045854612,84.64905915779232,0.5715635961371381,AUTO_DISPATCHED
2026-03-25T14:59:40.011661,ORD-1613,D032,Lisa Park,V027,CAR,37.3382,-121.8863,37.7749,-122.4194,371.0817314991318,0.8999604035444926,Proximity:1.00 Rating:0.89 Fuel:0.74,11,5.5,4.473129044275832,74.38145574558126,3.242955347593004,AUTO_DISPATCHED
2026-03-25T14:59:41.620237,ORD-5763,D066,Nina Taylor,V033,CAR,37.3382,-121.8863,37.7749,-122.4194,403.013291212427,0.8805213879521627,Proximity:1.00 Rating:0.90 Fuel:0.63,11,5.5,4.489089398533946,63.08727944152617,3.493848572118745,AUTO_DISPATCHED
2026-03-25T14:59:43.131862,ORD-3061,D028,Daniel Kim,V013,CAR,37.8044,-122.2711,37.5485,-121.9886,309.5021004435199,0.9425183224417961,Proximity:1.00 Rating:0.96 Fuel:0.78,11,5.5,4.8139742418068545,78.40830909895858,1.4122488703132752,AUTO_DISPATCHED
2026-03-25T14:59:43.615407,ORD-8939,D007,Sophie Garcia,V003,TRUCK,37.3382,-121.8863,37.5485,-121.9886,223.93185979728938,0.5903503840099061,Proximity:0.00 Rating:0.96 Fuel:0.68,11,5.5,4.782942449082069,67.75627656815354,0.20813830444855919,AUTO_DISPATCHED
2026-03-25T14:59:43.726203,ORD-1841,D040,Sarah Wilson,V068,SCOOTER,37.7749,-122.4194,37.5485,-121.9886,155.55804621629363,0.8677519568662553,Proximity:1.00 Rating:0.97 Fuel:0.98,11,5.5,4.842457317784014,97.65996875095593,1.7949031177231252,AUTO_DISPATCHED
2026-03-25T14:59:48.325715,ORD-6817,D023,Michael Khan,V035,TRUCK,37.7749,-122.4194,37.5485,-121.9886,299.28447001892346,0.9163187243361776,Proximity:1.00 Rating:0.95 Fuel:0.65,11,5.5,4.734936805978198,64.5434567278397,1.5915146395767934,AUTO_DISPATCHED
2026-03-25T14:59:49.102958,ORD-6067,D010,Jennifer Davis,V026,SCOOTER,37.7749,-122.4194,37.8044,-122.2711,300.5665705181938,0.8473036707272057,Proximity:1.00 Rating:0.85 Fuel:0.87,11,5.5,4.26215320320482,86.60946631670248,0.24773255008325146,AUTO_DISPATCHED
2026-03-25T14:59:49.804767,ORD-7804,D004,Alex Farooq,V007,SCOOTER,37.7749,-122.4194,37.8044,-122.2711,298.14102354514546,0.8416841320623367,Proximity:1.00 Rating:0.98 Fuel:0.86,11,5.5,4.901637884724497,85.86656011259595,2.6544978796429604,AUTO_DISPATCHED
2026-03-25T14:59:58.119510,ORD-3345,D053,Sarah Khan,V019,TRUCK,37.3382,-121.8863,37.7749,-122.4194,430.9634455007547,0.9521528376009445,Proximity:1.00 Rating:0.97 Fuel:0.83,11,5.5,4.825845036741381,83.00992508560826,1.2316681197698371,AUTO_DISPATCHED
2026-03-25T14:59:59.493808,ORD-9511,D063,Wei Tanaka,V049,VAN,37.3382,-121.8863,37.8044,-122.2711,495.75633290515515,0.934683120663294,Proximity:1.00 Rating:0.94 Fuel:0.74,11,5.5,4.7233047736129565,73.57588414371514,1.1690317197437614,AUTO_DISPATCHED
2026-03-25T14:59:59.508954,ORD-8558,D064,David Zhang,V029,DRONE,37.8044,-122.2711,37.5485,-121.9886,127.46488821278095,0.8564831529278166,Proximity:1.00 Rating:0.93 Fuel:0.86,11,5.5,4.6582715186036,85.68040369270733,0.6694650684310597,AUTO_DISPATCHED
2026-03-25T15:00:00.476384,ORD-9824,D059,Alex Ali,V048,DRONE,37.7749,-122.4194,37.8044,-122.2711,125.33947770129528,0.8348531775209113,Proximity:1.00 Rating:0.87 Fuel:0.86,11,5.5,4.328123679336022,85.62134604335031,1.336303097404398,AUTO_DISPATCHED
2026-03-25T15:00:01.834527,ORD-3250,D025,Olivia Brown,V046,TRUCK,37.8044,-122.2711,37.5485,-121.9886,322.9952076907232,0.9697772869156652,Proximity:1.00 Rating:0.97 Fuel:0.98,11,5.5,4.853483973938181,98.45657465968748,1.7637547225114498,AUTO_DISPATCHED
2026-03-25T15:00:06.089367,ORD-8241,D014,Carlos Lee,V067,DRONE,37.7749,-122.4194,37.8044,-122.2711,287.4187900746168,0.8377674331548128,Proximity:1.00 Rating:0.99 Fuel:0.88,11,5.5,4.944414477323557,87.94462153352782,3.354086259073699,AUTO_DISPATCHED
2026-03-25T15:00:08.442081,ORD-2051,D031,Chris Farooq,V061,CAR,37.7749,-122.4194,37.5485,-121.9886,439.8164633178908,0.9218530360751807,Proximity:1.00 Rating:0.95 Fuel:0.83,11,5.5,4.752425276323585,83.38385923677885,3.4655811066344717,AUTO_DISPATCHED
2026-03-25T15:00:09.100136,ORD-9028,D039,James Khan,V024,BIKE,37.3382,-121.8863,37.5485,-121.9886,413.80987229323745,0.8695357098657426,Proximity:1.00 Rating:0.98 Fuel:0.87,11,5.5,4.879087325347912,86.79535009833205,0.4656646636537558,AUTO_DISPATCHED
2026-03-25T15:00:09.819848,ORD-5485,D016,Maria Ivanova,V050,CAR,37.7749,-122.4194,37.8044,-122.2711,243.72674631657966,0.9133825754809802,Proximity:1.00 Rating:0.86 Fuel:0.85,11,5.5,4.294640999953669,84.64905915779232,2.8301322603084085,AUTO_DISPATCHED
2026-03-25T15:00:11.911602,ORD-2884,D022,Olivia Rossi,V023,CAR,37.8044,-122.2711,37.7749,-122.4194,116.42075079148148,0.9569236185356726,Proximity:1.00 Rating:0.99 Fuel:0.86,11,5.5,4.932889267858523,85.99938931651634,1.551282892275426,AUTO_DISPATCHED
2026-03-25T15:00:12.602394,ORD-2846,D043,Emily Taylor,V057,VAN,37.7749,-122.4194,37.5485,-121.9886,281.10820485008134,0.9207933246198339,Proximity:1.00 Rating:0.84 Fuel:0.97,11,5.5,4.202969129184623,97.2098618166103,3.451218661797308,AUTO_DISPATCHED
2026-03-25T15:00:14.891433,ORD-5750,D041,Emily Brown,V020,CAR,37.3382,-121.8863,37.7749,-122.4194,390.1605945868532,0.9326713848296218,Proximity:1.00 Rating:0.88 Fuel:0.85,11,5.5,4.398877929593388,84.8887711520826,1.6493511265790195,AUTO_DISPATCHED
2026-03-25T15:00:16.230474,ORD-5372,D050,Wei Ali,V039,CAR,37.3382,-121.8863,37.7749,-122.4194,328.356870542447,0.9460999382062739,Proximity:1.00 Rating:0.87 Fuel:0.96,11,5.5,4.373227792089459,96.00657324354556,1.8271226674098218,AUTO_DISPATCHED
2026-03-25T15:00:20.941543,ORD-5931,D049,Robert Rodriguez,V002,TRUCK,37.3382,-121.8863,37.8044,-122.2711,216.45596783719338,0.9300631384114155,Proximity:1.00 Rating:0.95 Fuel:0.71,11,5.5,4.737100718764635,71.30293256326176,1.3100231347250064,AUTO_DISPATCHED
2026-03-25T15:00:21.518666,ORD-6640,D017,John Jones,V016,TRUCK,37.8044,-122.2711,37.7749,-122.4194,388.0462236855515,0.9219020194340473,Proximity:1.00 Rating:0.98 Fuel:0.69,11,5.5,4.902855601616219,68.50889696710931,2.1580440065012416,AUTO_DISPATCHED
2026-03-25T15:00:21.756573,ORD-1086,D046,Wei Lopez,V032,VAN,37.3382,-121.8863,37.5485,-121.9886,324.93159821293335,0.9079256124718124,Proximity:1.00 Rating:0.95 Fuel:0.63,11,5.5,4.770713481411641,63.07649906344823,2.2014140303860508,AUTO_DISPATCHED
2026-03-25T15:00:22.250103,ORD-7302,D037,Omar Rossi,V017,BIKE,37.8044,-122.2711,37.5485,-121.9886,433.35209799058237,0.8477268003549425,Proximity:1.00 Rating:0.92 Fuel:0.90,11,5.5,4.57883137840671,89.9082220486571,1.6231030283449175,AUTO_DISPATCHED
2026-03-25T15:00:22.514599,ORD-1063,D070,Alex Martin,V026,SCOOTER,37.7749,-122.4194,37.5485,-121.9886,266.02335667545503,0.85991209184206,Proximity:1.00 Rating:0.92 Fuel:0.87,11,5.5,4.613176660131482,86.60946631670248,0.3623339230602398,AUTO_DISPATCHED
2026-03-25T15:00:22.796577,ORD-9239,D015,John Martin,V007,SCOOTER,37.3382,-121.8863,37.5485,-121.9886,468.24451867509015,0.8318318397440985,Proximity:1.00 Rating:0.93 Fuel:0.86,11,5.5,4.661732629638896,85.86656011259595,2.674984448828094,AUTO_DISPATCHED
2026-03-25T15:00:25.732179,ORD-6997,D057,Emma Farooq,V065,DRONE,37.3382,-121.8863,37.7749,-122.4194,409.67491577366803,0.8482781920193627,Proximity:1.00 Rating:0.89 Fuel:0.89,11,5.5,4.44144089155161,89.40880842515605,1.0794125024348555,AUTO_DISPATCHED
2026-03-25T15:00:26.339569,ORD-5249,D012,Emily Smith,V056,BIKE,37.8044,-122.2711,37.7749,-122.4194,177.75107102065482,0.8319925440404311,Proximity:1.00 Rating:0.96 Fuel:0.85,11,5.5,4.814296984842879,85.3433109921403,3.0875441473195515,AUTO_DISPATCHED
2026-03-25T15:00:29.268919,ORD-1870,D007,Sophie Garcia,V062,CAR,37.7749,-122.4194,37.5485,-121.9886,472.4110936743083,0.9620663901289486,Proximity:1.00 Rating:0.96 Fuel:0.82,11,5.5,4.782942449082069,82.23361398084853,0.20813830444855919,AUTO_DISPATCHED
2026-03-25T15:00:30.622537,ORD-7329,D036,Priya Davis,V040,TRUCK,37.7749,-122.4194,37.5485,-121.9886,294.36116071845777,0.9292373478450103,Proximity:1.00 Rating:0.96 Fuel:0.71,11,5.5,4.818690625059436,70.93107536401676,1.592551216271385,AUTO_DISPATCHED
2026-03-25T15:00:32.040930,ORD-5188,D013,Fatima Martin,V003,TRUCK,37.8044,-122.2711,37.7749,-122.4194,314.9779379044753,0.9085098936738617,Proximity:1.00 Rating:0.90 Fuel:0.68,11,5.5,4.483000314028064,67.75627656815354,1.7955626991592952,AUTO_DISPATCHED
2026-03-25T15:00:34.036102,ORD-1425,D034,Daniel Ivanova,V058,BIKE,37.8044,-122.2711,37.7749,-122.4194,143.34787531177426,0.8342034719988967,Proximity:1.00 Rating:0.89 Fuel:0.88,11,5.5,4.445039979006866,87.69919032448473,2.0117530118484046,AUTO_DISPATCHED
2026-03-25T15:00:35.205999,ORD-2997,D011,James Zhang,V048,DRONE,37.8044,-122.2711,37.7749,-122.4194,116.88634017687605,0.8286835986236785,Proximity:1.00 Rating:0.85 Fuel:0.86,11,5.5,4.255358240091631,85.62134604335031,1.5970200036009699,AUTO_DISPATCHED
2026-03-25T15:00:35.720028,ORD-2389,D068,Priya Davis,V005,DRONE,37.8044,-122.2711,37.7749,-122.4194,357.40392623606994,0.8228886929102097,Proximity:1.00 Rating:0.88 Fuel:0.84,11,5.5,4.3912276992778,83.92401682430965,2.2917152237893386,AUTO_DISPATCHED
2026-03-25T15:00:36.890693,ORD-3620,D004,Alex Farooq,V067,DRONE,37.7749,-122.4194,37.8044,-122.2711,184.65168234387448,0.8448012241937345,Proximity:1.00 Rating:0.98 Fuel:0.88,11,5.5,4.901637884724497,87.94462153352782,2.6544978796429604,AUTO_DISPATCHED
2026-03-25T15:00:39.712132,ORD-9279,D059,Alex Ali,V031,TRUCK,37.7749,-122.4194,37.8044,-122.2711,361.0784355529432,0.9266346292535518,Proximity:1.00 Rating:0.87 Fuel:0.80,11,5.5,4.328123679336022,80.14231386511068,1.336303097404398,AUTO_DISPATCHED
2026-03-25T15:00:39.743389,ORD-8800,D014,Carlos Lee,V038,BIKE,37.7749,-122.4194,37.8044,-122.2711,238.74297233703425,0.8302911420705136,Proximity:1.00 Rating:0.99 Fuel:0.83,11,5.5,4.944414477323557,82.96042747732838,3.354086259073699,AUTO_DISPATCHED
2026-03-25T15:00:41.101720,ORD-8822,D027,Emma Lee,V050,CAR,37.7749,-122.4194,37.8044,-122.2711,468.2893585301625,0.9314614802023067,Proximity:1.00 Rating:0.88 Fuel:0.85,11,5.5,4.379547215931894,84.64905915779232,1.6555197737326166,AUTO_DISPATCHED
2026-03-25T15:00:47.000743,ORD-9474,D022,Olivia Rossi,V023,CAR,37.8044,-122.2711,37.5485,-121.9886,453.2141045519825,0.9569236185356726,Proximity:1.00 Rating:0.99 Fuel:0.86,11,5.5,4.932889267858523,85.99938931651634,1.551282892275426,AUTO_DISPATCHED
2026-03-25T15:00:49.731126,ORD-6900,D016,Maria Ivanova,V008,DRONE,37.7749,-122.4194,37.5485,-121.9886,304.7648159398168,0.8106194381585243,Proximity:1.00 Rating:0.86 Fuel:0.83,11,5.5,4.294640999953669,82.80696760948848,2.8301322603084085,AUTO_DISPATCHED
2026-03-25T15:00:53.239870,ORD-8174,D028,Daniel Kim,V013,CAR,37.8044,-122.2711,37.7749,-122.4194,475.61883777600946,0.9425183224417961,Proximity:1.00 Rating:0.96 Fuel:0.78,11,5.5,4.8139742418068545,78.40830909895858,1.4122488703132752,AUTO_DISPATCHED
2026-03-25T15:00:53.925865,ORD-3873,D039,James Khan,V016,TRUCK,37.3382,-121.8863,37.5485,-121.9886,344.76497209722925,0.9421060301689085,Proximity:1.00 Rating:0.98 Fuel:0.69,11,5.5,4.879087325347912,68.50889696710931,0.4656646636537558,AUTO_DISPATCHED
2026-03-25T15:00:54.491681,ORD-6804,D017,John Jones,V024,BIKE,37.8044,-122.2711,37.5485,-121.9886,149.27255654065345,0.8493316991308812,Proximity:1.00 Rating:0.98 Fuel:0.87,11,5.5,4.902855601616219,86.79535009833205,2.1580440065012416,AUTO_DISPATCHED
2026-03-25T15:00:57.980406,ORD-9395,D006,Priya Martin,V047,DRONE,37.7749,-122.4194,37.8044,-122.2711,454.1496245071966,0.870541318705448,Proximity:1.00 Rating:0.98 Fuel:0.97,11,5.5,4.922218354849054,97.43564348256106,1.8000704569884522,AUTO_DISPATCHED
2026-03-25T15:00:58.090199,ORD-3747,D012,Emily Smith,V056,BIKE,37.8044,-122.2711,37.5485,-121.9886,379.39063093256897,0.8319925440404311,Proximity:1.00 Rating:0.96 Fuel:0.85,11,5.5,4.814296984842879,85.3433109921403,3.0875441473195515,AUTO_DISPATCHED
2026-03-25T15:00:58.542427,ORD-8033,D055,Olivia Brown,V045,SCOOTER,37.8044,-122.2711,37.5485,-121.9886,354.1591150764932,0.8119176789631505,Proximity:1.00 Rating:0.95 Fuel:0.79,11,5.5,4.725599421575789,79.14843010908187,3.6663154450803073,AUTO_DISPATCHED
2026-03-25T15:00:58.604538,ORD-8801,D058,John Park,V041,SCOOTER,37.8044,-122.2711,37.5485,-121.9886,448.6030197015863,0.8104811442647241,Proximity:1.00 Rating:0.89 Fuel:0.79,11,5.5,4.434824917943559,78.81044053865483,2.810201060880053,AUTO_DISPATCHED
2026-03-25T15:00:59.695851,ORD-5509,D019,Lucas Johnson,V052,VAN,37.7749,-122.4194,37.5485,-121.9886,389.75144121321955,0.5847097597633073,Proximity:0.00 Rating:0.99 Fuel:0.65,11,5.5,4.97256770441756,65.44892315510563,0.9893066516842901,AUTO_DISPATCHED
2026-03-25T15:01:07.885918,ORD-7413,D020,Carlos Wilson,V004,TRUCK,37.7749,-122.4194,37.5485,-121.9886,475.5390784977157,0.9383702325791717,Proximity:1.00 Rating:0.89 Fuel:0.79,11,5.5,4.442497339936686,78.96693515794286,0.6224051004168092,AUTO_DISPATCHED
2026-03-25T15:01:09.323187,ORD-8716,D004,Alex Farooq,V003,TRUCK,37.7749,-122.4194,37.5485,-121.9886,290.44640168663534,0.9145187067456733,Proximity:1.00 Rating:0.98 Fuel:0.68,11,5.5,4.901637884724497,67.75627656815354,2.6544978796429604,AUTO_DISPATCHED
2026-03-25T15:01:10.387815,ORD-2384,D021,Jennifer Zhang,V031,TRUCK,37.3382,-121.8863,37.5485,-121.9886,129.66805740454112,0.9413407034320747,Proximity:1.00 Rating:0.92 Fuel:0.80,11,5.5,4.597673272294942,80.14231386511068,1.0223758605911222,AUTO_DISPATCHED
2026-03-25T15:01:16.251662,ORD-3374,D003,Robert Taylor,V046,TRUCK,37.3382,-121.8863,37.7749,-122.4194,397.7295236065196,0.9614402069248207,Proximity:1.00 Rating:0.85 Fuel:0.98,11,5.5,4.253937941307941,98.45657465968748,0.5121738173622532,AUTO_DISPATCHED
2026-03-25T15:01:17.687198,ORD-2655,D064,David Zhang,V050,CAR,37.8044,-122.2711,37.5485,-121.9886,145.7338313034204,0.9549361361254441,Proximity:1.00 Rating:0.93 Fuel:0.85,11,5.5,4.6582715186036,84.64905915779232,0.6694650684310597,AUTO_DISPATCHED
2026-03-25T15:01:19.854600,ORD-3417,D046,Wei Lopez,V063,VAN,37.3382,-121.8863,37.7749,-122.4194,353.7599462145895,0.9354821535131143,Proximity:1.00 Rating:0.95 Fuel:0.81,11,5.5,4.770713481411641,81.4475264243163,2.2014140303860508,AUTO_DISPATCHED
2026-03-25T15:01:21.245675,ORD-3496,D025,Olivia Brown,V035,TRUCK,37.8044,-122.2711,37.5485,-121.9886,477.64609466393273,0.9189076100178936,Proximity:1.00 Rating:0.97 Fuel:0.65,11,5.5,4.853483973938181,64.5434567278397,1.7637547225114498,AUTO_DISPATCHED
2026-03-25T15:01:22.698785,ORD-3201,D015,John Martin,V032,VAN,37.3382,-121.8863,37.8044,-122.2711,225.1095770572283,0.897646748170377,Proximity:1.00 Rating:0.93 Fuel:0.63,11,5.5,4.661732629638896,63.07649906344823,2.674984448828094,AUTO_DISPATCHED
2026-03-25T15:01:26.251582,ORD-2979,D028,Daniel Kim,V013,CAR,37.8044,-122.2711,37.7749,-122.4194,123.37332154564349,0.9425183224417961,Proximity:1.00 Rating:0.96 Fuel:0.78,11,5.5,4.8139742418068545,78.40830909895858,1.4122488703132752,AUTO_DISPATCHED
2026-03-25T15:01:27.773495,ORD-5771,D040,Sarah Wilson,V068,SCOOTER,37.7749,-122.4194,37.5485,-121.9886,321.4015733648874,0.8677519568662553,Proximity:1.00 Rating:0.97 Fuel:0.98,11,5.5,4.842457317784014,97.65996875095593,1.7949031177231252,AUTO_DISPATCHED
2026-03-25T15:01:28.336069,ORD-9338,D006,Priya Martin,V047,DRONE,37.7749,-122.4194,37.8044,-122.2711,196.59908864063613,0.870541318705448,Proximity:1.00 Rating:0.98 Fuel:0.97,11,5.5,4.922218354849054,97.43564348256106,1.8000704569884522,AUTO_DISPATCHED
2026-03-25T15:01:35.127788,ORD-2694,D037,Omar Rossi,V043,SCOOTER,37.8044,-122.2711,37.5485,-121.9886,361.91367265174193,0.8539408462418482,Proximity:1.00 Rating:0.92 Fuel:0.94,11,5.5,4.57883137840671,94.05091930659422,1.6231030283449175,AUTO_DISPATCHED
2026-03-25T15:01:36.563223,ORD-5477,D023,Michael Khan,V061,CAR,37.7749,-122.4194,37.8044,-122.2711,250.5808094687308,0.9445793280995863,Proximity:1.00 Rating:0.95 Fuel:0.83,11,5.5,4.734936805978198,83.38385923677885,1.5915146395767934,AUTO_DISPATCHED
2026-03-25T15:01:38.024713,ORD-7211,D013,Fatima Martin,V016,TRUCK,37.8044,-122.2711,37.5485,-121.9886,109.97111771177744,0.9096388242722954,Proximity:1.00 Rating:0.90 Fuel:0.69,11,5.5,4.483000314028064,68.50889696710931,1.7955626991592952,AUTO_DISPATCHED
2026-03-25T15:01:42.221138,ORD-3178,D039,James Khan,V057,VAN,37.3382,-121.8863,37.8044,-122.2711,274.57663496638907,0.9851574774431598,Proximity:1.00 Rating:0.98 Fuel:0.97,11,5.5,4.879087325347912,97.2098618166103,0.4656646636537558,AUTO_DISPATCHED
2026-03-25T15:01:43.017927,ORD-3059,D052,Isabella Jones,V027,CAR,37.3382,-121.8863,37.8044,-122.2711,440.44293015219995,0.9104343957091638,Proximity:1.00 Rating:0.87 Fuel:0.74,11,5.5,4.365198744478376,74.38145574558126,2.0596590150674468,AUTO_DISPATCHED
2026-03-25T15:01:47.883258,ORD-6389,D063,Wei Tanaka,V049,VAN,37.3382,-121.8863,37.7749,-122.4194,309.17425338685825,0.934683120663294,Proximity:1.00 Rating:0.94 Fuel:0.74,11,5.5,4.7233047736129565,73.57588414371514,1.1690317197437614,AUTO_DISPATCHED
2026-03-25T15:01:49.078589,ORD-2516,D059,Alex Ali,V033,CAR,37.7749,-122.4194,37.8044,-122.2711,131.7910928794177,0.9010520776181751,Proximity:1.00 Rating:0.87 Fuel:0.63,11,5.5,4.328123679336022,63.08727944152617,1.336303097404398,AUTO_DISPATCHED
2026-03-25T15:01:52.106541,ORD-4042,D045,Kevin Smith,V017,BIKE,37.3382,-121.8863,37.8044,-122.2711,287.5861008258039,0.832492655662625,Proximity:1.00 Rating:0.86 Fuel:0.90,11,5.5,4.31371231352753,89.9082220486571,1.9934535961169515,AUTO_DISPATCHED
2026-03-25T15:01:55.172000,ORD-8219,D021,Jennifer Zhang,V031,TRUCK,37.3382,-121.8863,37.8044,-122.2711,387.9473600633724,0.9413407034320747,Proximity:1.00 Rating:0.92 Fuel:0.80,11,5.5,4.597673272294942,80.14231386511068,1.0223758605911222,AUTO_DISPATCHED
2026-03-25T15:01:56.122848,ORD-8351,D022,Olivia Rossi,V023,CAR,37.8044,-122.2711,37.5485,-121.9886,333.56683472195647,0.9569236185356726,Proximity:1.00 Rating:0.99 Fuel:0.86,11,5.5,4.932889267858523,85.99938931651634,1.551282892275426,AUTO_DISPATCHED
2026-03-25T15:01:56.811699,ORD-2075,D028,Daniel Kim,V062,CAR,37.8044,-122.2711,37.7749,-122.4194,289.33567997605655,0.948256279764631,Proximity:1.00 Rating:0.96 Fuel:0.82,11,5.5,4.8139742418068545,82.23361398084853,1.4122488703132752,AUTO_DISPATCHED
2026-03-25T15:01:57.681812,ORD-2399,D034,Daniel Ivanova,V013,CAR,37.8044,-122.2711,37.7749,-122.4194,333.33978738227825,0.9202671501606075,Proximity:1.00 Rating:0.89 Fuel:0.78,11,5.5,4.445039979006866,78.40830909895858,2.0117530118484046,AUTO_DISPATCHED
2026-03-25T15:01:58.524099,ORD-4590,D053,Sarah Khan,V019,TRUCK,37.3382,-121.8863,37.7749,-122.4194,216.38763010595557,0.9521528376009445,Proximity:1.00 Rating:0.97 Fuel:0.83,11,5.5,4.825845036741381,83.00992508560826,1.2316681197698371,AUTO_DISPATCHED
2026-03-25T15:01:59.084233,ORD-7411,D042,Lucas Lopez,V040,TRUCK,37.3382,-121.8863,37.7749,-122.4194,260.76523286428267,0.9039124835234461,Proximity:1.00 Rating:0.96 Fuel:0.71,11,5.5,4.793510740355556,70.93107536401676,3.5379647309440925,AUTO_DISPATCHED
2026-03-25T15:02:00.749929,ORD-6812,D038,Robert Lee,V047,DRONE,37.3382,-121.8863,37.7749,-122.4194,349.80845316486074,0.8428241881333616,Proximity:1.00 Rating:0.95 Fuel:0.97,11,5.5,4.768547839987649,97.43564348256106,3.5256952551988854,AUTO_DISPATCHED
2026-03-25T15:02:01.560554,ORD-4954,D070,Alex Martin,V067,DRONE,37.7749,-122.4194,37.5485,-121.9886,358.24935344963006,0.8619148246672981,Proximity:1.00 Rating:0.92 Fuel:0.88,11,5.5,4.613176660131482,87.94462153352782,0.3623339230602398,AUTO_DISPATCHED
2026-03-25T15:02:02.354771,ORD-6757,D006,Priya Martin,V058,BIKE,37.7749,-122.4194,37.5485,-121.9886,284.87251674062014,0.8559366389683336,Proximity:1.00 Rating:0.98 Fuel:0.88,11,5.5,4.922218354849054,87.69919032448473,1.8000704569884522,AUTO_DISPATCHED
2026-03-25T15:02:03.058808,ORD-5037,D024,Ahmed Jones,V026,SCOOTER,37.3382,-121.8863,37.7749,-122.4194,217.0840956053203,0.8255303027871528,Proximity:1.00 Rating:0.87 Fuel:0.87,11,5.5,4.365663087309734,86.60946631670248,2.3208336144232176,AUTO_DISPATCHED
2026-03-25T15:02:03.806937,ORD-6090,D035,Maria Martin,V024,BIKE,37.8044,-122.2711,37.7749,-122.4194,497.1357358972338,0.8573101620299682,Proximity:1.00 Rating:0.92 Fuel:0.87,11,5.5,4.606542045854612,86.79535009833205,0.5715635961371381,AUTO_DISPATCHED
2026-03-25T15:02:04.913675,ORD-4618,D036,Priya Davis,V007,SCOOTER,37.7749,-122.4194,37.8044,-122.2711,369.2236275626856,0.851640574967879,Proximity:1.00 Rating:0.96 Fuel:0.86,11,5.5,4.818690625059436,85.86656011259595,1.592551216271385,AUTO_DISPATCHED
2026-03-25T15:02:08.956451,ORD-5314,D023,Michael Khan,V012,VAN,37.7749,-122.4194,37.5485,-121.9886,249.46369771793536,0.9395847183016502,Proximity:1.00 Rating:0.95 Fuel:0.80,11,5.5,4.734936805978198,80.05411937148814,1.5915146395767934,AUTO_DISPATCHED
2026-03-25T15:02:13.650415,ORD-9652,D014,Carlos Lee,V002,TRUCK,37.7749,-122.4194,37.8044,-122.2711,165.77637968416457,0.9128048996994137,Proximity:1.00 Rating:0.99 Fuel:0.71,11,5.5,4.944414477323557,71.30293256326176,3.354086259073699,AUTO_DISPATCHED
2026-03-25T15:02:14.851765,ORD-2739,D017,John Jones,V029,DRONE,37.8044,-122.2711,37.7749,-122.4194,136.8444962469137,0.8476592795224441,Proximity:1.00 Rating:0.98 Fuel:0.86,11,5.5,4.902855601616219,85.68040369270733,2.1580440065012416,AUTO_DISPATCHED
2026-03-25T15:02:14.929204,ORD-9473,D065,John Tanaka,V048,DRONE,37.8044,-122.2711,37.7749,-122.4194,326.94221084867627,0.8390596887713462,Proximity:1.00 Rating:0.92 Fuel:0.86,11,5.5,4.594788445176034,85.62134604335031,1.8531094480576473,AUTO_DISPATCHED
2026-03-25T15:02:21.811589,ORD-7756,D012,Emily Smith,V039,CAR,37.8044,-122.2711,37.5485,-121.9886,169.1103147671483,0.947987437417539,Proximity:1.00 Rating:0.96 Fuel:0.96,11,5.5,4.814296984842879,96.00657324354556,3.0875441473195515,AUTO_DISPATCHED
2026-03-25T15:02:22.752103,ORD-9495,D059,Alex Ali,V020,CAR,37.7749,-122.4194,37.8044,-122.2711,230.16394003767786,0.9337543151840096,Proximity:1.00 Rating:0.87 Fuel:0.85,11,5.5,4.328123679336022,84.8887711520826,1.336303097404398,AUTO_DISPATCHED
2026-03-25T15:02:25.056782,ORD-1169,D011,James Zhang,V033,CAR,37.8044,-122.2711,37.7749,-122.4194,243.8890334876327,0.8948824987209424,Proximity:1.00 Rating:0.85 Fuel:0.63,11,5.5,4.255358240091631,63.08727944152617,1.5970200036009699,AUTO_DISPATCHED
2026-03-25T15:02:27.494150,ORD-5033,D019,Lucas Johnson,V050,CAR,37.3382,-121.8863,37.5485,-121.9886,427.2078798876394,0.9635099637673372,Proximity:1.00 Rating:0.99 Fuel:0.85,11,5.5,4.97256770441756,84.64905915779232,0.9893066516842901,AUTO_DISPATCHED
2026-03-25T15:02:28.007841,ORD-1376,D010,Jennifer Davis,V062,CAR,37.7749,-122.4194,37.5485,-121.9886,264.4907940900017,0.9407398922234249,Proximity:1.00 Rating:0.85 Fuel:0.82,11,5.5,4.26215320320482,82.23361398084853,0.24773255008325146,AUTO_DISPATCHED
2026-03-25T15:02:29.477316,ORD-9966,D049,Robert Rodriguez,V013,CAR,37.3382,-121.8863,37.7749,-122.4194,265.6416945461019,0.9407212032149608,Proximity:1.00 Rating:0.95 Fuel:0.78,11,5.5,4.737100718764635,78.40830909895858,1.3100231347250064,AUTO_DISPATCHED
2026-03-25T15:02:33.328873,ORD-6701,D057,Emma Farooq,V052,VAN,37.3382,-121.8863,37.7749,-122.4194,281.41575140433116,0.912338364114287,Proximity:1.00 Rating:0.89 Fuel:0.65,11,5.5,4.44144089155161,65.44892315510563,1.0794125024348555,AUTO_DISPATCHED
2026-03-25T15:02:33.844262,ORD-9321,D041,Emily Brown,V035,TRUCK,37.3382,-121.8863,37.8044,-122.2711,220.3181026992519,0.9021534131932574,Proximity:1.00 Rating:0.88 Fuel:0.65,11,5.5,4.398877929593388,64.5434567278397,1.6493511265790195,AUTO_DISPATCHED
2026-03-25T15:02:38.199060,ORD-1148,D050,Wei Ali,V004,TRUCK,37.3382,-121.8863,37.5485,-121.9886,125.62110624723348,0.92054048107787,Proximity:1.00 Rating:0.87 Fuel:0.79,11,5.5,4.373227792089459,78.96693515794286,1.8271226674098218,AUTO_DISPATCHED
2026-03-25T15:02:38.636572,ORD-9110,D036,Priya Davis,V003,TRUCK,37.7749,-122.4194,37.8044,-122.2711,390.20272410321155,0.9244751496512155,Proximity:1.00 Rating:0.96 Fuel:0.68,11,5.5,4.818690625059436,67.75627656815354,1.592551216271385,AUTO_DISPATCHED
2026-03-25T15:02:38.791069,ORD-6426,D020,Carlos Wilson,V065,DRONE,37.7749,-122.4194,37.8044,-122.2711,305.85117429378164,0.8540330424799913,Proximity:1.00 Rating:0.89 Fuel:0.89,11,5.5,4.442497339936686,89.40880842515605,0.6224051004168092,AUTO_DISPATCHED
2026-03-25T15:02:39.321021,ORD-8133,D004,Alex Farooq,V024,BIKE,37.7749,-122.4194,37.8044,-122.2711,204.25489151442554,0.8430773170409409,Proximity:1.00 Rating:0.98 Fuel:0.87,11,5.5,4.901637884724497,86.79535009833205,2.6544978796429604,AUTO_DISPATCHED
2026-03-25T15:02:39.848410,ORD-6099,D035,Maria Martin,V007,SCOOTER,37.8044,-122.2711,37.7749,-122.4194,329.0109541294223,0.855916977051364,Proximity:1.00 Rating:0.92 Fuel:0.86,11,5.5,4.606542045854612,85.86656011259595,0.5715635961371381,AUTO_DISPATCHED
2026-03-25T15:02:40.531906,ORD-2298,D060,Michael Silva,V056,BIKE,37.3382,-121.8863,37.5485,-121.9886,375.9239232244085,0.8183606576286824,Proximity:1.00 Rating:0.85 Fuel:0.85,11,5.5,4.262540258220738,85.3433109921403,2.4124735350685964,AUTO_DISPATCHED
2026-03-25T15:02:46.129660,ORD-6247,D032,Lisa Park,V002,TRUCK,37.3382,-121.8863,37.7749,-122.4194,415.0267335604505,0.8953426187710134,Proximity:1.00 Rating:0.89 Fuel:0.71,11,5.5,4.473129044275832,71.30293256326176,3.242955347593004,AUTO_DISPATCHED
2026-03-25T15:02:48.575961,ORD-2062,D025,Olivia Brown,V016,TRUCK,37.8044,-122.2711,37.7749,-122.4194,181.82393610891108,0.924855770376798,Proximity:1.00 Rating:0.97 Fuel:0.69,11,5.5,4.853483973938181,68.50889696710931,1.7637547225114498,AUTO_DISPATCHED
2026-03-25T15:02:49.731815,ORD-4493,D014,Carlos Lee,V043,SCOOTER,37.7749,-122.4194,37.5485,-121.9886,421.31237698543316,0.8469268798144124,Proximity:1.00 Rating:0.99 Fuel:0.94,11,5.5,4.944414477323557,94.05091930659422,3.354086259073699,AUTO_DISPATCHED
2026-03-25T15:02:54.232844,ORD-3394,D027,Emma Lee,V020,CAR,37.7749,-122.4194,37.5485,-121.9886,371.5681027370592,0.9318210481937419,Proximity:1.00 Rating:0.88 Fuel:0.85,11,5.5,4.379547215931894,84.8887711520826,1.6555197737326166,AUTO_DISPATCHED
2026-03-25T15:02:54.527745,ORD-2610,D044,Sophie Kim,V068,SCOOTER,37.3382,-121.8863,37.8044,-122.2711,413.8492970043825,0.871607159875755,Proximity:1.00 Rating:0.88 Fuel:0.98,11,5.5,4.410853600716193,97.65996875095593,0.10535498234613039,AUTO_DISPATCHED
2026-03-25T15:02:55.586906,ORD-8003,D040,Sarah Wilson,V059,SCOOTER,37.3382,-121.8863,37.8044,-122.2711,362.46357063417815,0.5175431567940045,Proximity:0.00 Rating:0.97 Fuel:0.98,11,5.5,4.842457317784014,97.5207687027887,1.7949031177231252,AUTO_DISPATCHED
2026-03-25T15:02:56.143124,ORD-6262,D062,Lisa Anderson,V029,DRONE,37.8044,-122.2711,37.5485,-121.9886,177.24118990576181,0.8488093599125095,Proximity:1.00 Rating:0.97 Fuel:0.86,11,5.5,4.852548922735444,85.68040369270733,1.905056202877538,AUTO_DISPATCHED
2026-03-25T15:03:00.841739,ORD-2537,D017,John Jones,V048,DRONE,37.8044,-122.2711,37.7749,-122.4194,205.16187883184557,0.8475706930484086,Proximity:1.00 Rating:0.98 Fuel:0.86,11,5.5,4.902855601616219,85.62134604335031,2.1580440065012416,AUTO_DISPATCHED
2026-03-25T15:03:01.935879,ORD-1404,D037,Omar Rossi,V005,DRONE,37.3382,-121.8863,37.7749,-122.4194,101.49293393973093,0.4887504925184214,Proximity:0.00 Rating:0.92 Fuel:0.84,11,5.5,4.57883137840671,83.92401682430965,1.6231030283449175,AUTO_DISPATCHED
2026-03-25T15:03:02.967128,ORD-2507,D047,Alex Tanaka,V038,BIKE,37.8044,-122.2711,37.5485,-121.9886,202.44283974864248,0.8580858433781087,Proximity:1.00 Rating:0.94 Fuel:0.83,11,5.5,4.704822979729561,82.96042747732838,0.3638173621652978,AUTO_DISPATCHED
2026-03-25T15:03:05.549873,ORD-8965,D016,Maria Ivanova,V023,CAR,37.7749,-122.4194,37.8044,-122.2711,420.6198491045493,0.915408070719066,Proximity:1.00 Rating:0.86 Fuel:0.86,11,5.5,4.294640999953669,85.99938931651634,2.8301322603084085,AUTO_DISPATCHED
2026-03-25T15:03:06.518348,ORD-1265,D022,Olivia Rossi,V008,DRONE,37.3382,-121.8863,37.7749,-122.4194,241.2173658625977,0.502134985975131,Proximity:0.00 Rating:0.99 Fuel:0.83,11,5.5,4.932889267858523,82.80696760948848,1.551282892275426,AUTO_DISPATCHED
2026-03-25T15:03:10.286361,ORD-9912,D036,Priya Davis,V003,TRUCK,37.7749,-122.4194,37.8044,-122.2711,375.06058996891414,0.9244751496512155,Proximity:1.00 Rating:0.96 Fuel:0.68,11,5.5,4.818690625059436,67.75627656815354,1.592551216271385,AUTO_DISPATCHED
2026-03-25T15:03:10.909570,ORD-3864,D019,Lucas Johnson,V050,CAR,37.3382,-121.8863,37.7749,-122.4194,345.8165556268978,0.9635099637673372,Proximity:1.00 Rating:0.99 Fuel:0.85,11,5.5,4.97256770441756,84.64905915779232,0.9893066516842901,AUTO_DISPATCHED
2026-03-25T15:03:12.984373,ORD-2467,D015,John Martin,V032,VAN,37.3382,-121.8863,37.7749,-122.4194,269.59373809667056,0.897646748170377,Proximity:1.00 Rating:0.93 Fuel:0.63,11,5.5,4.661732629638896,63.07649906344823,2.674984448828094,AUTO_DISPATCHED
2026-03-25T15:03:14.338150,ORD-7639,D028,Daniel Kim,V065,DRONE,37.8044,-122.2711,37.7749,-122.4194,345.14471994165274,0.8590190714310921,Proximity:1.00 Rating:0.96 Fuel:0.89,11,5.5,4.8139742418068545,89.40880842515605,1.4122488703132752,AUTO_DISPATCHED
2026-03-25T15:03:14.727793,ORD-3544,D020,Carlos Wilson,V024,BIKE,37.7749,-122.4194,37.8044,-122.2711,240.8412127290956,0.8501128549897554,Proximity:1.00 Rating:0.89 Fuel:0.87,11,5.5,4.442497339936686,86.79535009833205,0.6224051004168092,AUTO_DISPATCHED
2026-03-25T15:03:14.929124,ORD-5153,D004,Alex Farooq,V007,SCOOTER,37.3382,-121.8863,37.7749,-122.4194,331.8630036446169,0.49168413206233685,Proximity:0.00 Rating:0.98 Fuel:0.86,11,5.5,4.901637884724497,85.86656011259595,2.6544978796429604,AUTO_DISPATCHED
2026-03-25T15:03:16.082212,ORD-5285,D065,John Tanaka,V045,SCOOTER,37.3382,-121.8863,37.7749,-122.4194,434.35227951183634,0.4793503148699436,Proximity:0.00 Rating:0.92 Fuel:0.79,11,5.5,4.594788445176034,79.14843010908187,1.8531094480576473,AUTO_DISPATCHED
2026-03-25T15:03:20.936116,ORD-2685,D043,Emily Taylor,V046,TRUCK,37.7749,-122.4194,37.5485,-121.9886,127.9051882479688,0.9226633938844497,Proximity:1.00 Rating:0.84 Fuel:0.98,11,5.5,4.202969129184623,98.45657465968748,3.451218661797308,AUTO_DISPATCHED
2026-03-25T15:03:22.249655,ORD-6376,D025,Olivia Brown,V063,VAN,37.7749,-122.4194,37.8044,-122.2711,101.1683069138904,0.5942637145626085,Proximity:0.00 Rating:0.97 Fuel:0.81,11,5.5,4.853483973938181,81.4475264243163,1.7637547225114498,AUTO_DISPATCHED
2026-03-25T15:03:23.267956,ORD-8552,D003,Robert Taylor,V004,TRUCK,37.3382,-121.8863,37.7749,-122.4194,125.5865947465142,0.9322057476722039,Proximity:1.00 Rating:0.85 Fuel:0.79,11,5.5,4.253937941307941,78.96693515794286,0.5121738173622532,AUTO_DISPATCHED
2026-03-25T15:03:24.566606,ORD-5473,D046,Wei Lopez,V016,TRUCK,37.7749,-122.4194,37.8044,-122.2711,295.48361520464573,0.566074209327304,Proximity:0.00 Rating:0.95 Fuel:0.69,11,5.5,4.770713481411641,68.50889696710931,2.2014140303860508,AUTO_DISPATCHED
2026-03-25T15:03:27.828751,ORD-3971,D050,Wei Ali,V056,BIKE,37.3382,-121.8863,37.5485,-121.9886,379.5245277937402,0.830105044829166,Proximity:1.00 Rating:0.87 Fuel:0.85,11,5.5,4.373227792089459,85.3433109921403,1.8271226674098218,AUTO_DISPATCHED
2026-03-25T15:03:30.805614,ORD-7086,D039,James Khan,V057,VAN,37.3382,-121.8863,37.7749,-122.4194,325.26712778145475,0.9851574774431598,Proximity:1.00 Rating:0.98 Fuel:0.97,11,5.5,4.879087325347912,97.2098618166103,0.4656646636537558,AUTO_DISPATCHED
2026-03-25T15:03:31.570457,ORD-4069,D017,John Jones,V039,CAR,37.8044,-122.2711,37.5485,-121.9886,440.2833162249119,0.9631485338487016,Proximity:1.00 Rating:0.98 Fuel:0.96,11,5.5,4.902855601616219,96.00657324354556,2.1580440065012416,AUTO_DISPATCHED
2026-03-25T15:03:32.635402,ORD-9614,D013,Fatima Martin,V027,CAR,37.8044,-122.2711,37.5485,-121.9886,176.22973615529355,0.9184476624400032,Proximity:1.00 Rating:0.90 Fuel:0.74,11,5.5,4.483000314028064,74.38145574558126,1.7955626991592952,AUTO_DISPATCHED
2026-03-25T15:03:35.743856,ORD-9274,D012,Emily Smith,V067,DRONE,37.8044,-122.2711,37.7749,-122.4194,308.2294040025753,0.8358945098525125,Proximity:1.00 Rating:0.96 Fuel:0.88,11,5.5,4.814296984842879,87.94462153352782,3.0875441473195515,AUTO_DISPATCHED
2026-03-25T15:03:36.275191,ORD-8323,D070,Alex Martin,V023,CAR,37.7749,-122.4194,37.5485,-121.9886,364.8590741096885,0.9589969763417808,Proximity:1.00 Rating:0.92 Fuel:0.86,11,5.5,4.613176660131482,85.99938931651634,0.3623339230602398,AUTO_DISPATCHED
2026-03-25T15:03:39.151926,ORD-2301,D034,Daniel Ivanova,V012,VAN,37.8044,-122.2711,37.7749,-122.4194,320.98944635127737,0.9227358655694018,Proximity:1.00 Rating:0.89 Fuel:0.80,11,5.5,4.445039979006866,80.05411937148814,2.0117530118484046,AUTO_DISPATCHED
2026-03-25T15:03:40.237841,ORD-1055,D052,Isabella Jones,V017,BIKE,37.3382,-121.8863,37.5485,-121.9886,133.16218348300217,0.8337245451637776,Proximity:1.00 Rating:0.87 Fuel:0.90,11,5.5,4.365198744478376,89.9082220486571,2.0596590150674468,AUTO_DISPATCHED
2026-03-25T15:03:46.852685,ORD-8172,D028,Daniel Kim,V031,TRUCK,37.8044,-122.2711,37.7749,-122.4194,316.8503294538899,0.9451193295910243,Proximity:1.00 Rating:0.96 Fuel:0.80,11,5.5,4.8139742418068545,80.14231386511068,1.4122488703132752,AUTO_DISPATCHED
2026-03-25T15:03:48.148365,ORD-5445,D021,Jennifer Zhang,V003,TRUCK,37.3382,-121.8863,37.5485,-121.9886,134.84359584319668,0.9227616474866389,Proximity:1.00 Rating:0.92 Fuel:0.68,11,5.5,4.597673272294942,67.75627656815354,1.0223758605911222,AUTO_DISPATCHED
2026-03-25T15:03:48.781167,ORD-5014,D063,Wei Tanaka,V049,VAN,37.3382,-121.8863,37.8044,-122.2711,232.9237399671722,0.934683120663294,Proximity:1.00 Rating:0.94 Fuel:0.74,11,5.5,4.7233047736129565,73.57588414371514,1.1690317197437614,AUTO_DISPATCHED
2026-03-25T15:03:49.619502,ORD-1532,D045,Kevin Smith,V065,DRONE,37.3382,-121.8863,37.8044,-122.2711,483.2379851240631,0.8317435352273733,Proximity:1.00 Rating:0.86 Fuel:0.89,11,5.5,4.31371231352753,89.40880842515605,1.9934535961169515,AUTO_DISPATCHED
2026-03-25T15:03:50.620524,ORD-7899,D060,Michael Silva,V058,BIKE,37.3382,-121.8863,37.7749,-122.4194,134.81169199441507,0.821894476627199,Proximity:1.00 Rating:0.85 Fuel:0.88,11,5.5,4.262540258220738,87.69919032448473,2.4124735350685964,AUTO_DISPATCHED
2026-03-25T15:03:51.211896,ORD-4082,D006,Priya Martin,V024,BIKE,37.3382,-121.8863,37.8044,-122.2711,335.95437754382834,0.5045808786291046,Proximity:0.00 Rating:0.98 Fuel:0.87,11,5.5,4.922218354849054,86.79535009833205,1.8000704569884522,AUTO_DISPATCHED
2026-03-25T15:03:56.458577,ORD-4487,D025,Olivia Brown,V062,CAR,37.8044,-122.2711,37.5485,-121.9886,355.65303131499917,0.9454428458974068,Proximity:1.00 Rating:0.97 Fuel:0.82,11,5.5,4.853483973938181,82.23361398084853,1.7637547225114498,AUTO_DISPATCHED
2026-03-25T15:03:56.739561,ORD-2471,D046,Wei Lopez,V063,VAN,37.3382,-121.8863,37.8044,-122.2711,210.86274410679738,0.9354821535131143,Proximity:1.00 Rating:0.95 Fuel:0.81,11,5.5,4.770713481411641,81.4475264243163,2.2014140303860508,AUTO_DISPATCHED
2026-03-25T15:03:57.004610,ORD-3639,D008,Maria O'Brien,V016,TRUCK,37.3382,-121.8863,37.7749,-122.4194,263.5665023524846,0.8950564266214577,Proximity:1.00 Rating:0.91 Fuel:0.69,11,5.5,4.567016819394776,68.50889696710931,3.2310073283997967,AUTO_DISPATCHED
2026-03-25T15:03:58.219262,ORD-8643,D020,Carlos Wilson,V048,DRONE,37.7749,-122.4194,37.8044,-122.2711,101.08850637788325,0.8483518489072828,Proximity:1.00 Rating:0.89 Fuel:0.86,11,5.5,4.442497339936686,85.62134604335031,0.6224051004168092,AUTO_DISPATCHED
2026-03-25T15:03:59.234022,ORD-4786,D011,James Zhang,V019,TRUCK,37.8044,-122.2711,37.5485,-121.9886,463.5110647993014,0.9247664671870653,Proximity:1.00 Rating:0.85 Fuel:0.83,11,5.5,4.255358240091631,83.00992508560826,1.5970200036009699,AUTO_DISPATCHED
2026-03-25T15:04:01.603644,ORD-2164,D053,Sarah Khan,V040,TRUCK,37.3382,-121.8863,37.5485,-121.9886,435.29701534245925,0.9340345630185574,Proximity:1.00 Rating:0.97 Fuel:0.71,11,5.5,4.825845036741381,70.93107536401676,1.2316681197698371,AUTO_DISPATCHED
2026-03-25T15:04:05.029136,ORD-8123,D023,Michael Khan,V047,DRONE,37.7749,-122.4194,37.5485,-121.9886,429.5327356135963,0.8656570044682597,Proximity:1.00 Rating:0.95 Fuel:0.97,11,5.5,4.734936805978198,97.43564348256106,1.5915146395767934,AUTO_DISPATCHED
2026-03-25T15:04:05.076641,ORD-2818,D010,Jennifer Davis,V026,SCOOTER,37.7749,-122.4194,37.5485,-121.9886,421.0167160772666,0.8473036707272057,Proximity:1.00 Rating:0.85 Fuel:0.87,11,5.5,4.26215320320482,86.60946631670248,0.24773255008325146,AUTO_DISPATCHED
2026-03-25T15:04:05.609597,ORD-1043,D016,Maria Ivanova,V029,DRONE,37.7749,-122.4194,37.8044,-122.2711,391.82038459836645,0.8149295922833526,Proximity:1.00 Rating:0.86 Fuel:0.86,11,5.5,4.294640999953669,85.68040369270733,2.8301322603084085,AUTO_DISPATCHED
2026-03-25T15:04:07.112819,ORD-9898,D062,Lisa Anderson,V067,DRONE,37.8044,-122.2711,37.5485,-121.9886,111.20832028507755,0.8522056866737402,Proximity:1.00 Rating:0.97 Fuel:0.88,11,5.5,4.852548922735444,87.94462153352782,1.905056202877538,AUTO_DISPATCHED
2026-03-25T15:04:11.235672,ORD-2870,D012,Emily Smith,V012,VAN,37.7749,-122.4194,37.8044,-122.2711,477.2091225305408,0.574058756609453,Proximity:0.00 Rating:0.96 Fuel:0.80,11,5.5,4.814296984842879,80.05411937148814,3.0875441473195515,AUTO_DISPATCHED
2026-03-25T15:04:15.063935,ORD-6265,D047,Alex Tanaka,V056,BIKE,37.7749,-122.4194,37.8044,-122.2711,202.12117707791867,0.5116601686503266,Proximity:0.00 Rating:0.94 Fuel:0.85,11,5.5,4.704822979729561,85.3433109921403,0.3638173621652978,AUTO_DISPATCHED
2026-03-25T15:04:15.793268,ORD-3079,D034,Daniel Ivanova,V038,BIKE,37.8044,-122.2711,37.7749,-122.4194,450.3274015206057,0.8270953277281621,Proximity:1.00 Rating:0.89 Fuel:0.83,11,5.5,4.445039979006866,82.96042747732838,2.0117530118484046,AUTO_DISPATCHED
2026-03-25T15:04:15.949907,ORD-9084,D050,Wei Ali,V041,SCOOTER,37.3382,-121.8863,37.7749,-122.4194,302.9969271892564,0.8203057391489379,Proximity:1.00 Rating:0.87 Fuel:0.79,11,5.5,4.373227792089459,78.81044053865483,1.8271226674098218,AUTO_DISPATCHED
2026-03-25T15:04:17.238129,ORD-4174,D042,Lucas Lopez,V031,TRUCK,37.3382,-121.8863,37.8044,-122.2711,100.49270717604459,0.917729341275087,Proximity:1.00 Rating:0.96 Fuel:0.80,11,5.5,4.793510740355556,80.14231386511068,3.5379647309440925,AUTO_DISPATCHED
2026-03-25T15:04:22.321608,ORD-8841,D014,Carlos Lee,V020,CAR,37.7749,-122.4194,37.5485,-121.9886,430.31756643341055,0.933183657582645,Proximity:1.00 Rating:0.99 Fuel:0.85,11,5.5,4.944414477323557,84.8887711520826,3.354086259073699,AUTO_DISPATCHED
2026-03-25T15:04:24.291304,ORD-2894,D027,Emma Lee,V035,TRUCK,37.7749,-122.4194,37.8044,-122.2711,384.77998530010365,0.9013030765573777,Proximity:1.00 Rating:0.88 Fuel:0.65,11,5.5,4.379547215931894,64.5434567278397,1.6555197737326166,AUTO_DISPATCHED
2026-03-25T15:04:25.275481,ORD-1642,D041,Emily Brown,V043,SCOOTER,37.3382,-121.8863,37.8044,-122.2711,371.85155868005273,0.8464146070613892,Proximity:1.00 Rating:0.88 Fuel:0.94,11,5.5,4.398877929593388,94.05091930659422,1.6493511265790195,AUTO_DISPATCHED
2026-03-25T15:04:26.413267,ORD-9521,D028,Daniel Kim,V017,BIKE,37.7749,-122.4194,37.8044,-122.2711,227.61132690679943,0.5097681918663439,Proximity:0.00 Rating:0.96 Fuel:0.90,11,5.5,4.8139742418068545,89.9082220486571,1.4122488703132752,AUTO_DISPATCHED
2026-03-25T15:04:30.129271,ORD-9300,D049,Robert Rodriguez,V013,CAR,37.3382,-121.8863,37.8044,-122.2711,232.29890419113283,0.9407212032149608,Proximity:1.00 Rating:0.95 Fuel:0.78,11,5.5,4.737100718764635,78.40830909895858,1.3100231347250064,AUTO_DISPATCHED
2026-03-25T15:04:36.352263,ORD-1050,D021,Jennifer Zhang,V003,TRUCK,37.3382,-121.8863,37.5485,-121.9886,190.92700621779352,0.9227616474866389,Proximity:1.00 Rating:0.92 Fuel:0.68,11,5.5,4.597673272294942,67.75627656815354,1.0223758605911222,AUTO_DISPATCHED
2026-03-25T15:04:37.164471,ORD-5923,D057,Emma Farooq,V052,VAN,37.3382,-121.8863,37.5485,-121.9886,128.26203467601613,0.912338364114287,Proximity:1.00 Rating:0.89 Fuel:0.65,11,5.5,4.44144089155161,65.44892315510563,1.0794125024348555,AUTO_DISPATCHED
2026-03-25T15:04:38.242237,ORD-1874,D020,Carlos Wilson,V029,DRONE,37.7749,-122.4194,37.8044,-122.2711,101.66704694212866,0.8484404353813183,Proximity:1.00 Rating:0.89 Fuel:0.86,11,5.5,4.442497339936686,85.68040369270733,0.6224051004168092,AUTO_DISPATCHED
2026-03-25T15:04:38.570627,ORD-2486,D052,Isabella Jones,V048,DRONE,37.3382,-121.8863,37.8044,-122.2711,342.8196453923424,0.8272942311558174,Proximity:1.00 Rating:0.87 Fuel:0.86,11,5.5,4.365198744478376,85.62134604335031,2.0596590150674468,AUTO_DISPATCHED
2026-03-25T15:04:38.901102,ORD-6519,D038,Robert Lee,V037,SCOOTER,37.3382,-121.8863,37.5485,-121.9886,441.6242025990319,0.8103110424355994,Proximity:1.00 Rating:0.95 Fuel:0.76,11,5.5,4.768547839987649,75.7602130173863,3.5256952551988854,AUTO_DISPATCHED
2026-03-25T15:04:42.924601,ORD-9521,D017,John Jones,V039,CAR,37.8044,-122.2711,37.5485,-121.9886,190.20243051921705,0.9631485338487016,Proximity:1.00 Rating:0.98 Fuel:0.96,11,5.5,4.902855601616219,96.00657324354556,2.1580440065012416,AUTO_DISPATCHED
2026-03-25T15:04:45.433743,ORD-8877,D047,Alex Tanaka,V012,VAN,37.8044,-122.2711,37.5485,-121.9886,222.7660999377551,0.9537263812193484,Proximity:1.00 Rating:0.94 Fuel:0.80,11,5.5,4.704822979729561,80.05411937148814,0.3638173621652978,AUTO_DISPATCHED
2026-03-25T15:04:48.760131,ORD-7962,D040,Sarah Wilson,V046,TRUCK,37.7749,-122.4194,37.5485,-121.9886,454.2447713236223,0.9689468657293526,Proximity:1.00 Rating:0.97 Fuel:0.98,11,5.5,4.842457317784014,98.45657465968748,1.7949031177231252,AUTO_DISPATCHED
2026-03-25T15:04:49.694702,ORD-4445,D053,Sarah Khan,V027,CAR,37.3382,-121.8863,37.7749,-122.4194,459.36115485412154,0.939210133590904,Proximity:1.00 Rating:0.97 Fuel:0.74,11,5.5,4.825845036741381,74.38145574558126,1.2316681197698371,AUTO_DISPATCHED
2026-03-25T15:04:52.676797,ORD-8967,D043,Emily Taylor,V002,TRUCK,37.7749,-122.4194,37.5485,-121.9886,107.38696507660488,0.8819329307398112,Proximity:1.00 Rating:0.84 Fuel:0.71,11,5.5,4.202969129184623,71.30293256326176,3.451218661797308,AUTO_DISPATCHED
2026-03-25T15:04:54.096470,ORD-4106,D044,Sophie Kim,V001,CAR,37.3382,-121.8863,37.5485,-121.9886,177.84434802502346,0.9663615703334949,Proximity:1.00 Rating:0.88 Fuel:0.94,11,5.5,4.410853600716193,94.16290905611582,0.10535498234613039,AUTO_DISPATCHED
2026-03-25T15:04:56.033004,ORD-5739,D013,Fatima Martin,V035,TRUCK,37.8044,-122.2711,37.7749,-122.4194,414.2237782646233,0.9036906639133909,Proximity:1.00 Rating:0.90 Fuel:0.65,11,5.5,4.483000314028064,64.5434567278397,1.7955626991592952,AUTO_DISPATCHED
2026-03-25T15:04:57.501459,ORD-7557,D024,Ahmed Jones,V068,SCOOTER,37.3382,-121.8863,37.7749,-122.4194,307.27306140352954,0.842106056438533,Proximity:1.00 Rating:0.87 Fuel:0.98,11,5.5,4.365663087309734,97.65996875095593,2.3208336144232176,AUTO_DISPATCHED
2026-03-25T15:04:58.811443,ORD-5678,D028,Daniel Kim,V059,SCOOTER,37.8044,-122.2711,37.5485,-121.9886,179.6224730431852,0.8711870118475411,Proximity:1.00 Rating:0.96 Fuel:0.98,11,5.5,4.8139742418068545,97.5207687027887,1.4122488703132752,AUTO_DISPATCHED
2026-03-25T15:05:02.616823,ORD-5279,D032,Lisa Park,V017,BIKE,37.3382,-121.8863,37.8044,-122.2711,110.48266139509741,0.8232505529991064,Proximity:1.00 Rating:0.89 Fuel:0.90,11,5.5,4.473129044275832,89.9082220486571,3.242955347593004,AUTO_DISPATCHED
2026-03-25T15:05:03.444235,ORD-4700,D070,Alex Martin,V023,CAR,37.3382,-121.8863,37.7749,-122.4194,154.5198562744054,0.6089969763417808,Proximity:0.00 Rating:0.92 Fuel:0.86,11,5.5,4.613176660131482,85.99938931651634,0.3623339230602398,AUTO_DISPATCHED
2026-03-25T15:05:06.224067,ORD-6660,D025,Olivia Brown,V062,CAR,37.8044,-122.2711,37.7749,-122.4194,114.5357860711723,0.9454428458974068,Proximity:1.00 Rating:0.97 Fuel:0.82,11,5.5,4.853483973938181,82.23361398084853,1.7637547225114498,AUTO_DISPATCHED
2026-03-25T15:05:07.632667,ORD-6836,D027,Emma Lee,V056,BIKE,37.7749,-122.4194,37.8044,-122.2711,375.27855260315255,0.8325028579538285,Proximity:1.00 Rating:0.88 Fuel:0.85,11,5.5,4.379547215931894,85.3433109921403,1.6555197737326166,AUTO_DISPATCHED
2026-03-25T15:05:08.501673,ORD-6405,D022,Olivia Rossi,V019,TRUCK,37.3382,-121.8863,37.5485,-121.9886,243.3241085689819,0.6024394221893106,Proximity:0.00 Rating:0.99 Fuel:0.83,11,5.5,4.932889267858523,83.00992508560826,1.551282892275426,AUTO_DISPATCHED
2026-03-25T15:05:10.275015,ORD-9947,D020,Carlos Wilson,V029,DRONE,37.3382,-121.8863,37.8044,-122.2711,283.5978739108274,0.4984404353813183,Proximity:0.00 Rating:0.89 Fuel:0.86,11,5.5,4.442497339936686,85.68040369270733,0.6224051004168092,AUTO_DISPATCHED
2026-03-25T15:05:17.561844,ORD-9833,D004,Alex Farooq,V050,CAR,37.7749,-122.4194,37.8044,-122.2711,341.75410060149943,0.9398578806301314,Proximity:1.00 Rating:0.98 Fuel:0.85,11,5.5,4.901637884724497,84.64905915779232,2.6544978796429604,AUTO_DISPATCHED
2026-03-25T15:05:18.891837,ORD-6559,D031,Chris Farooq,V032,VAN,37.7749,-122.4194,37.8044,-122.2711,338.60088097621895,0.8913919958151848,Proximity:1.00 Rating:0.95 Fuel:0.63,11,5.5,4.752425276323585,63.07649906344823,3.4655811066344717,AUTO_DISPATCHED
2026-03-25T15:05:19.426965,ORD-7227,D035,Maria Martin,V067,DRONE,37.7749,-122.4194,37.5485,-121.9886,483.81596560490624,0.509034069182762,Proximity:0.00 Rating:0.92 Fuel:0.88,11,5.5,4.606542045854612,87.94462153352782,0.5715635961371381,AUTO_DISPATCHED
2026-03-25T15:05:19.488165,ORD-8197,D062,Lisa Anderson,V007,SCOOTER,37.8044,-122.2711,37.7749,-122.4194,130.8608320257785,0.8490885945423424,Proximity:1.00 Rating:0.97 Fuel:0.86,11,5.5,4.852548922735444,85.86656011259595,1.905056202877538,AUTO_DISPATCHED
2026-03-25T15:05:20.336380,ORD-5784,D016,Maria Ivanova,V003,TRUCK,37.7749,-122.4194,37.8044,-122.2711,220.23570036377689,0.8880434015965221,Proximity:1.00 Rating:0.86 Fuel:0.68,11,5.5,4.294640999953669,67.75627656815354,2.8301322603084085,AUTO_DISPATCHED
2026-03-25T15:05:23.430872,ORD-6719,D057,Emma Farooq,V052,VAN,37.3382,-121.8863,37.7749,-122.4194,365.65006855723567,0.912338364114287,Proximity:1.00 Rating:0.89 Fuel:0.65,11,5.5,4.44144089155161,65.44892315510563,1.0794125024348555,AUTO_DISPATCHED
2026-03-25T15:05:24.848538,ORD-6672,D003,Robert Taylor,V004,TRUCK,37.7749,-122.4194,37.5485,-121.9886,391.28443672473077,0.5822057476722038,Proximity:0.00 Rating:0.85 Fuel:0.79,11,5.5,4.253937941307941,78.96693515794286,0.5121738173622532,AUTO_DISPATCHED
2026-03-25T15:05:25.536204,ORD-4886,D037,Omar Rossi,V005,DRONE,37.7749,-122.4194,37.8044,-122.2711,306.57093133654666,0.4887504925184214,Proximity:0.00 Rating:0.92 Fuel:0.84,11,5.5,4.57883137840671,83.92401682430965,1.6231030283449175,AUTO_DISPATCHED
2026-03-25T15:05:26.823689,ORD-1345,D065,John Tanaka,V035,TRUCK,37.7749,-122.4194,37.8044,-122.2711,285.1276127414685,0.5574428547980803,Proximity:0.00 Rating:0.92 Fuel:0.65,11,5.5,4.594788445176034,64.5434567278397,1.8531094480576473,AUTO_DISPATCHED
2026-03-25T15:05:32.651322,ORD-7982,D039,James Khan,V057,VAN,37.3382,-121.8863,37.5485,-121.9886,395.3063182159613,0.9851574774431598,Proximity:1.00 Rating:0.98 Fuel:0.97,11,5.5,4.879087325347912,97.2098618166103,0.4656646636537558,AUTO_DISPATCHED
2026-03-25T15:05:33.525482,ORD-6390,D023,Michael Khan,V047,DRONE,37.7749,-122.4194,37.5485,-121.9886,385.9210934004327,0.8656570044682597,Proximity:1.00 Rating:0.95 Fuel:0.97,11,5.5,4.734936805978198,97.43564348256106,1.5915146395767934,AUTO_DISPATCHED
2026-03-25T15:05:34.571072,ORD-2489,D010,Jennifer Davis,V026,SCOOTER,37.7749,-122.4194,37.8044,-122.2711,288.79014387031714,0.8473036707272057,Proximity:1.00 Rating:0.85 Fuel:0.87,11,5.5,4.26215320320482,86.60946631670248,0.24773255008325146,AUTO_DISPATCHED
2026-03-25T15:05:34.946204,ORD-8548,D015,John Martin,V038,BIKE,37.3382,-121.8863,37.7749,-122.4194,103.75232134884502,0.8274726407911971,Proximity:1.00 Rating:0.93 Fuel:0.83,11,5.5,4.661732629638896,82.96042747732838,2.674984448828094,AUTO_DISPATCHED
2026-03-25T15:05:39.383228,ORD-4535,D025,Olivia Brown,V001,CAR,37.8044,-122.2711,37.5485,-121.9886,182.32998039943283,0.9633367885103078,Proximity:1.00 Rating:0.97 Fuel:0.94,11,5.5,4.853483973938181,94.16290905611582,1.7637547225114498,AUTO_DISPATCHED
2026-03-25T15:05:40.574202,ORD-6758,D012,Emily Smith,V062,CAR,37.8044,-122.2711,37.5485,-121.9886,469.85486222078663,0.9273279985234935,Proximity:1.00 Rating:0.96 Fuel:0.82,11,5.5,4.814296984842879,82.23361398084853,3.0875441473195515,AUTO_DISPATCHED
2026-03-25T15:05:41.403371,ORD-2037,D006,Priya Martin,V049,VAN,37.7749,-122.4194,37.5485,-121.9886,119.80370568694272,0.9347516796971793,Proximity:1.00 Rating:0.98 Fuel:0.74,11,5.5,4.922218354849054,73.57588414371514,1.8000704569884522,AUTO_DISPATCHED
2026-03-25T15:05:44.898479,ORD-3486,D034,Daniel Ivanova,V063,VAN,37.8044,-122.2711,37.5485,-121.9886,332.5098462364077,0.9248259761486439,Proximity:1.00 Rating:0.89 Fuel:0.81,11,5.5,4.445039979006866,81.4475264243163,2.0117530118484046,AUTO_DISPATCHED
2026-03-25T15:05:47.661466,ORD-1198,D011,James Zhang,V065,DRONE,37.8044,-122.2711,37.5485,-121.9886,423.1790725763336,0.834364792196387,Proximity:1.00 Rating:0.85 Fuel:0.89,11,5.5,4.255358240091631,89.40880842515605,1.5970200036009699,AUTO_DISPATCHED
