2026-01-24T03:22:39.699201,ORD-2381,D058,Sophie Patel,V029,CAR,37.8044,-122.2711,37.7749,-122.4194,173.61517380931707,0.9198964807857526,Proximity:1.00 Rating:0.89 Fuel:0.66,11,5.5,4.431515922276293,66.28620289552731,0.5434768358872084,AUTO_DISPATCHED
2026-01-24T03:22:40.245188,ORD-5911,D008,Jennifer Ali,V060,CAR,37.8044,-122.2711,37.5485,-121.9886,366.43055046541264,0.9156402830280863,Proximity:1.00 Rating:0.87 Fuel:0.64,11,5.5,4.32932458304615,64.21152326802985,0.3079988156643556,AUTO_DISPATCHED
2026-01-24T03:22:41.038218,ORD-4958,D042,Lucas Miller,V051,SCOOTER,37.8044,-122.2711,37.7749,-122.4194,282.49007761026564,0.8677367198673338,Proximity:1.00 Rating:0.95 Fuel:1.00,11,5.5,4.740595623722519,99.75612167804312,1.7217030078905187,AUTO_DISPATCHED
2026-01-24T03:22:48.048782,ORD-8804,D063,Ahmed Chen,V040,VAN,37.7749,-122.4194,37.8044,-122.2711,283.63589178404504,0.9387388346628921,Proximity:1.00 Rating:1.00 Fuel:0.70,11,5.5,4.988889005103033,69.93382847234776,1.2573974599800755,AUTO_DISPATCHED
2026-01-24T03:22:49.424288,ORD-2475,D001,Sophie Wang,V020,BIKE,37.7749,-122.4194,37.8044,-122.2711,425.32232632335075,0.8752780470723434,Proximity:1.00 Rating:0.98 Fuel:0.97,11,5.5,4.890026470683826,96.69443397337456,1.2291730172057136,AUTO_DISPATCHED
2026-01-24T03:22:57.230504,ORD-3418,D059,Maria Khan,V056,VAN,37.3382,-121.8863,37.5485,-121.9886,248.009738162485,0.9326316456951765,Proximity:1.00 Rating:0.96 Fuel:0.77,11,5.5,4.799533452445182,77.15981857918652,2.007153621712842,AUTO_DISPATCHED
2026-01-24T03:22:58.206632,ORD-5811,D050,Carlos Garcia,V016,TRUCK,37.3382,-121.8863,37.8044,-122.2711,418.666104226301,0.9218864904950916,Proximity:1.00 Rating:0.86 Fuel:0.71,11,5.5,4.27846119914684,70.57078075010925,0.4086502876756777,AUTO_DISPATCHED
2026-01-24T03:23:03.102090,ORD-7821,D029,David Johnson,V054,VAN,37.7749,-122.4194,37.5485,-121.9886,448.13880879034895,0.9666165507075187,Proximity:1.00 Rating:0.97 Fuel:0.94,11,5.5,4.8344684961141144,94.00275200233708,1.421305371244109,AUTO_DISPATCHED
2026-01-24T03:23:09.278229,ORD-1633,D032,Jennifer Garcia,V063,CAR,37.8044,-122.2711,37.7749,-122.4194,207.4092045121193,0.9356085338757998,Proximity:1.00 Rating:0.86 Fuel:0.77,11,5.5,4.312263848126469,77.32019177662474,0.22898461713567997,AUTO_DISPATCHED
2026-01-24T03:23:15.778544,ORD-7535,D052,Jennifer Silva,V017,VAN,37.3382,-121.8863,37.5485,-121.9886,200.70832009302464,0.9399683421153283,Proximity:1.00 Rating:1.00 Fuel:0.77,11,5.5,4.987448541463091,76.61241327916326,1.9558575569552161,AUTO_DISPATCHED
2026-01-24T03:23:20.919450,ORD-2373,D039,Michael Hassan,V040,VAN,37.3382,-121.8863,37.5485,-121.9886,491.4060325466779,0.9212415499521059,Proximity:1.00 Rating:0.85 Fuel:0.70,11,5.5,4.244381893176326,69.93382847234776,0.27475747867750755,AUTO_DISPATCHED
2026-01-24T03:23:21.525017,ORD-2538,D014,John Kim,V015,CAR,37.3382,-121.8863,37.5485,-121.9886,241.55730107375706,0.9160176919929598,Proximity:1.00 Rating:0.92 Fuel:0.68,11,5.5,4.617542016198764,67.54188057524235,1.5997447614283384,AUTO_DISPATCHED
2026-01-24T03:23:31.147850,ORD-8903,D028,Alex Zhang,V029,CAR,37.8044,-122.2711,37.7749,-122.4194,313.97236720281944,0.9288850902520782,Proximity:1.00 Rating:0.96 Fuel:0.66,11,5.5,4.819289213733922,66.28620289552731,1.0652626112455699,AUTO_DISPATCHED
2026-01-24T03:23:31.767060,ORD-6851,D024,Maria O'Brien,V055,CAR,37.7749,-122.4194,37.8044,-122.2711,345.22746423628456,0.9326341501804584,Proximity:1.00 Rating:1.00 Fuel:0.65,11,5.5,4.981427077587455,65.01951652272476,1.1321766165701614,AUTO_DISPATCHED
2026-01-24T03:23:41.611493,ORD-8694,D001,Sophie Wang,V063,CAR,37.7749,-122.4194,37.5485,-121.9886,126.30383123580793,0.9462166837772187,Proximity:1.00 Rating:0.98 Fuel:0.77,11,5.5,4.890026470683826,77.32019177662474,1.2291730172057136,AUTO_DISPATCHED
2026-01-24T03:23:43.016204,ORD-1860,D055,Omar Gonzalez,V056,VAN,37.7749,-122.4194,37.8044,-122.2711,418.7132031816328,0.941103044053136,Proximity:1.00 Rating:0.94 Fuel:0.77,11,5.5,4.715126305335697,77.15981857918652,1.05933888232572,AUTO_DISPATCHED
2026-01-24T03:23:47.259413,ORD-3655,D057,Ahmed Park,V039,TRUCK,37.3382,-121.8863,37.7749,-122.4194,442.4047701504596,0.9360576237262197,Proximity:1.00 Rating:0.91 Fuel:0.74,11,5.5,4.563932149421807,73.84300593782585,0.5811336925912935,AUTO_DISPATCHED
2026-01-24T03:23:48.444527,ORD-2263,D059,Maria Khan,V051,SCOOTER,37.3382,-121.8863,37.5485,-121.9886,292.42958506162677,0.8665261003434614,Proximity:1.00 Rating:0.96 Fuel:1.00,11,5.5,4.799533452445182,99.75612167804312,2.007153621712842,AUTO_DISPATCHED
2026-01-24T03:23:49.519323,ORD-7205,D016,Emily Silva,V020,BIKE,37.7749,-122.4194,37.5485,-121.9886,396.95642650681566,0.862687884369365,Proximity:1.00 Rating:0.89 Fuel:0.97,11,5.5,4.461160227629083,96.69443397337456,0.8640140556688038,AUTO_DISPATCHED
2026-01-24T03:23:57.321042,ORD-2347,D051,Ana Ivanova,V060,CAR,37.8044,-122.2711,37.5485,-121.9886,308.3761590896677,0.919698631758226,Proximity:1.00 Rating:0.89 Fuel:0.64,11,5.5,4.434571419806576,64.21152326802985,0.3201207948865412,AUTO_DISPATCHED
2026-01-24T03:23:58.632960,ORD-6843,D067,Michael Anderson,V026,BIKE,37.3382,-121.8863,37.8044,-122.2711,260.63772891084113,0.8579423041786273,Proximity:1.00 Rating:0.99 Fuel:0.96,11,5.5,4.9392182912338525,95.72859514962474,2.6575456156131065,AUTO_DISPATCHED
2026-01-24T03:23:59.474298,ORD-7077,D013,Emma Jones,V017,VAN,37.8044,-122.2711,37.5485,-121.9886,199.21095338194922,0.9363827645341328,Proximity:1.00 Rating:0.96 Fuel:0.77,11,5.5,4.804872646000488,76.61241327916326,1.6584608979705209,AUTO_DISPATCHED
2026-01-24T03:24:04.732176,ORD-9295,D048,Kevin Rodriguez,V040,VAN,37.3382,-121.8863,37.7749,-122.4194,368.73974876504656,0.9515824766075376,Proximity:1.00 Rating:0.99 Fuel:0.70,11,5.5,4.968591837195209,69.93382847234776,0.16495516710340707,AUTO_DISPATCHED
2026-01-24T03:24:06.194318,ORD-9659,D024,Maria O'Brien,V015,CAR,37.7749,-122.4194,37.8044,-122.2711,111.28695501719949,0.9364176962592347,Proximity:1.00 Rating:1.00 Fuel:0.68,11,5.5,4.981427077587455,67.54188057524235,1.1321766165701614,AUTO_DISPATCHED
2026-01-24T03:24:13.542245,ORD-3964,D063,Ahmed Chen,V029,CAR,37.7749,-122.4194,37.5485,-121.9886,335.55885288387367,0.9332673962976613,Proximity:1.00 Rating:1.00 Fuel:0.66,11,5.5,4.988889005103033,66.28620289552731,1.2573974599800755,AUTO_DISPATCHED
2026-01-24T03:24:14.306384,ORD-4568,D006,Sophie Anderson,V055,CAR,37.8044,-122.2711,37.7749,-122.4194,342.9344599078237,0.9215777117712586,Proximity:1.00 Rating:0.96 Fuel:0.65,11,5.5,4.789127571466042,65.01951652272476,1.401333269717623,AUTO_DISPATCHED
2026-01-24T03:24:19.124872,ORD-6966,D032,Jennifer Garcia,V056,VAN,37.8044,-122.2711,37.7749,-122.4194,491.5376385182112,0.9353679740796426,Proximity:1.00 Rating:0.86 Fuel:0.77,11,5.5,4.312263848126469,77.15981857918652,0.22898461713567997,AUTO_DISPATCHED
2026-01-24T03:24:23.438179,ORD-8908,D039,Michael Hassan,V033,SCOOTER,37.3382,-121.8863,37.5485,-121.9886,250.5052656504295,0.8584944291828682,Proximity:1.00 Rating:0.85 Fuel:0.95,11,5.5,4.244381893176326,94.76908129285601,0.27475747867750755,AUTO_DISPATCHED
2026-01-24T03:24:24.079144,ORD-1211,D033,Ana Lopez,V044,CAR,37.3382,-121.8863,37.5485,-121.9886,311.88975408241447,0.9184979437775345,Proximity:1.00 Rating:0.97 Fuel:0.73,11,5.5,4.870330912796181,73.11589794076367,2.879131171636663,AUTO_DISPATCHED
2026-01-24T03:24:34.376768,ORD-4339,D059,Maria Khan,V054,VAN,37.3382,-121.8863,37.8044,-122.2711,235.75443594213056,0.9578960458299023,Proximity:1.00 Rating:0.96 Fuel:0.94,11,5.5,4.799533452445182,94.00275200233708,2.007153621712842,AUTO_DISPATCHED
2026-01-24T03:24:35.080803,ORD-6545,D029,David Johnson,V057,TRUCK,37.7749,-122.4194,37.8044,-122.2711,366.08468691439924,0.9386920465766416,Proximity:1.00 Rating:0.97 Fuel:0.75,11,5.5,4.8344684961141144,75.38641591508556,1.421305371244109,AUTO_DISPATCHED
2026-01-24T03:24:36.062480,ORD-1648,D037,Nina Martin,V051,SCOOTER,37.8044,-122.2711,37.7749,-122.4194,427.5348446692694,0.8703752824828663,Proximity:1.00 Rating:0.96 Fuel:1.00,11,5.5,4.81505596142564,99.75612167804312,1.7488910792979167,AUTO_DISPATCHED
2026-01-24T03:24:39.235923,ORD-2095,D024,Maria O'Brien,V015,CAR,37.7749,-122.4194,37.5485,-121.9886,481.8495900745921,0.9364176962592347,Proximity:1.00 Rating:1.00 Fuel:0.68,11,5.5,4.981427077587455,67.54188057524235,1.1321766165701614,AUTO_DISPATCHED
2026-01-24T03:24:40.287528,ORD-4640,D009,Priya Gonzalez,V030,BIKE,37.3382,-121.8863,37.5485,-121.9886,194.6253973111251,0.8365986765760248,Proximity:1.00 Rating:0.89 Fuel:0.94,11,5.5,4.446543915002042,93.64111637904736,2.5379803674102352,AUTO_DISPATCHED
2026-01-24T03:24:41.301817,ORD-7171,D005,Olivia O'Brien,V043,DRONE,37.3382,-121.8863,37.5485,-121.9886,324.75564741035146,0.8296403396731459,Proximity:1.00 Rating:0.92 Fuel:0.94,11,5.5,4.5798620906377625,93.61242838000803,3.517822921790131,AUTO_DISPATCHED
2026-01-24T03:24:48.103241,ORD-6843,D006,Sophie Anderson,V031,VAN,37.8044,-122.2711,37.5485,-121.9886,347.3825898364951,0.9658346017507277,Proximity:1.00 Rating:0.96 Fuel:0.95,11,5.5,4.789127571466042,94.5241098423709,1.401333269717623,AUTO_DISPATCHED
2026-01-24T03:24:56.462592,ORD-4289,D060,Sarah Zhang,V056,VAN,37.3382,-121.8863,37.8044,-122.2711,272.3004377122131,0.9636364748414026,Proximity:1.00 Rating:1.00 Fuel:0.77,11,5.5,4.9973211816342875,77.15981857918652,0.15968802341988564,AUTO_DISPATCHED
2026-01-24T03:24:57.927584,ORD-5108,D068,Yuki Hassan,V055,CAR,37.3382,-121.8863,37.7749,-122.4194,345.7278606050554,0.9157241273507735,Proximity:1.00 Rating:0.90 Fuel:0.65,11,5.5,4.484875452244272,65.01951652272476,0.8960132418467692,AUTO_DISPATCHED
2026-01-24T03:25:03.389773,ORD-4934,D050,Carlos Garcia,V046,SCOOTER,37.3382,-121.8863,37.7749,-122.4194,292.73426714718005,0.8552809132098438,Proximity:1.00 Rating:0.86 Fuel:0.93,11,5.5,4.27846119914684,92.83372922661083,0.4086502876756777,AUTO_DISPATCHED
2026-01-24T03:25:09.554701,ORD-4281,D051,Ana Ivanova,V057,TRUCK,37.8044,-122.2711,37.7749,-122.4194,266.98066494905027,0.9364609707288097,Proximity:1.00 Rating:0.89 Fuel:0.75,11,5.5,4.434571419806576,75.38641591508556,0.3201207948865412,AUTO_DISPATCHED
2026-01-24T03:25:17.098460,ORD-7251,D039,Michael Hassan,V063,CAR,37.3382,-121.8863,37.5485,-121.9886,298.31431835320745,0.9323210949085213,Proximity:1.00 Rating:0.85 Fuel:0.77,11,5.5,4.244381893176326,77.32019177662474,0.27475747867750755,AUTO_DISPATCHED
2026-01-24T03:25:17.833060,ORD-2848,D033,Ana Lopez,V017,VAN,37.3382,-121.8863,37.8044,-122.2711,254.63047884939562,0.9237427167851338,Proximity:1.00 Rating:0.97 Fuel:0.77,11,5.5,4.870330912796181,76.61241327916326,2.879131171636663,AUTO_DISPATCHED
2026-01-24T03:25:18.925766,ORD-1837,D034,Ahmed Kim,V044,CAR,37.3382,-121.8863,37.7749,-122.4194,346.3384229648906,0.8983896672574283,Proximity:1.00 Rating:0.94 Fuel:0.73,11,5.5,4.679531152771935,73.11589794076367,3.877234061167563,AUTO_DISPATCHED
2026-01-24T03:25:24.390301,ORD-8824,D001,Sophie Wang,V060,CAR,37.7749,-122.4194,37.8044,-122.2711,341.0473811087129,0.9265536810143263,Proximity:1.00 Rating:0.98 Fuel:0.64,11,5.5,4.890026470683826,64.21152326802985,1.2291730172057136,AUTO_DISPATCHED
2026-01-24T03:25:25.501336,ORD-3247,D009,Priya Gonzalez,V051,SCOOTER,37.3382,-121.8863,37.7749,-122.4194,407.2763383086965,0.8457711845245185,Proximity:1.00 Rating:0.89 Fuel:1.00,11,5.5,4.446543915002042,99.75612167804312,2.5379803674102352,AUTO_DISPATCHED
2026-01-24T03:25:31.519083,ORD-7811,D003,Yuki Farooq,V020,BIKE,37.8044,-122.2711,37.7749,-122.4194,445.87967175621816,0.8770751237567637,Proximity:1.00 Rating:0.99 Fuel:0.97,11,5.5,4.926278599882518,96.69443397337456,1.2014136958879091,AUTO_DISPATCHED
2026-01-24T03:25:34.816120,ORD-1532,D013,Emma Jones,V033,SCOOTER,37.8044,-122.2711,37.5485,-121.9886,315.434678880955,0.863617766554672,Proximity:1.00 Rating:0.96 Fuel:0.95,11,5.5,4.804872646000488,94.76908129285601,1.6584608979705209,AUTO_DISPATCHED
2026-01-24T03:25:38.659272,ORD-2123,D005,Olivia O'Brien,V030,BIKE,37.3382,-121.8863,37.5485,-121.9886,484.2579748643042,0.8296833716717049,Proximity:1.00 Rating:0.92 Fuel:0.94,11,5.5,4.5798620906377625,93.64111637904736,3.517822921790131,AUTO_DISPATCHED
2026-01-24T03:25:47.031350,ORD-5015,D063,Ahmed Chen,V057,TRUCK,37.7749,-122.4194,37.8044,-122.2711,383.09335858676525,0.9469177158269987,Proximity:1.00 Rating:1.00 Fuel:0.75,11,5.5,4.988889005103033,75.38641591508556,1.2573974599800755,AUTO_DISPATCHED
2026-01-24T03:25:51.548675,ORD-3789,D057,Ahmed Park,V039,TRUCK,37.3382,-121.8863,37.8044,-122.2711,244.34885367049964,0.9360576237262197,Proximity:1.00 Rating:0.91 Fuel:0.74,11,5.5,4.563932149421807,73.84300593782585,0.5811336925912935,AUTO_DISPATCHED
2026-01-24T03:25:57.094224,ORD-7849,D051,Ana Ivanova,V029,CAR,37.8044,-122.2711,37.7749,-122.4194,197.78919868607608,0.9228106511994724,Proximity:1.00 Rating:0.89 Fuel:0.66,11,5.5,4.434571419806576,66.28620289552731,0.3201207948865412,AUTO_DISPATCHED
2026-01-24T03:25:57.684460,ORD-7739,D019,Priya Wang,V031,VAN,37.3382,-121.8863,37.5485,-121.9886,357.5225780426773,0.92264494475736,Proximity:1.00 Rating:0.84 Fuel:0.95,11,5.5,4.2189361046591545,94.5241098423709,3.031893135404997,AUTO_DISPATCHED
2026-01-24T03:26:06.272168,ORD-6747,D048,Kevin Rodriguez,V063,CAR,37.3382,-121.8863,37.5485,-121.9886,432.00125144495206,0.962662021563953,Proximity:1.00 Rating:0.99 Fuel:0.77,11,5.5,4.968591837195209,77.32019177662474,0.16495516710340707,AUTO_DISPATCHED
2026-01-24T03:26:07.209760,ORD-8007,D003,Yuki Farooq,V040,VAN,37.8044,-122.2711,37.5485,-121.9886,181.4108957946537,0.9369342155052236,Proximity:1.00 Rating:0.99 Fuel:0.70,11,5.5,4.926278599882518,69.93382847234776,1.2014136958879091,AUTO_DISPATCHED
2026-01-24T03:26:11.431518,ORD-2709,D024,Maria O'Brien,V015,CAR,37.7749,-122.4194,37.8044,-122.2711,375.4182621459526,0.9364176962592347,Proximity:1.00 Rating:1.00 Fuel:0.68,11,5.5,4.981427077587455,67.54188057524235,1.1321766165701614,AUTO_DISPATCHED
2026-01-24T03:26:19.565619,ORD-7073,D039,Michael Hassan,V057,TRUCK,37.3382,-121.8863,37.7749,-122.4194,242.28458666773295,0.9294204311162125,Proximity:1.00 Rating:0.85 Fuel:0.75,11,5.5,4.244381893176326,75.38641591508556,0.27475747867750755,AUTO_DISPATCHED
2026-01-24T03:26:20.389348,ORD-8342,D066,James Garcia,V060,CAR,37.3382,-121.8863,37.8044,-122.2711,426.3763526512203,0.8747874169601563,Proximity:1.00 Rating:0.89 Fuel:0.64,11,5.5,4.43844403704815,64.21152326802985,3.9254103539051486,AUTO_DISPATCHED
2026-01-24T03:26:21.762047,ORD-1924,D006,Sophie Anderson,V054,VAN,37.8044,-122.2711,37.5485,-121.9886,218.01562616773657,0.965052564990677,Proximity:1.00 Rating:0.96 Fuel:0.94,11,5.5,4.789127571466042,94.00275200233708,1.401333269717623,AUTO_DISPATCHED
2026-01-24T03:26:26.661680,ORD-7656,D063,Ahmed Chen,V020,BIKE,37.7749,-122.4194,37.8044,-122.2711,224.9995633025017,0.8788797429144322,Proximity:1.00 Rating:1.00 Fuel:0.97,11,5.5,4.988889005103033,96.69443397337456,1.2573974599800755,AUTO_DISPATCHED
2026-01-24T03:26:27.774542,ORD-4118,D029,David Johnson,V029,CAR,37.7749,-122.4194,37.5485,-121.9886,192.61571969549726,0.9250417270473043,Proximity:1.00 Rating:0.97 Fuel:0.66,11,5.5,4.8344684961141144,66.28620289552731,1.421305371244109,AUTO_DISPATCHED
2026-01-24T03:26:36.407620,ORD-4076,D014,John Kim,V026,BIKE,37.3382,-121.8863,37.5485,-121.9886,339.11054232564334,0.8582977638545334,Proximity:1.00 Rating:0.92 Fuel:0.96,11,5.5,4.617542016198764,95.72859514962474,1.5997447614283384,AUTO_DISPATCHED
2026-01-24T03:26:37.503253,ORD-9395,D005,Olivia O'Brien,V030,BIKE,37.3382,-121.8863,37.7749,-122.4194,121.76742871947792,0.8296833716717049,Proximity:1.00 Rating:0.92 Fuel:0.94,11,5.5,4.5798620906377625,93.64111637904736,3.517822921790131,AUTO_DISPATCHED
2026-01-24T03:26:38.283469,ORD-8314,D055,Omar Gonzalez,V043,DRONE,37.7749,-122.4194,37.5485,-121.9886,310.3763317857615,0.8657819587543683,Proximity:1.00 Rating:0.94 Fuel:0.94,11,5.5,4.715126305335697,93.61242838000803,1.05933888232572,AUTO_DISPATCHED
2026-01-24T03:26:45.565627,ORD-1633,D060,Sarah Zhang,V031,VAN,37.3382,-121.8863,37.8044,-122.2711,239.04686429538597,0.9896829117361792,Proximity:1.00 Rating:1.00 Fuel:0.95,11,5.5,4.9973211816342875,94.5241098423709,0.15968802341988564,AUTO_DISPATCHED
2026-01-24T03:26:54.606936,ORD-2220,D051,Ana Ivanova,V063,CAR,37.8044,-122.2711,37.7749,-122.4194,414.4358407289509,0.9393616345211183,Proximity:1.00 Rating:0.89 Fuel:0.77,11,5.5,4.434571419806576,77.32019177662474,0.3201207948865412,AUTO_DISPATCHED
2026-01-24T03:26:55.770758,ORD-7579,D013,Emma Jones,V056,VAN,37.8044,-122.2711,37.7749,-122.4194,463.53338444978004,0.9372038724841677,Proximity:1.00 Rating:0.96 Fuel:0.77,11,5.5,4.804872646000488,77.15981857918652,1.6584608979705209,AUTO_DISPATCHED
2026-01-24T03:27:02.703651,ORD-2454,D048,Kevin Rodriguez,V015,CAR,37.3382,-121.8863,37.7749,-122.4194,278.5072397382668,0.9479945547618793,Proximity:1.00 Rating:0.99 Fuel:0.68,11,5.5,4.968591837195209,67.54188057524235,0.16495516710340707,AUTO_DISPATCHED
2026-01-24T03:27:03.297068,ORD-3534,D068,Yuki Hassan,V055,CAR,37.3382,-121.8863,37.5485,-121.9886,323.13790684112115,0.9157241273507735,Proximity:1.00 Rating:0.90 Fuel:0.65,11,5.5,4.484875452244272,65.01951652272476,0.8960132418467692,AUTO_DISPATCHED
2026-01-24T03:27:04.753760,ORD-4743,D050,Carlos Garcia,V020,BIKE,37.3382,-121.8863,37.5485,-121.9886,275.00229117384663,0.8610719703299894,Proximity:1.00 Rating:0.86 Fuel:0.97,11,5.5,4.27846119914684,96.69443397337456,0.4086502876756777,AUTO_DISPATCHED
2026-01-24T03:27:14.529023,ORD-4696,D024,Maria O'Brien,V017,VAN,37.7749,-122.4194,37.5485,-121.9886,289.75025537005587,0.950023495315116,Proximity:1.00 Rating:1.00 Fuel:0.77,11,5.5,4.981427077587455,76.61241327916326,1.1321766165701614,AUTO_DISPATCHED
2026-01-24T03:27:15.141318,ORD-4346,D058,Sophie Patel,V033,SCOOTER,37.8044,-122.2711,37.7749,-122.4194,113.93604500291757,0.8626207983817457,Proximity:1.00 Rating:0.89 Fuel:0.95,11,5.5,4.431515922276293,94.76908129285601,0.5434768358872084,AUTO_DISPATCHED
2026-01-24T03:27:16.252494,ORD-1973,D003,Yuki Farooq,V040,VAN,37.8044,-122.2711,37.7749,-122.4194,372.1914426353746,0.9369342155052236,Proximity:1.00 Rating:0.99 Fuel:0.70,11,5.5,4.926278599882518,69.93382847234776,1.2014136958879091,AUTO_DISPATCHED
2026-01-24T03:27:26.115515,ORD-3030,D063,Ahmed Chen,V063,CAR,37.7749,-122.4194,37.5485,-121.9886,221.89969779543594,0.9498183796193075,Proximity:1.00 Rating:1.00 Fuel:0.77,11,5.5,4.988889005103033,77.32019177662474,1.2573974599800755,AUTO_DISPATCHED
2026-01-24T03:27:27.147756,ORD-4002,D051,Ana Ivanova,V056,VAN,37.8044,-122.2711,37.7749,-122.4194,442.75776071492794,0.9391210747249611,Proximity:1.00 Rating:0.89 Fuel:0.77,11,5.5,4.434571419806576,77.15981857918652,0.3201207948865412,AUTO_DISPATCHED
2026-01-24T03:27:28.103198,ORD-8212,D014,John Kim,V044,CAR,37.3382,-121.8863,37.5485,-121.9886,323.2785819598367,0.9243787180412418,Proximity:1.00 Rating:0.92 Fuel:0.73,11,5.5,4.617542016198764,73.11589794076367,1.5997447614283384,AUTO_DISPATCHED
2026-01-24T03:27:31.994988,ORD-7492,D033,Ana Lopez,V054,VAN,37.3382,-121.8863,37.5485,-121.9886,384.4058675413613,0.9498282248698946,Proximity:1.00 Rating:0.97 Fuel:0.94,11,5.5,4.870330912796181,94.00275200233708,2.879131171636663,AUTO_DISPATCHED
2026-01-24T03:27:32.941964,ORD-9776,D016,Emily Silva,V051,SCOOTER,37.7749,-122.4194,37.8044,-122.2711,461.6249398269862,0.8672804159263678,Proximity:1.00 Rating:0.89 Fuel:1.00,11,5.5,4.461160227629083,99.75612167804312,0.8640140556688038,AUTO_DISPATCHED
2026-01-24T03:27:38.120046,ORD-9433,D009,Priya Gonzalez,V026,BIKE,37.3382,-121.8863,37.5485,-121.9886,387.89905447857416,0.8397298947318909,Proximity:1.00 Rating:0.89 Fuel:0.96,11,5.5,4.446543915002042,95.72859514962474,2.5379803674102352,AUTO_DISPATCHED
2026-01-24T03:27:38.819218,ORD-1238,D049,Michael Taylor,V039,TRUCK,37.7749,-122.4194,37.5485,-121.9886,210.1605416592586,0.9250808118022232,Proximity:1.00 Rating:0.98 Fuel:0.74,11,5.5,4.881356486933732,73.84300593782585,2.4750365265491916,AUTO_DISPATCHED
2026-01-24T03:27:45.295203,ORD-5253,D012,Sarah Farooq,V033,SCOOTER,37.7749,-122.4194,37.8044,-122.2711,399.8684242447345,0.8432470282178537,Proximity:1.00 Rating:0.96 Fuel:0.95,11,5.5,4.786109873355396,94.76908129285601,3.2280790924516944,AUTO_DISPATCHED
2026-01-24T03:27:46.078008,ORD-6279,D015,Alex Khan,V046,SCOOTER,37.7749,-122.4194,37.5485,-121.9886,279.2659641669544,0.8377435800472341,Proximity:1.00 Rating:0.98 Fuel:0.93,11,5.5,4.899363716590612,92.83372922661083,3.798524996504524,AUTO_DISPATCHED
2026-01-24T03:27:54.093994,ORD-1870,D068,Yuki Hassan,V040,VAN,37.3382,-121.8863,37.8044,-122.2711,292.0319997855805,0.923095595275208,Proximity:1.00 Rating:0.90 Fuel:0.70,11,5.5,4.484875452244272,69.93382847234776,0.8960132418467692,AUTO_DISPATCHED
2026-01-24T03:27:54.850772,ORD-3762,D028,Alex Zhang,V029,CAR,37.8044,-122.2711,37.5485,-121.9886,218.80210852126464,0.9288850902520782,Proximity:1.00 Rating:0.96 Fuel:0.66,11,5.5,4.819289213733922,66.28620289552731,1.0652626112455699,AUTO_DISPATCHED
2026-01-24T03:27:55.908212,ORD-1110,D061,Jennifer Taylor,V027,TRUCK,37.7749,-122.4194,37.8044,-122.2711,267.3511585120798,0.9898064018935263,Proximity:1.00 Rating:1.00 Fuel:0.94,11,5.5,4.991693302417388,94.37778277007546,0.11424034866259047,AUTO_DISPATCHED
2026-01-24T03:28:02.326271,ORD-1266,D052,Jennifer Silva,V056,VAN,37.3382,-121.8863,37.5485,-121.9886,467.60396685306233,0.9407894500653632,Proximity:1.00 Rating:1.00 Fuel:0.77,11,5.5,4.987448541463091,77.15981857918652,1.9558575569552161,AUTO_DISPATCHED
2026-01-24T03:28:03.185698,ORD-1238,D001,Sophie Wang,V020,BIKE,37.7749,-122.4194,37.5485,-121.9886,478.28088786655985,0.8752780470723434,Proximity:1.00 Rating:0.98 Fuel:0.97,11,5.5,4.890026470683826,96.69443397337456,1.2291730172057136,AUTO_DISPATCHED
2026-01-24T03:28:10.542566,ORD-9949,D051,Ana Ivanova,V060,CAR,37.8044,-122.2711,37.5485,-121.9886,110.69939683021785,0.919698631758226,Proximity:1.00 Rating:0.89 Fuel:0.64,11,5.5,4.434571419806576,64.21152326802985,0.3201207948865412,AUTO_DISPATCHED
2026-01-24T03:28:11.135400,ORD-3598,D067,Michael Anderson,V051,SCOOTER,37.3382,-121.8863,37.8044,-122.2711,208.71032645697852,0.8639835939712548,Proximity:1.00 Rating:0.99 Fuel:1.00,11,5.5,4.9392182912338525,99.75612167804312,2.6575456156131065,AUTO_DISPATCHED
2026-01-24T03:28:20.297111,ORD-7707,D037,Nina Martin,V054,VAN,37.8044,-122.2711,37.7749,-122.4194,389.4973938576477,0.9617452279693072,Proximity:1.00 Rating:0.96 Fuel:0.94,11,5.5,4.81505596142564,94.00275200233708,1.7488910792979167,AUTO_DISPATCHED
2026-01-24T03:28:21.610205,ORD-7892,D055,Omar Gonzalez,V044,CAR,37.7749,-122.4194,37.8044,-122.2711,457.4006308950206,0.9350371630955019,Proximity:1.00 Rating:0.94 Fuel:0.73,11,5.5,4.715126305335697,73.11589794076367,1.05933888232572,AUTO_DISPATCHED
2026-01-24T03:28:22.644316,ORD-4977,D039,Michael Hassan,V068,DRONE,37.3382,-121.8863,37.5485,-121.9886,339.8851637794231,0.8649517284795548,Proximity:1.00 Rating:0.85 Fuel:0.99,11,5.5,4.244381893176326,99.07394749064707,0.27475747867750755,AUTO_DISPATCHED
2026-01-24T03:28:25.766403,ORD-8755,D035,Jennifer Martin,V026,BIKE,37.7749,-122.4194,37.5485,-121.9886,396.59943170047455,0.8484546598705157,Proximity:1.00 Rating:0.95 Fuel:0.96,11,5.5,4.769436765062982,95.72859514962474,2.8732562765152503,AUTO_DISPATCHED
2026-01-24T03:28:31.924560,ORD-1052,D014,John Kim,V027,TRUCK,37.3382,-121.8863,37.7749,-122.4194,435.4698606363017,0.9562715452852094,Proximity:1.00 Rating:0.92 Fuel:0.94,11,5.5,4.617542016198764,94.37778277007546,1.5997447614283384,AUTO_DISPATCHED
2026-01-24T03:28:32.483287,ORD-9703,D060,Sarah Zhang,V031,VAN,37.3382,-121.8863,37.5485,-121.9886,375.1077433317193,0.9896829117361792,Proximity:1.00 Rating:1.00 Fuel:0.95,11,5.5,4.9973211816342875,94.5241098423709,0.15968802341988564,AUTO_DISPATCHED
2026-01-24T03:28:42.812627,ORD-2616,D006,Sophie Anderson,V017,VAN,37.8044,-122.2711,37.5485,-121.9886,132.74017354792727,0.9389670569059162,Proximity:1.00 Rating:0.96 Fuel:0.77,11,5.5,4.789127571466042,76.61241327916326,1.401333269717623,AUTO_DISPATCHED
2026-01-24T03:28:43.886741,ORD-2476,D024,Maria O'Brien,V033,SCOOTER,37.7749,-122.4194,37.5485,-121.9886,271.4371534057293,0.8772584973356552,Proximity:1.00 Rating:1.00 Fuel:0.95,11,5.5,4.981427077587455,94.76908129285601,1.1321766165701614,AUTO_DISPATCHED
2026-01-24T03:28:49.780933,ORD-5937,D052,Jennifer Silva,V056,VAN,37.3382,-121.8863,37.5485,-121.9886,309.0657372986379,0.9407894500653632,Proximity:1.00 Rating:1.00 Fuel:0.77,11,5.5,4.987448541463091,77.15981857918652,1.9558575569552161,AUTO_DISPATCHED
2026-01-24T03:28:50.716863,ORD-6369,D029,David Johnson,V054,VAN,37.7749,-122.4194,37.5485,-121.9886,481.5038717657803,0.9666165507075187,Proximity:1.00 Rating:0.97 Fuel:0.94,11,5.5,4.8344684961141144,94.00275200233708,1.421305371244109,AUTO_DISPATCHED
2026-01-24T03:28:51.382336,ORD-8551,D037,Nina Martin,V030,BIKE,37.8044,-122.2711,37.7749,-122.4194,464.4906469298047,0.8612027745343727,Proximity:1.00 Rating:0.96 Fuel:0.94,11,5.5,4.81505596142564,93.64111637904736,1.7488910792979167,AUTO_DISPATCHED
2026-01-24T03:28:54.813877,ORD-2077,D033,Ana Lopez,V063,CAR,37.3382,-121.8863,37.5485,-121.9886,166.38504448202775,0.9248043845313261,Proximity:1.00 Rating:0.97 Fuel:0.77,11,5.5,4.870330912796181,77.32019177662474,2.879131171636663,AUTO_DISPATCHED
2026-01-24T03:28:55.668590,ORD-4479,D063,Ahmed Chen,V044,CAR,37.7749,-122.4194,37.5485,-121.9886,407.25830026936063,0.9435119388655159,Proximity:1.00 Rating:1.00 Fuel:0.73,11,5.5,4.988889005103033,73.11589794076367,1.2573974599800755,AUTO_DISPATCHED
2026-01-24T03:29:00.079932,ORD-2742,D009,Priya Gonzalez,V043,DRONE,37.3382,-121.8863,37.5485,-121.9886,421.1117745115737,0.8365556445774658,Proximity:1.00 Rating:0.89 Fuel:0.94,11,5.5,4.446543915002042,93.61242838000803,2.5379803674102352,AUTO_DISPATCHED
2026-01-24T03:29:00.803812,ORD-5581,D008,Jennifer Ali,V053,DRONE,37.8044,-122.2711,37.7749,-122.4194,217.5341585306156,0.855773707864797,Proximity:1.00 Rating:0.87 Fuel:0.91,11,5.5,4.32932458304615,90.96713982583698,0.3079988156643556,AUTO_DISPATCHED
2026-01-24T03:29:01.396058,ORD-6455,D042,Lucas Miller,V062,BIKE,37.8044,-122.2711,37.5485,-121.9886,112.16903866202723,0.8535278868207177,Proximity:1.00 Rating:0.95 Fuel:0.90,11,5.5,4.740595623722519,90.28356631363236,1.7217030078905187,AUTO_DISPATCHED
2026-01-24T03:29:06.903241,ORD-5977,D028,Alex Zhang,V039,TRUCK,37.8044,-122.2711,37.5485,-121.9886,127.33726229248626,0.940220294815526,Proximity:1.00 Rating:0.96 Fuel:0.74,11,5.5,4.819289213733922,73.84300593782585,1.0652626112455699,AUTO_DISPATCHED
2026-01-24T03:29:08.132233,ORD-1146,D030,Olivia Park,V015,CAR,37.8044,-122.2711,37.5485,-121.9886,301.81810973594634,0.9187433129492257,Proximity:1.00 Rating:0.94 Fuel:0.68,11,5.5,4.69034388570365,67.54188057524235,1.6146610673427135,AUTO_DISPATCHED
2026-01-24T03:29:08.896871,ORD-9710,D048,Kevin Rodriguez,V029,CAR,37.3382,-121.8863,37.8044,-122.2711,358.97295779619844,0.9461110382423068,Proximity:1.00 Rating:0.99 Fuel:0.66,11,5.5,4.968591837195209,66.28620289552731,0.16495516710340707,AUTO_DISPATCHED
2026-01-24T03:29:15.912739,ORD-8816,D055,Omar Gonzalez,V031,VAN,37.7749,-122.4194,37.5485,-121.9886,340.9348075691229,0.9671494809479126,Proximity:1.00 Rating:0.94 Fuel:0.95,11,5.5,4.715126305335697,94.5241098423709,1.05933888232572,AUTO_DISPATCHED
2026-01-24T03:29:23.802638,ORD-1654,D016,Emily Silva,V060,CAR,37.7749,-122.4194,37.5485,-121.9886,164.68671222133557,0.913963518311348,Proximity:1.00 Rating:0.89 Fuel:0.64,11,5.5,4.461160227629083,64.21152326802985,0.8640140556688038,AUTO_DISPATCHED
2026-01-24T03:29:24.394078,ORD-7713,D051,Ana Ivanova,V068,DRONE,37.8044,-122.2711,37.5485,-121.9886,131.0594496994058,0.8719922680921519,Proximity:1.00 Rating:0.89 Fuel:0.99,11,5.5,4.434571419806576,99.07394749064707,0.3201207948865412,AUTO_DISPATCHED
2026-01-24T03:29:25.334714,ORD-7731,D060,Sarah Zhang,V030,BIKE,37.3382,-121.8863,37.5485,-121.9886,130.4522249618314,0.8883584215411939,Proximity:1.00 Rating:1.00 Fuel:0.94,11,5.5,4.9973211816342875,93.64111637904736,0.15968802341988564,AUTO_DISPATCHED
2026-01-24T03:29:32.945002,ORD-8085,D039,Michael Hassan,V020,BIKE,37.3382,-121.8863,37.5485,-121.9886,265.2132007445839,0.861382458203646,Proximity:1.00 Rating:0.85 Fuel:0.97,11,5.5,4.244381893176326,96.69443397337456,0.27475747867750755,AUTO_DISPATCHED
2026-01-24T03:29:33.759782,ORD-7614,D001,Sophie Wang,V056,VAN,37.7749,-122.4194,37.8044,-122.2711,442.97781770517366,0.9459761239810612,Proximity:1.00 Rating:0.98 Fuel:0.77,11,5.5,4.890026470683826,77.15981857918652,1.2291730172057136,AUTO_DISPATCHED
2026-01-24T03:29:34.507199,ORD-7748,D052,Jennifer Silva,V046,SCOOTER,37.3382,-121.8863,37.5485,-121.9886,142.18120263252789,0.8643003160364996,Proximity:1.00 Rating:1.00 Fuel:0.93,11,5.5,4.987448541463091,92.83372922661083,1.9558575569552161,AUTO_DISPATCHED
2026-01-24T03:29:42.727851,ORD-5862,D057,Ahmed Park,V063,CAR,37.3382,-121.8863,37.7749,-122.4194,309.5740812665543,0.941273402484418,Proximity:1.00 Rating:0.91 Fuel:0.77,11,5.5,4.563932149421807,77.32019177662474,0.5811336925912935,AUTO_DISPATCHED
2026-01-24T03:29:43.912617,ORD-7065,D015,Alex Khan,V055,CAR,37.7749,-122.4194,37.8044,-122.2711,107.3708236584468,0.8960222609914051,Proximity:1.00 Rating:0.98 Fuel:0.65,11,5.5,4.899363716590612,65.01951652272476,3.798524996504524,AUTO_DISPATCHED
2026-01-24T03:29:53.198545,ORD-1741,D006,Sophie Anderson,V017,VAN,37.8044,-122.2711,37.5485,-121.9886,330.97159545605007,0.9389670569059162,Proximity:1.00 Rating:0.96 Fuel:0.77,11,5.5,4.789127571466042,76.61241327916326,1.401333269717623,AUTO_DISPATCHED
2026-01-24T03:29:54.615439,ORD-7058,D035,Jennifer Martin,V026,BIKE,37.7749,-122.4194,37.8044,-122.2711,497.0077474707135,0.8484546598705157,Proximity:1.00 Rating:0.95 Fuel:0.96,11,5.5,4.769436765062982,95.72859514962474,2.8732562765152503,AUTO_DISPATCHED
2026-01-24T03:30:02.145048,ORD-6157,D032,Jennifer Garcia,V051,SCOOTER,37.8044,-122.2711,37.7749,-122.4194,232.6919515191894,0.8692624287279275,Proximity:1.00 Rating:0.86 Fuel:1.00,11,5.5,4.312263848126469,99.75612167804312,0.22898461713567997,AUTO_DISPATCHED
2026-01-24T03:30:09.113309,ORD-6398,D060,Sarah Zhang,V057,TRUCK,37.3382,-121.8863,37.8044,-122.2711,136.2064214738495,0.9609763708452512,Proximity:1.00 Rating:1.00 Fuel:0.75,11,5.5,4.9973211816342875,75.38641591508556,0.15968802341988564,AUTO_DISPATCHED
2026-01-24T03:30:10.347009,ORD-5095,D067,Michael Anderson,V030,BIKE,37.3382,-121.8863,37.7749,-122.4194,248.99215870067928,0.8548110860227612,Proximity:1.00 Rating:0.99 Fuel:0.94,11,5.5,4.9392182912338525,93.64111637904736,2.6575456156131065,AUTO_DISPATCHED
2026-01-24T03:30:11.664882,ORD-6784,D031,Kevin Ivanova,V033,SCOOTER,37.7749,-122.4194,37.8044,-122.2711,228.91901973280034,0.840644802662119,Proximity:1.00 Rating:0.85 Fuel:0.95,11,5.5,4.249637123736169,94.76908129285601,1.7195443381289395,AUTO_DISPATCHED
2026-01-24T03:30:17.802104,ORD-9083,D028,Alex Zhang,V054,VAN,37.8044,-122.2711,37.7749,-122.4194,122.74891894917315,0.9704599139122929,Proximity:1.00 Rating:0.96 Fuel:0.94,11,5.5,4.819289213733922,94.00275200233708,1.0652626112455699,AUTO_DISPATCHED
2026-01-24T03:30:26.351756,ORD-5584,D052,Jennifer Silva,V039,TRUCK,37.3382,-121.8863,37.8044,-122.2711,472.26028642674214,0.9358142311033221,Proximity:1.00 Rating:1.00 Fuel:0.74,11,5.5,4.987448541463091,73.84300593782585,1.9558575569552161,AUTO_DISPATCHED
2026-01-24T03:30:27.338774,ORD-8555,D037,Nina Martin,V044,CAR,37.8044,-122.2711,37.7749,-122.4194,428.7444646487151,0.930414946876947,Proximity:1.00 Rating:0.96 Fuel:0.73,11,5.5,4.81505596142564,73.11589794076367,1.7488910792979167,AUTO_DISPATCHED
2026-01-24T03:30:34.650276,ORD-4079,D063,Ahmed Chen,V027,TRUCK,37.7749,-122.4194,37.5485,-121.9886,305.1704283041279,0.9754047661094835,Proximity:1.00 Rating:1.00 Fuel:0.94,11,5.5,4.988889005103033,94.37778277007546,1.2573974599800755,AUTO_DISPATCHED
2026-01-24T03:30:39.315612,ORD-6226,D029,David Johnson,V015,CAR,37.7749,-122.4194,37.8044,-122.2711,287.5393309215889,0.9269252435668768,Proximity:1.00 Rating:0.97 Fuel:0.68,11,5.5,4.8344684961141144,67.54188057524235,1.421305371244109,AUTO_DISPATCHED
2026-01-24T03:30:40.225599,ORD-7120,D035,Jennifer Martin,V055,CAR,37.7749,-122.4194,37.8044,-122.2711,453.9291204666008,0.9023910419301658,Proximity:1.00 Rating:0.95 Fuel:0.65,11,5.5,4.769436765062982,65.01951652272476,2.8732562765152503,AUTO_DISPATCHED
2026-01-24T03:30:45.370715,ORD-3383,D061,Jennifer Taylor,V031,VAN,37.7749,-122.4194,37.5485,-121.9886,447.0540779641458,0.9900258925019695,Proximity:1.00 Rating:1.00 Fuel:0.95,11,5.5,4.991693302417388,94.5241098423709,0.11424034866259047,AUTO_DISPATCHED
2026-01-24T03:30:45.962083,ORD-1356,D003,Yuki Farooq,V051,SCOOTER,37.8044,-122.2711,37.5485,-121.9886,308.3164408022431,0.8816676553137665,Proximity:1.00 Rating:0.99 Fuel:1.00,11,5.5,4.926278599882518,99.75612167804312,1.2014136958879091,AUTO_DISPATCHED
2026-01-24T03:30:49.355759,ORD-3804,D050,Carlos Garcia,V054,VAN,37.3382,-121.8863,37.7749,-122.4194,482.5019812382773,0.9570344473734334,Proximity:1.00 Rating:0.86 Fuel:0.94,11,5.5,4.27846119914684,94.00275200233708,0.4086502876756777,AUTO_DISPATCHED
2026-01-24T03:30:50.812395,ORD-9354,D014,John Kim,V060,CAR,37.3382,-121.8863,37.7749,-122.4194,402.31676952664486,0.9110221560321411,Proximity:1.00 Rating:0.92 Fuel:0.64,11,5.5,4.617542016198764,64.21152326802985,1.5997447614283384,AUTO_DISPATCHED
2026-01-24T03:30:58.831797,ORD-4616,D028,Alex Zhang,V044,CAR,37.8044,-122.2711,37.7749,-122.4194,301.99440142865706,0.9391296328199328,Proximity:1.00 Rating:0.96 Fuel:0.73,11,5.5,4.819289213733922,73.11589794076367,1.0652626112455699,AUTO_DISPATCHED
2026-01-24T03:30:59.771270,ORD-8749,D013,Emma Jones,V029,CAR,37.8044,-122.2711,37.7749,-122.4194,295.25166239787484,0.920893448958679,Proximity:1.00 Rating:0.96 Fuel:0.66,11,5.5,4.804872646000488,66.28620289552731,1.6584608979705209,AUTO_DISPATCHED
2026-01-24T03:31:07.363875,ORD-8088,D033,Ana Lopez,V016,TRUCK,37.3382,-121.8863,37.5485,-121.9886,267.603044612058,0.9146802679915529,Proximity:1.00 Rating:0.97 Fuel:0.71,11,5.5,4.870330912796181,70.57078075010925,2.879131171636663,AUTO_DISPATCHED
2026-01-24T03:31:08.234907,ORD-7505,D006,Sophie Anderson,V068,DRONE,37.8044,-122.2711,37.7749,-122.4194,352.5541120631905,0.872659358223142,Proximity:1.00 Rating:0.96 Fuel:0.99,11,5.5,4.789127571466042,99.07394749064707,1.401333269717623,AUTO_DISPATCHED
2026-01-24T03:31:09.232024,ORD-2455,D009,Priya Gonzalez,V056,VAN,37.3382,-121.8863,37.7749,-122.4194,213.9071519827811,0.9118767298762336,Proximity:1.00 Rating:0.89 Fuel:0.77,11,5.5,4.446543915002042,77.15981857918652,2.5379803674102352,AUTO_DISPATCHED
2026-01-24T03:31:13.543803,ORD-5339,D005,Olivia O'Brien,V015,CAR,37.3382,-121.8863,37.7749,-122.4194,317.90617151383344,0.8905345179659974,Proximity:1.00 Rating:0.92 Fuel:0.68,11,5.5,4.5798620906377625,67.54188057524235,3.517822921790131,AUTO_DISPATCHED
2026-01-24T03:31:14.988652,ORD-2252,D037,Nina Martin,V055,CAR,37.8044,-122.2711,37.5485,-121.9886,477.13920624552617,0.9182703747498887,Proximity:1.00 Rating:0.96 Fuel:0.65,11,5.5,4.81505596142564,65.01951652272476,1.7488910792979167,AUTO_DISPATCHED
2026-01-24T03:31:16.189076,ORD-9929,D001,Sophie Wang,V026,BIKE,37.7749,-122.4194,37.8044,-122.2711,158.753491522029,0.8738292888367186,Proximity:1.00 Rating:0.98 Fuel:0.96,11,5.5,4.890026470683826,95.72859514962474,1.2291730172057136,AUTO_DISPATCHED
2026-01-24T03:31:24.497653,ORD-6115,D058,Sophie Patel,V033,SCOOTER,37.8044,-122.2711,37.7749,-122.4194,224.83223084621903,0.8626207983817457,Proximity:1.00 Rating:0.89 Fuel:0.95,11,5.5,4.431515922276293,94.76908129285601,0.5434768358872084,AUTO_DISPATCHED
2026-01-24T03:31:25.154529,ORD-9217,D029,David Johnson,V043,DRONE,37.7749,-122.4194,37.5485,-121.9886,277.713631520547,0.8660310652740252,Proximity:1.00 Rating:0.97 Fuel:0.94,11,5.5,4.8344684961141144,93.61242838000803,1.421305371244109,AUTO_DISPATCHED
2026-01-24T03:31:25.902930,ORD-5917,D016,Emily Silva,V046,SCOOTER,37.7749,-122.4194,37.8044,-122.2711,261.9765461929885,0.8568968272492195,Proximity:1.00 Rating:0.89 Fuel:0.93,11,5.5,4.461160227629083,92.83372922661083,0.8640140556688038,AUTO_DISPATCHED
2026-01-24T03:31:34.221251,ORD-3646,D035,Jennifer Martin,V044,CAR,37.7749,-122.4194,37.8044,-122.2711,176.16080308209007,0.9145356140572242,Proximity:1.00 Rating:0.95 Fuel:0.73,11,5.5,4.769436765062982,73.11589794076367,2.8732562765152503,AUTO_DISPATCHED
2026-01-24T03:31:40.267348,ORD-1733,D028,Alex Zhang,V029,CAR,37.8044,-122.2711,37.5485,-121.9886,325.0737804177354,0.9288850902520782,Proximity:1.00 Rating:0.96 Fuel:0.66,11,5.5,4.819289213733922,66.28620289552731,1.0652626112455699,AUTO_DISPATCHED
2026-01-24T03:31:47.372185,ORD-1097,D057,Ahmed Park,V040,VAN,37.3382,-121.8863,37.5485,-121.9886,361.24461296250325,0.9301938575280027,Proximity:1.00 Rating:0.91 Fuel:0.70,11,5.5,4.563932149421807,69.93382847234776,0.5811336925912935,AUTO_DISPATCHED
2026-01-24T03:31:57.336217,ORD-1988,D060,Sarah Zhang,V057,TRUCK,37.3382,-121.8863,37.5485,-121.9886,297.94937604864936,0.9609763708452512,Proximity:1.00 Rating:1.00 Fuel:0.75,11,5.5,4.9973211816342875,75.38641591508556,0.15968802341988564,AUTO_DISPATCHED
2026-01-24T03:31:58.319842,ORD-9502,D033,Ana Lopez,V016,TRUCK,37.3382,-121.8863,37.5485,-121.9886,247.8219108798698,0.9146802679915529,Proximity:1.00 Rating:0.97 Fuel:0.71,11,5.5,4.870330912796181,70.57078075010925,2.879131171636663,AUTO_DISPATCHED
2026-01-24T03:32:05.811451,ORD-8629,D003,Yuki Farooq,V027,TRUCK,37.8044,-122.2711,37.7749,-122.4194,306.5648438785695,0.973600146951815,Proximity:1.00 Rating:0.99 Fuel:0.94,11,5.5,4.926278599882518,94.37778277007546,1.2014136958879091,AUTO_DISPATCHED
2026-01-24T03:32:11.930366,ORD-5589,D034,Ahmed Kim,V044,CAR,37.3382,-121.8863,37.7749,-122.4194,436.8212941043797,0.8983896672574283,Proximity:1.00 Rating:0.94 Fuel:0.73,11,5.5,4.679531152771935,73.11589794076367,3.877234061167563,AUTO_DISPATCHED
2026-01-24T03:32:12.664518,ORD-9386,D020,Sarah Johnson,V031,VAN,37.3382,-121.8863,37.8044,-122.2711,142.73612423245612,0.9278186429453007,Proximity:1.00 Rating:0.89 Fuel:0.95,11,5.5,4.433399134725255,94.5241098423709,3.3042789765812635,AUTO_DISPATCHED
2026-01-24T03:32:13.461799,ORD-2587,D019,Priya Wang,V051,SCOOTER,37.3382,-121.8863,37.5485,-121.9886,118.8630309255648,0.8304929625108683,Proximity:1.00 Rating:0.84 Fuel:1.00,11,5.5,4.2189361046591545,99.75612167804312,3.031893135404997,AUTO_DISPATCHED
2026-01-24T03:32:18.738151,ORD-2392,D061,Jennifer Taylor,V039,TRUCK,37.7749,-122.4194,37.5485,-121.9886,188.33417674997665,0.9590042366451518,Proximity:1.00 Rating:1.00 Fuel:0.74,11,5.5,4.991693302417388,73.84300593782585,0.11424034866259047,AUTO_DISPATCHED
2026-01-24T03:32:19.621741,ORD-7280,D024,Maria O'Brien,V068,DRONE,37.7749,-122.4194,37.5485,-121.9886,373.6728498519533,0.8837157966323418,Proximity:1.00 Rating:1.00 Fuel:0.99,11,5.5,4.981427077587455,99.07394749064707,1.1321766165701614,AUTO_DISPATCHED
2026-01-24T03:32:24.418438,ORD-3430,D063,Ahmed Chen,V055,CAR,37.7749,-122.4194,37.5485,-121.9886,159.11118283120928,0.9313673667384575,Proximity:1.00 Rating:1.00 Fuel:0.65,11,5.5,4.988889005103033,65.01951652272476,1.2573974599800755,AUTO_DISPATCHED
2026-01-24T03:32:25.899283,ORD-7264,D059,Maria Khan,V033,SCOOTER,37.3382,-121.8863,37.8044,-122.2711,282.57092414196836,0.8590455397656808,Proximity:1.00 Rating:0.96 Fuel:0.95,11,5.5,4.799533452445182,94.76908129285601,2.007153621712842,AUTO_DISPATCHED
2026-01-24T03:32:26.600112,ORD-9700,D013,Emma Jones,V030,BIKE,37.8044,-122.2711,37.5485,-121.9886,306.36925466838545,0.861925819183959,Proximity:1.00 Rating:0.96 Fuel:0.94,11,5.5,4.804872646000488,93.64111637904736,1.6584608979705209,AUTO_DISPATCHED
2026-01-24T03:32:31.484963,ORD-7064,D037,Nina Martin,V040,VAN,37.8044,-122.2711,37.7749,-122.4194,382.76215100947934,0.9256418426743233,Proximity:1.00 Rating:0.96 Fuel:0.70,11,5.5,4.81505596142564,69.93382847234776,1.7488910792979167,AUTO_DISPATCHED
2026-01-24T03:32:32.611328,ORD-3905,D016,Emily Silva,V046,SCOOTER,37.7749,-122.4194,37.5485,-121.9886,238.7981048368659,0.8568968272492195,Proximity:1.00 Rating:0.89 Fuel:0.93,11,5.5,4.461160227629083,92.83372922661083,0.8640140556688038,AUTO_DISPATCHED
2026-01-24T03:32:36.807114,ORD-2129,D057,Ahmed Park,V027,TRUCK,37.3382,-121.8863,37.5485,-121.9886,346.63837845287026,0.9668597889745942,Proximity:1.00 Rating:0.91 Fuel:0.94,11,5.5,4.563932149421807,94.37778277007546,0.5811336925912935,AUTO_DISPATCHED
2026-01-24T03:32:37.963827,ORD-6690,D066,James Garcia,V053,DRONE,37.3382,-121.8863,37.7749,-122.4194,176.52711269805414,0.8149208417968671,Proximity:1.00 Rating:0.89 Fuel:0.91,11,5.5,4.43844403704815,90.96713982583698,3.9254103539051486,AUTO_DISPATCHED
2026-01-24T03:32:41.814335,ORD-5360,D003,Yuki Farooq,V057,TRUCK,37.8044,-122.2711,37.7749,-122.4194,471.61003771835345,0.9451130966693302,Proximity:1.00 Rating:0.99 Fuel:0.75,11,5.5,4.926278599882518,75.38641591508556,1.2014136958879091,AUTO_DISPATCHED
2026-01-24T03:32:45.816883,ORD-9178,D035,Jennifer Martin,V016,TRUCK,37.7749,-122.4194,37.5485,-121.9886,451.53852680613267,0.9107179382712426,Proximity:1.00 Rating:0.95 Fuel:0.71,11,5.5,4.769436765062982,70.57078075010925,2.8732562765152503,AUTO_DISPATCHED
2026-01-24T03:32:47.143444,ORD-9687,D012,Sarah Farooq,V062,BIKE,37.7749,-122.4194,37.5485,-121.9886,137.4575614312565,0.8365187557490181,Proximity:1.00 Rating:0.96 Fuel:0.90,11,5.5,4.786109873355396,90.28356631363236,3.2280790924516944,AUTO_DISPATCHED
2026-01-24T03:32:55.658947,ORD-5377,D058,Sophie Patel,V017,VAN,37.8044,-122.2711,37.7749,-122.4194,343.6084644815048,0.9353857963612064,Proximity:1.00 Rating:0.89 Fuel:0.77,11,5.5,4.431515922276293,76.61241327916326,0.5434768358872084,AUTO_DISPATCHED
2026-01-24T03:32:56.473458,ORD-1385,D051,Ana Ivanova,V060,CAR,37.8044,-122.2711,37.7749,-122.4194,171.49034389308605,0.919698631758226,Proximity:1.00 Rating:0.89 Fuel:0.64,11,5.5,4.434571419806576,64.21152326802985,0.3201207948865412,AUTO_DISPATCHED
2026-01-24T03:32:59.772511,ORD-4708,D055,Omar Gonzalez,V020,BIKE,37.7749,-122.4194,37.5485,-121.9886,437.7372262713691,0.8704049671444181,Proximity:1.00 Rating:0.94 Fuel:0.97,11,5.5,4.715126305335697,96.69443397337456,1.05933888232572,AUTO_DISPATCHED
2026-01-24T03:33:01.068697,ORD-1127,D015,Alex Khan,V043,DRONE,37.7749,-122.4194,37.8044,-122.2711,478.5461951189104,0.8389116287773299,Proximity:1.00 Rating:0.98 Fuel:0.94,11,5.5,4.899363716590612,93.61242838000803,3.798524996504524,AUTO_DISPATCHED
2026-01-24T03:33:07.442442,ORD-8071,D050,Carlos Garcia,V040,VAN,37.3382,-121.8863,37.5485,-121.9886,412.6762651847368,0.9209310620784494,Proximity:1.00 Rating:0.86 Fuel:0.70,11,5.5,4.27846119914684,69.93382847234776,0.4086502876756777,AUTO_DISPATCHED
2026-01-24T03:33:08.914232,ORD-3617,D037,Nina Martin,V064,SCOOTER,37.8044,-122.2711,37.5485,-121.9886,253.47220602601848,0.8554928264732713,Proximity:1.00 Rating:0.96 Fuel:0.90,11,5.5,4.81505596142564,89.83448433831316,1.7488910792979167,AUTO_DISPATCHED
2026-01-24T03:33:14.660042,ORD-9972,D031,Kevin Ivanova,V056,VAN,37.7749,-122.4194,37.8044,-122.2711,152.9886033317748,0.9142309085916147,Proximity:1.00 Rating:0.85 Fuel:0.77,11,5.5,4.249637123736169,77.15981857918652,1.7195443381289395,AUTO_DISPATCHED
2026-01-24T03:33:16.104354,ORD-5887,D047,David Martin,V057,TRUCK,37.7749,-122.4194,37.8044,-122.2711,322.2600269346454,0.9064271955839371,Proximity:1.00 Rating:0.86 Fuel:0.75,11,5.5,4.324906003089435,75.38641591508556,2.3718934729814967,AUTO_DISPATCHED
2026-01-24T03:33:19.236264,ORD-6004,D014,John Kim,V015,CAR,37.3382,-121.8863,37.8044,-122.2711,283.2050578049648,0.9160176919929598,Proximity:1.00 Rating:0.92 Fuel:0.68,11,5.5,4.617542016198764,67.54188057524235,1.5997447614283384,AUTO_DISPATCHED
2026-01-24T03:33:27.321971,ORD-3769,D057,Ahmed Park,V027,TRUCK,37.3382,-121.8863,37.5485,-121.9886,199.4446541508645,0.9668597889745942,Proximity:1.00 Rating:0.91 Fuel:0.94,11,5.5,4.563932149421807,94.37778277007546,0.5811336925912935,AUTO_DISPATCHED
2026-01-24T03:33:33.107126,ORD-2675,D006,Sophie Anderson,V017,VAN,37.8044,-122.2711,37.5485,-121.9886,215.8123874944369,0.9389670569059162,Proximity:1.00 Rating:0.96 Fuel:0.77,11,5.5,4.789127571466042,76.61241327916326,1.401333269717623,AUTO_DISPATCHED
2026-01-24T03:33:38.047837,ORD-8599,D051,Ana Ivanova,V060,CAR,37.8044,-122.2711,37.5485,-121.9886,465.94388148033045,0.919698631758226,Proximity:1.00 Rating:0.89 Fuel:0.64,11,5.5,4.434571419806576,64.21152326802985,0.3201207948865412,AUTO_DISPATCHED
2026-01-24T03:33:39.488886,ORD-8046,D013,Emma Jones,V030,BIKE,37.8044,-122.2711,37.7749,-122.4194,122.69898478161502,0.861925819183959,Proximity:1.00 Rating:0.96 Fuel:0.94,11,5.5,4.804872646000488,93.64111637904736,1.6584608979705209,AUTO_DISPATCHED
2026-01-24T03:33:44.562970,ORD-9432,D033,Ana Lopez,V063,CAR,37.3382,-121.8863,37.5485,-121.9886,127.94027881560277,0.9248043845313261,Proximity:1.00 Rating:0.97 Fuel:0.77,11,5.5,4.870330912796181,77.32019177662474,2.879131171636663,AUTO_DISPATCHED
2026-01-24T03:33:45.638233,ORD-7315,D061,Jennifer Taylor,V056,VAN,37.7749,-122.4194,37.8044,-122.2711,397.1879714922556,0.9639794556071929,Proximity:1.00 Rating:1.00 Fuel:0.77,11,5.5,4.991693302417388,77.15981857918652,0.11424034866259047,AUTO_DISPATCHED
2026-01-24T03:33:46.232006,ORD-9118,D058,Sophie Patel,V039,TRUCK,37.8044,-122.2711,37.7749,-122.4194,252.58627514405526,0.9312316853492004,Proximity:1.00 Rating:0.89 Fuel:0.74,11,5.5,4.431515922276293,73.84300593782585,0.5434768358872084,AUTO_DISPATCHED
2026-01-24T03:33:51.396878,ORD-5078,D024,Maria O'Brien,V057,TRUCK,37.7749,-122.4194,37.8044,-122.2711,494.9555686812249,0.9481844992689995,Proximity:1.00 Rating:1.00 Fuel:0.75,11,5.5,4.981427077587455,75.38641591508556,1.1321766165701614,AUTO_DISPATCHED
2026-01-24T03:33:55.309486,ORD-6575,D063,Ahmed Chen,V040,VAN,37.7749,-122.4194,37.8044,-122.2711,283.92837536232264,0.9387388346628921,Proximity:1.00 Rating:1.00 Fuel:0.70,11,5.5,4.988889005103033,69.93382847234776,1.2573974599800755,AUTO_DISPATCHED
2026-01-24T03:33:59.098954,ORD-8574,D050,Carlos Garcia,V055,CAR,37.3382,-121.8863,37.5485,-121.9886,173.49624990862992,0.9135595941540149,Proximity:1.00 Rating:0.86 Fuel:0.65,11,5.5,4.27846119914684,65.01951652272476,0.4086502876756777,AUTO_DISPATCHED
2026-01-24T03:34:00.606785,ORD-2235,D067,Michael Anderson,V031,VAN,37.3382,-121.8863,37.7749,-122.4194,499.44864676953523,0.9561355762177465,Proximity:1.00 Rating:0.99 Fuel:0.95,11,5.5,4.9392182912338525,94.5241098423709,2.6575456156131065,AUTO_DISPATCHED
2026-01-24T03:34:05.366569,ORD-3279,D016,Emily Silva,V068,DRONE,37.7749,-122.4194,37.8044,-122.2711,498.72132871632743,0.8662571546452739,Proximity:1.00 Rating:0.89 Fuel:0.99,11,5.5,4.461160227629083,99.07394749064707,0.8640140556688038,AUTO_DISPATCHED
2026-01-24T03:34:05.912112,ORD-7340,D031,Kevin Ivanova,V046,SCOOTER,37.7749,-122.4194,37.8044,-122.2711,172.1789959540227,0.8377417745627512,Proximity:1.00 Rating:0.85 Fuel:0.93,11,5.5,4.249637123736169,92.83372922661083,1.7195443381289395,AUTO_DISPATCHED
2026-01-24T03:34:07.081348,ORD-8610,D032,Jennifer Garcia,V023,DRONE,37.8044,-122.2711,37.5485,-121.9886,128.8433614308192,0.8532125824013254,Proximity:1.00 Rating:0.86 Fuel:0.89,11,5.5,4.312263848126469,89.05622412697507,0.22898461713567997,AUTO_DISPATCHED
2026-01-24T03:34:11.884201,ORD-5561,D057,Ahmed Park,V021,CAR,37.3382,-121.8863,37.5485,-121.9886,205.12570377778272,0.9529102830328089,Proximity:1.00 Rating:0.91 Fuel:0.85,11,5.5,4.563932149421807,85.07811214221863,0.5811336925912935,AUTO_DISPATCHED
2026-01-24T03:34:12.852531,ORD-8826,D052,Jennifer Silva,V044,CAR,37.3382,-121.8863,37.8044,-122.2711,296.0881689074131,0.9347235691077288,Proximity:1.00 Rating:1.00 Fuel:0.73,11,5.5,4.987448541463091,73.11589794076367,1.9558575569552161,AUTO_DISPATCHED
2026-01-24T03:34:22.238066,ORD-1465,D013,Emma Jones,V056,VAN,37.8044,-122.2711,37.7749,-122.4194,187.37741729805708,0.9372038724841677,Proximity:1.00 Rating:0.96 Fuel:0.77,11,5.5,4.804872646000488,77.15981857918652,1.6584608979705209,AUTO_DISPATCHED
2026-01-24T03:34:30.359432,ORD-2450,D059,Maria Khan,V063,CAR,37.3382,-121.8863,37.5485,-121.9886,486.2347623716679,0.9328722054913338,Proximity:1.00 Rating:0.96 Fuel:0.77,11,5.5,4.799533452445182,77.32019177662474,2.007153621712842,AUTO_DISPATCHED
2026-01-24T03:34:31.031329,ORD-1592,D061,Jennifer Taylor,V057,TRUCK,37.7749,-122.4194,37.5485,-121.9886,274.378542356881,0.9613193516110415,Proximity:1.00 Rating:1.00 Fuel:0.75,11,5.5,4.991693302417388,75.38641591508556,0.11424034866259047,AUTO_DISPATCHED
2026-01-24T03:34:33.848280,ORD-1819,D033,Ana Lopez,V039,TRUCK,37.3382,-121.8863,37.5485,-121.9886,412.6897446904926,0.9195886057731277,Proximity:1.00 Rating:0.97 Fuel:0.74,11,5.5,4.870330912796181,73.84300593782585,2.879131171636663,AUTO_DISPATCHED
2026-01-24T03:34:34.364118,ORD-8279,D009,Priya Gonzalez,V016,TRUCK,37.3382,-121.8863,37.5485,-121.9886,174.44641233392127,0.9019931731326176,Proximity:1.00 Rating:0.89 Fuel:0.71,11,5.5,4.446543915002042,70.57078075010925,2.5379803674102352,AUTO_DISPATCHED
2026-01-24T03:34:41.317306,ORD-4938,D024,Maria O'Brien,V040,VAN,37.7749,-122.4194,37.8044,-122.2711,148.1363575927578,0.9400056181048929,Proximity:1.00 Rating:1.00 Fuel:0.70,11,5.5,4.981427077587455,69.93382847234776,1.1321766165701614,AUTO_DISPATCHED
2026-01-24T03:34:50.781805,ORD-8764,D048,Kevin Rodriguez,V055,CAR,37.3382,-121.8863,37.5485,-121.9886,373.69353280991027,0.944211008683103,Proximity:1.00 Rating:0.99 Fuel:0.65,11,5.5,4.968591837195209,65.01951652272476,0.16495516710340707,AUTO_DISPATCHED
2026-01-24T03:34:51.950593,ORD-1081,D050,Carlos Garcia,V060,CAR,37.3382,-121.8863,37.5485,-121.9886,426.376995471906,0.9123476042719725,Proximity:1.00 Rating:0.86 Fuel:0.64,11,5.5,4.27846119914684,64.21152326802985,0.4086502876756777,AUTO_DISPATCHED
2026-01-24T03:34:56.689553,ORD-2270,D051,Ana Ivanova,V021,CAR,37.8044,-122.2711,37.7749,-122.4194,419.6117621845562,0.9509985150695092,Proximity:1.00 Rating:0.89 Fuel:0.85,11,5.5,4.434571419806576,85.07811214221863,0.3201207948865412,AUTO_DISPATCHED
2026-01-24T03:35:01.193667,ORD-1829,D013,Emma Jones,V056,VAN,37.8044,-122.2711,37.5485,-121.9886,327.7107193368389,0.9372038724841677,Proximity:1.00 Rating:0.96 Fuel:0.77,11,5.5,4.804872646000488,77.15981857918652,1.6584608979705209,AUTO_DISPATCHED
2026-01-24T03:35:02.124396,ORD-5322,D055,Omar Gonzalez,V051,SCOOTER,37.7749,-122.4194,37.5485,-121.9886,169.30762997517093,0.8749974987014209,Proximity:1.00 Rating:0.94 Fuel:1.00,11,5.5,4.715126305335697,99.75612167804312,1.05933888232572,AUTO_DISPATCHED
2026-01-24T03:35:06.704450,ORD-5646,D037,Nina Martin,V015,CAR,37.8044,-122.2711,37.5485,-121.9886,499.70559601957626,0.9220539208286652,Proximity:1.00 Rating:0.96 Fuel:0.68,11,5.5,4.81505596142564,67.54188057524235,1.7488910792979167,AUTO_DISPATCHED
2026-01-24T03:35:14.149493,ORD-3737,D058,Sophie Patel,V063,CAR,37.8044,-122.2711,37.7749,-122.4194,221.15840020650177,0.9364474641073988,Proximity:1.00 Rating:0.89 Fuel:0.77,11,5.5,4.431515922276293,77.32019177662474,0.5434768358872084,AUTO_DISPATCHED
2026-01-24T03:35:14.804038,ORD-6865,D024,Maria O'Brien,V040,VAN,37.7749,-122.4194,37.8044,-122.2711,156.74962889102497,0.9400056181048929,Proximity:1.00 Rating:1.00 Fuel:0.70,11,5.5,4.981427077587455,69.93382847234776,1.1321766165701614,AUTO_DISPATCHED
2026-01-24T03:35:20.244706,ORD-7297,D060,Sarah Zhang,V039,TRUCK,37.3382,-121.8863,37.8044,-122.2711,115.5946831974461,0.9586612558793617,Proximity:1.00 Rating:1.00 Fuel:0.74,11,5.5,4.9973211816342875,73.84300593782585,0.15968802341988564,AUTO_DISPATCHED
2026-01-24T03:35:21.618503,ORD-4373,D057,Ahmed Park,V016,TRUCK,37.3382,-121.8863,37.7749,-122.4194,415.6201115044041,0.9311492859446449,Proximity:1.00 Rating:0.91 Fuel:0.71,11,5.5,4.563932149421807,70.57078075010925,0.5811336925912935,AUTO_DISPATCHED
2026-01-24T03:35:28.017955,ORD-7610,D035,Jennifer Martin,V021,CAR,37.7749,-122.4194,37.8044,-122.2711,204.23861752683652,0.9324789353594066,Proximity:1.00 Rating:0.95 Fuel:0.85,11,5.5,4.769436765062982,85.07811214221863,2.8732562765152503,AUTO_DISPATCHED
2026-01-24T03:35:29.439267,ORD-4155,D068,Yuki Hassan,V068,DRONE,37.3382,-121.8863,37.8044,-122.2711,208.03127770280156,0.8668057738026569,Proximity:1.00 Rating:0.90 Fuel:0.99,11,5.5,4.484875452244272,99.07394749064707,0.8960132418467692,AUTO_DISPATCHED
2026-01-24T03:35:37.510831,ORD-7568,D048,Kevin Rodriguez,V055,CAR,37.3382,-121.8863,37.7749,-122.4194,494.08397101814296,0.944211008683103,Proximity:1.00 Rating:0.99 Fuel:0.65,11,5.5,4.968591837195209,65.01951652272476,0.16495516710340707,AUTO_DISPATCHED
2026-01-24T03:35:38.606590,ORD-1834,D031,Kevin Ivanova,V060,CAR,37.7749,-122.4194,37.8044,-122.2711,183.77017905597688,0.8948084656248798,Proximity:1.00 Rating:0.85 Fuel:0.64,11,5.5,4.249637123736169,64.21152326802985,1.7195443381289395,AUTO_DISPATCHED
2026-01-24T03:35:39.540725,ORD-4431,D047,David Martin,V033,SCOOTER,37.7749,-122.4194,37.5485,-121.9886,353.9743531005902,0.8355011936505927,Proximity:1.00 Rating:0.86 Fuel:0.95,11,5.5,4.324906003089435,94.76908129285601,2.3718934729814967,AUTO_DISPATCHED
2026-01-24T03:35:43.784478,ORD-6033,D038,Robert Rodriguez,V030,BIKE,37.7749,-122.4194,37.8044,-122.2711,303.93978319870746,0.8167122260541387,Proximity:1.00 Rating:0.86 Fuel:0.94,11,5.5,4.279148272327803,93.64111637904736,3.5932303526035523,AUTO_DISPATCHED
2026-01-24T03:35:44.987378,ORD-5834,D003,Yuki Farooq,V063,CAR,37.7749,-122.4194,37.8044,-122.2711,101.31677422718334,0.5980137604616389,Proximity:0.00 Rating:0.99 Fuel:0.77,11,5.5,4.926278599882518,77.32019177662474,1.2014136958879091,AUTO_DISPATCHED
2026-01-24T03:35:46.142998,ORD-3426,D024,Maria O'Brien,V040,VAN,37.7749,-122.4194,37.5485,-121.9886,349.23791335671103,0.9400056181048929,Proximity:1.00 Rating:1.00 Fuel:0.70,11,5.5,4.981427077587455,69.93382847234776,1.1321766165701614,AUTO_DISPATCHED
2026-01-24T03:35:51.888699,ORD-3485,D006,Sophie Anderson,V043,DRONE,37.7749,-122.4194,37.5485,-121.9886,419.5884427707009,0.5144670795571834,Proximity:0.00 Rating:0.96 Fuel:0.94,11,5.5,4.789127571466042,93.61242838000803,1.401333269717623,AUTO_DISPATCHED
2026-01-24T03:35:53.133305,ORD-8254,D059,Maria Khan,V046,SCOOTER,37.3382,-121.8863,37.8044,-122.2711,461.9648157023476,0.8561425116663129,Proximity:1.00 Rating:0.96 Fuel:0.93,11,5.5,4.799533452445182,92.83372922661083,2.007153621712842,AUTO_DISPATCHED
2026-01-24T03:35:59.535363,ORD-5249,D061,Jennifer Taylor,V021,CAR,37.7749,-122.4194,37.5485,-121.9886,311.95036566010106,0.975856895951741,Proximity:1.00 Rating:1.00 Fuel:0.85,11,5.5,4.991693302417388,85.07811214221863,0.11424034866259047,AUTO_DISPATCHED
2026-01-24T03:36:03.843149,ORD-1885,D058,Sophie Patel,V057,TRUCK,37.8044,-122.2711,37.5485,-121.9886,364.8245483131425,0.93354680031509,Proximity:1.00 Rating:0.89 Fuel:0.75,11,5.5,4.431515922276293,75.38641591508556,0.5434768358872084,AUTO_DISPATCHED
2026-01-24T03:36:05.342770,ORD-5987,D012,Sarah Farooq,V044,CAR,37.7749,-122.4194,37.5485,-121.9886,438.0601233068531,0.9107672531897152,Proximity:1.00 Rating:0.96 Fuel:0.73,11,5.5,4.786109873355396,73.11589794076367,3.2280790924516944,AUTO_DISPATCHED
2026-01-24T03:36:11.451401,ORD-3702,D052,Jennifer Silva,V056,VAN,37.3382,-121.8863,37.7749,-122.4194,405.8402859768822,0.9407894500653632,Proximity:1.00 Rating:1.00 Fuel:0.77,11,5.5,4.987448541463091,77.15981857918652,1.9558575569552161,AUTO_DISPATCHED
2026-01-24T03:36:12.229932,ORD-7315,D015,Alex Khan,V060,CAR,37.7749,-122.4194,37.5485,-121.9886,321.17304806746336,0.8948102711093627,Proximity:1.00 Rating:0.98 Fuel:0.64,11,5.5,4.899363716590612,64.21152326802985,3.798524996504524,AUTO_DISPATCHED
2026-01-24T03:36:21.583196,ORD-4159,D031,Kevin Ivanova,V063,CAR,37.7749,-122.4194,37.5485,-121.9886,396.08916448461576,0.9144714683877722,Proximity:1.00 Rating:0.85 Fuel:0.77,11,5.5,4.249637123736169,77.32019177662474,1.7195443381289395,AUTO_DISPATCHED
2026-01-24T03:36:23.018381,ORD-8782,D050,Carlos Garcia,V015,CAR,37.3382,-121.8863,37.8044,-122.2711,221.13696762659316,0.9173431402327912,Proximity:1.00 Rating:0.86 Fuel:0.68,11,5.5,4.27846119914684,67.54188057524235,0.4086502876756777,AUTO_DISPATCHED
2026-01-24T03:36:23.906964,ORD-1169,D038,Robert Rodriguez,V020,BIKE,37.7749,-122.4194,37.5485,-121.9886,256.2356860618917,0.8212922024456295,Proximity:1.00 Rating:0.86 Fuel:0.97,11,5.5,4.279148272327803,96.69443397337456,3.5932303526035523,AUTO_DISPATCHED
2026-01-24T03:36:28.179432,ORD-8298,D003,Yuki Farooq,V030,BIKE,37.8044,-122.2711,37.5485,-121.9886,402.71459285800654,0.8724951473652729,Proximity:1.00 Rating:0.99 Fuel:0.94,11,5.5,4.926278599882518,93.64111637904736,1.2014136958879091,AUTO_DISPATCHED
2026-01-24T03:36:28.943566,ORD-8402,D055,Omar Gonzalez,V051,SCOOTER,37.7749,-122.4194,37.8044,-122.2711,281.33700039314635,0.8749974987014209,Proximity:1.00 Rating:0.94 Fuel:1.00,11,5.5,4.715126305335697,99.75612167804312,1.05933888232572,AUTO_DISPATCHED
2026-01-24T03:36:31.758544,ORD-7725,D037,Nina Martin,V053,DRONE,37.7749,-122.4194,37.8044,-122.2711,426.44228978052945,0.5071918097045571,Proximity:0.00 Rating:0.96 Fuel:0.91,11,5.5,4.81505596142564,90.96713982583698,1.7488910792979167,AUTO_DISPATCHED
2026-01-24T03:36:32.503228,ORD-4525,D032,Jennifer Garcia,V062,BIKE,37.8044,-122.2711,37.7749,-122.4194,179.29888222888303,0.8550535956813113,Proximity:1.00 Rating:0.86 Fuel:0.90,11,5.5,4.312263848126469,90.28356631363236,0.22898461713567997,AUTO_DISPATCHED
2026-01-24T03:36:36.722986,ORD-8539,D035,Jennifer Martin,V064,SCOOTER,37.7749,-122.4194,37.5485,-121.9886,165.7469014294461,0.8396134936535483,Proximity:1.00 Rating:0.95 Fuel:0.90,11,5.5,4.769436765062982,89.83448433831316,2.8732562765152503,AUTO_DISPATCHED
2026-01-24T03:36:40.701832,ORD-1006,D014,John Kim,V023,DRONE,37.3382,-121.8863,37.5485,-121.9886,469.8904963977,0.8482892073205589,Proximity:1.00 Rating:0.92 Fuel:0.89,11,5.5,4.617542016198764,89.05622412697507,1.5997447614283384,AUTO_DISPATCHED
2026-01-24T03:36:41.572833,ORD-5075,D030,Olivia Park,V052,SCOOTER,37.7749,-122.4194,37.8044,-122.2711,442.6737878896955,0.4941401233185022,Proximity:0.00 Rating:0.94 Fuel:0.84,11,5.5,4.69034388570365,84.47308748809337,1.6146610673427135,AUTO_DISPATCHED
2026-01-24T03:36:50.291148,ORD-4945,D064,Sophie Ali,V045,BIKE,37.7749,-122.4194,37.8044,-122.2711,312.5485911207852,0.4908595010419948,Proximity:0.00 Rating:0.95 Fuel:0.84,11,5.5,4.7546427623976895,83.9997087143869,2.0260618020394525,AUTO_DISPATCHED
2026-01-24T03:36:51.824005,ORD-7639,D045,Mohammed Lee,V006,BIKE,37.8044,-122.2711,37.5485,-121.9886,316.97688239855745,0.8388422656640354,Proximity:1.00 Rating:0.90 Fuel:0.83,11,5.5,4.5070301486595685,82.76455905600733,1.2468623093086637,AUTO_DISPATCHED
2026-01-24T03:36:59.532932,ORD-3601,D033,Ana Lopez,V051,SCOOTER,37.3382,-121.8863,37.7749,-122.4194,218.91275459938564,0.8584582793834535,Proximity:1.00 Rating:0.97 Fuel:1.00,11,5.5,4.870330912796181,99.75612167804312,2.879131171636663,AUTO_DISPATCHED
2026-01-24T03:37:00.909615,ORD-3977,D013,Emma Jones,V010,SCOOTER,37.8044,-122.2711,37.5485,-121.9886,435.5087603886617,0.8454520471409285,Proximity:1.00 Rating:0.96 Fuel:0.83,11,5.5,4.804872646000488,82.65860168369365,1.6584608979705209,AUTO_DISPATCHED
2026-01-24T03:37:01.988484,ORD-3074,D055,Omar Gonzalez,V053,DRONE,37.7749,-122.4194,37.8044,-122.2711,262.38924453602044,0.8618140259231117,Proximity:1.00 Rating:0.94 Fuel:0.91,11,5.5,4.715126305335697,90.96713982583698,1.05933888232572,AUTO_DISPATCHED
2026-01-24T03:37:06.644769,ORD-7740,D005,Olivia O'Brien,V033,SCOOTER,37.3382,-121.8863,37.8044,-122.2711,335.33440784572815,0.8313753190424179,Proximity:1.00 Rating:0.92 Fuel:0.95,11,5.5,4.5798620906377625,94.76908129285601,3.517822921790131,AUTO_DISPATCHED
2026-01-24T03:37:08.018187,ORD-5529,D037,Nina Martin,V039,TRUCK,37.8044,-122.2711,37.7749,-122.4194,207.32913635066615,0.9315056088725403,Proximity:1.00 Rating:0.96 Fuel:0.74,11,5.5,4.81505596142564,73.84300593782585,1.7488910792979167,AUTO_DISPATCHED
2026-01-24T03:37:09.045362,ORD-6186,D060,Sarah Zhang,V062,BIKE,37.3382,-121.8863,37.8044,-122.2711,261.06058882068135,0.8833220964430714,Proximity:1.00 Rating:1.00 Fuel:0.90,11,5.5,4.9973211816342875,90.28356631363236,0.15968802341988564,AUTO_DISPATCHED
2026-01-24T03:37:14.837933,ORD-8400,D024,Maria O'Brien,V057,TRUCK,37.7749,-122.4194,37.8044,-122.2711,344.24758092838573,0.9481844992689995,Proximity:1.00 Rating:1.00 Fuel:0.75,11,5.5,4.981427077587455,75.38641591508556,1.1321766165701614,AUTO_DISPATCHED
2026-01-24T03:37:16.071545,ORD-8552,D058,Sophie Patel,V040,VAN,37.8044,-122.2711,37.5485,-121.9886,227.8234287147296,0.9253679191509834,Proximity:1.00 Rating:0.89 Fuel:0.70,11,5.5,4.431515922276293,69.93382847234776,0.5434768358872084,AUTO_DISPATCHED
2026-01-24T03:37:24.679737,ORD-3932,D006,Sophie Anderson,V016,TRUCK,37.8044,-122.2711,37.7749,-122.4194,294.7598941122996,0.9299046081123353,Proximity:1.00 Rating:0.96 Fuel:0.71,11,5.5,4.789127571466042,70.57078075010925,1.401333269717623,AUTO_DISPATCHED
2026-01-24T03:37:25.255623,ORD-8995,D016,Emily Silva,V068,DRONE,37.7749,-122.4194,37.5485,-121.9886,258.683763317874,0.8662571546452739,Proximity:1.00 Rating:0.89 Fuel:0.99,11,5.5,4.461160227629083,99.07394749064707,0.8640140556688038,AUTO_DISPATCHED
2026-01-24T03:37:32.363678,ORD-4166,D068,Yuki Hassan,V021,CAR,37.3382,-121.8863,37.5485,-121.9886,250.02166329810373,0.9458120207800143,Proximity:1.00 Rating:0.90 Fuel:0.85,11,5.5,4.484875452244272,85.07811214221863,0.8960132418467692,AUTO_DISPATCHED
2026-01-24T03:37:33.343701,ORD-8621,D042,Lucas Miller,V044,CAR,37.8044,-122.2711,37.7749,-122.4194,444.1260166303537,0.9277763842614147,Proximity:1.00 Rating:0.95 Fuel:0.73,11,5.5,4.740595623722519,73.11589794076367,1.7217030078905187,AUTO_DISPATCHED
2026-01-24T03:37:42.249506,ORD-1452,D048,Kevin Rodriguez,V039,TRUCK,37.3382,-121.8863,37.7749,-122.4194,327.65893493745034,0.9574462428057546,Proximity:1.00 Rating:0.99 Fuel:0.74,11,5.5,4.968591837195209,73.84300593782585,0.16495516710340707,AUTO_DISPATCHED
2026-01-24T03:37:48.202488,ORD-3056,D024,Maria O'Brien,V063,CAR,37.7749,-122.4194,37.5485,-121.9886,258.68625926171495,0.9510851630613083,Proximity:1.00 Rating:1.00 Fuel:0.77,11,5.5,4.981427077587455,77.32019177662474,1.1321766165701614,AUTO_DISPATCHED
2026-01-24T03:37:49.615991,ORD-9235,D003,Yuki Farooq,V057,TRUCK,37.8044,-122.2711,37.5485,-121.9886,407.1949329227427,0.9451130966693302,Proximity:1.00 Rating:0.99 Fuel:0.75,11,5.5,4.926278599882518,75.38641591508556,1.2014136958879091,AUTO_DISPATCHED
2026-01-24T03:37:50.807013,ORD-7890,D051,Ana Ivanova,V055,CAR,37.8044,-122.2711,37.5485,-121.9886,206.6279884225345,0.9209106216402684,Proximity:1.00 Rating:0.89 Fuel:0.65,11,5.5,4.434571419806576,65.01951652272476,0.3201207948865412,AUTO_DISPATCHED
2026-01-24T03:38:00.702895,ORD-4160,D006,Sophie Anderson,V016,TRUCK,37.8044,-122.2711,37.5485,-121.9886,128.88919612299628,0.9299046081123353,Proximity:1.00 Rating:0.96 Fuel:0.71,11,5.5,4.789127571466042,70.57078075010925,1.401333269717623,AUTO_DISPATCHED
2026-01-24T03:38:02.012990,ORD-1870,D037,Nina Martin,V060,CAR,37.8044,-122.2711,37.5485,-121.9886,212.85265582730398,0.9170583848678463,Proximity:1.00 Rating:0.96 Fuel:0.64,11,5.5,4.81505596142564,64.21152326802985,1.7488910792979167,AUTO_DISPATCHED
2026-01-24T03:38:02.603761,ORD-4018,D032,Jennifer Garcia,V020,BIKE,37.8044,-122.2711,37.5485,-121.9886,218.02612336226127,0.8646698971709246,Proximity:1.00 Rating:0.86 Fuel:0.97,11,5.5,4.312263848126469,96.69443397337456,0.22898461713567997,AUTO_DISPATCHED
2026-01-24T03:38:06.167220,ORD-2022,D063,Ahmed Chen,V044,CAR,37.7749,-122.4194,37.5485,-121.9886,238.87780761890406,0.9435119388655159,Proximity:1.00 Rating:1.00 Fuel:0.73,11,5.5,4.988889005103033,73.11589794076367,1.2573974599800755,AUTO_DISPATCHED
2026-01-24T03:38:07.619058,ORD-1860,D034,Ahmed Kim,V030,BIKE,37.3382,-121.8863,37.8044,-122.2711,499.6306662111071,0.8291774949148538,Proximity:1.00 Rating:0.94 Fuel:0.94,11,5.5,4.679531152771935,93.64111637904736,3.877234061167563,AUTO_DISPATCHED
2026-01-24T03:38:09.052171,ORD-9741,D042,Lucas Miller,V043,DRONE,37.8044,-122.2711,37.7749,-122.4194,244.96301194765547,0.8585211799202812,Proximity:1.00 Rating:0.95 Fuel:0.94,11,5.5,4.740595623722519,93.61242838000803,1.7217030078905187,AUTO_DISPATCHED
2026-01-24T03:38:15.682674,ORD-9565,D052,Jennifer Silva,V021,CAR,37.3382,-121.8863,37.7749,-122.4194,385.7181220423286,0.9526668904099113,Proximity:1.00 Rating:1.00 Fuel:0.85,11,5.5,4.987448541463091,85.07811214221863,1.9558575569552161,AUTO_DISPATCHED
2026-01-24T03:38:25.992930,ORD-8133,D013,Emma Jones,V056,VAN,37.8044,-122.2711,37.5485,-121.9886,439.30602112111,0.9372038724841677,Proximity:1.00 Rating:0.96 Fuel:0.77,11,5.5,4.804872646000488,77.15981857918652,1.6584608979705209,AUTO_DISPATCHED
2026-01-24T03:38:28.854374,ORD-7176,D029,David Johnson,V040,VAN,37.7749,-122.4194,37.8044,-122.2711,257.5675677516074,0.9305131654125348,Proximity:1.00 Rating:0.97 Fuel:0.70,11,5.5,4.8344684961141144,69.93382847234776,1.421305371244109,AUTO_DISPATCHED
2026-01-24T03:38:38.407518,ORD-9541,D058,Sophie Patel,V015,CAR,37.8044,-122.2711,37.5485,-121.9886,457.21452010654275,0.9217799973053251,Proximity:1.00 Rating:0.89 Fuel:0.68,11,5.5,4.431515922276293,67.54188057524235,0.5434768358872084,AUTO_DISPATCHED
2026-01-24T03:38:43.295846,ORD-1881,D042,Lucas Miller,V043,DRONE,37.8044,-122.2711,37.5485,-121.9886,220.07218647843646,0.8585211799202812,Proximity:1.00 Rating:0.95 Fuel:0.94,11,5.5,4.740595623722519,93.61242838000803,1.7217030078905187,AUTO_DISPATCHED
2026-01-24T03:38:44.266691,ORD-6260,D055,Omar Gonzalez,V046,SCOOTER,37.7749,-122.4194,37.5485,-121.9886,278.20258114001285,0.8646139100242725,Proximity:1.00 Rating:0.94 Fuel:0.93,11,5.5,4.715126305335697,92.83372922661083,1.05933888232572,AUTO_DISPATCHED
2026-01-24T03:38:47.829863,ORD-9272,D035,Jennifer Martin,V053,DRONE,37.7749,-122.4194,37.5485,-121.9886,480.16203353441,0.8413124768848341,Proximity:1.00 Rating:0.95 Fuel:0.91,11,5.5,4.769436765062982,90.96713982583698,2.8732562765152503,AUTO_DISPATCHED
2026-01-24T03:38:49.252279,ORD-3321,D050,Carlos Garcia,V064,SCOOTER,37.3382,-121.8863,37.5485,-121.9886,307.0444497614387,0.8507820458773974,Proximity:1.00 Rating:0.86 Fuel:0.90,11,5.5,4.27846119914684,89.83448433831316,0.4086502876756777,AUTO_DISPATCHED
2026-01-24T03:38:50.363452,ORD-3134,D012,Sarah Farooq,V031,VAN,37.7749,-122.4194,37.5485,-121.9886,248.59259853980836,0.9428795710421259,Proximity:1.00 Rating:0.96 Fuel:0.95,11,5.5,4.786109873355396,94.5241098423709,3.2280790924516944,AUTO_DISPATCHED
2026-01-24T03:38:58.792783,ORD-5264,D003,Yuki Farooq,V057,TRUCK,37.8044,-122.2711,37.7749,-122.4194,137.93786995135758,0.9451130966693302,Proximity:1.00 Rating:0.99 Fuel:0.75,11,5.5,4.926278599882518,75.38641591508556,1.2014136958879091,AUTO_DISPATCHED
2026-01-24T03:39:00.172089,ORD-9801,D029,David Johnson,V040,VAN,37.7749,-122.4194,37.5485,-121.9886,453.7127600056874,0.9305131654125348,Proximity:1.00 Rating:0.97 Fuel:0.70,11,5.5,4.8344684961141144,69.93382847234776,1.421305371244109,AUTO_DISPATCHED
2026-01-24T03:39:03.487098,ORD-5986,D016,Emily Silva,V055,CAR,37.7749,-122.4194,37.5485,-121.9886,151.4625609885551,0.9151755081933904,Proximity:1.00 Rating:0.89 Fuel:0.65,11,5.5,4.461160227629083,65.01951652272476,0.8640140556688038,AUTO_DISPATCHED
2026-01-24T03:39:04.443020,ORD-8890,D015,Alex Khan,V051,SCOOTER,37.7749,-122.4194,37.8044,-122.2711,437.235243426115,0.8481271687243825,Proximity:1.00 Rating:0.98 Fuel:1.00,11,5.5,4.899363716590612,99.75612167804312,3.798524996504524,AUTO_DISPATCHED
2026-01-24T03:39:10.179426,ORD-4853,D006,Sophie Anderson,V016,TRUCK,37.8044,-122.2711,37.7749,-122.4194,191.1094697942012,0.9299046081123353,Proximity:1.00 Rating:0.96 Fuel:0.71,11,5.5,4.789127571466042,70.57078075010925,1.401333269717623,AUTO_DISPATCHED
2026-01-24T03:39:10.789421,ORD-6966,D051,Ana Ivanova,V060,CAR,37.8044,-122.2711,37.5485,-121.9886,210.08857847040468,0.919698631758226,Proximity:1.00 Rating:0.89 Fuel:0.64,11,5.5,4.434571419806576,64.21152326802985,0.3201207948865412,AUTO_DISPATCHED
2026-01-24T03:39:15.359221,ORD-8122,D060,Sarah Zhang,V063,CAR,37.3382,-121.8863,37.7749,-122.4194,373.8951581887374,0.96387703463756,Proximity:1.00 Rating:1.00 Fuel:0.77,11,5.5,4.9973211816342875,77.32019177662474,0.15968802341988564,AUTO_DISPATCHED
2026-01-24T03:39:23.890949,ORD-8098,D024,Maria O'Brien,V020,BIKE,37.7749,-122.4194,37.8044,-122.2711,483.8732703890919,0.880146526356433,Proximity:1.00 Rating:1.00 Fuel:0.97,11,5.5,4.981427077587455,96.69443397337456,1.1321766165701614,AUTO_DISPATCHED
2026-01-24T03:39:25.006491,ORD-9730,D031,Kevin Ivanova,V033,SCOOTER,37.7749,-122.4194,37.8044,-122.2711,342.869341683701,0.840644802662119,Proximity:1.00 Rating:0.85 Fuel:0.95,11,5.5,4.249637123736169,94.76908129285601,1.7195443381289395,AUTO_DISPATCHED
2026-01-24T03:39:34.312453,ORD-7704,D050,Carlos Garcia,V057,TRUCK,37.3382,-121.8863,37.7749,-122.4194,184.63939072107075,0.929109943242556,Proximity:1.00 Rating:0.86 Fuel:0.75,11,5.5,4.27846119914684,75.38641591508556,0.4086502876756777,AUTO_DISPATCHED
2026-01-24T03:39:35.125695,ORD-3488,D003,Yuki Farooq,V056,VAN,37.8044,-122.2711,37.7749,-122.4194,255.25375600455473,0.9477732006654815,Proximity:1.00 Rating:0.99 Fuel:0.77,11,5.5,4.926278599882518,77.15981857918652,1.2014136958879091,AUTO_DISPATCHED
2026-01-24T03:39:44.435260,ORD-1066,D063,Ahmed Chen,V044,CAR,37.7749,-122.4194,37.5485,-121.9886,494.87718991760164,0.9435119388655159,Proximity:1.00 Rating:1.00 Fuel:0.73,11,5.5,4.988889005103033,73.11589794076367,1.2573974599800755,AUTO_DISPATCHED
2026-01-24T03:39:45.312313,ORD-3714,D006,Sophie Anderson,V016,TRUCK,37.8044,-122.2711,37.5485,-121.9886,225.45212456358436,0.9299046081123353,Proximity:1.00 Rating:0.96 Fuel:0.71,11,5.5,4.789127571466042,70.57078075010925,1.401333269717623,AUTO_DISPATCHED
2026-01-24T03:39:46.715480,ORD-5220,D008,Jennifer Ali,V051,SCOOTER,37.8044,-122.2711,37.5485,-121.9886,133.64215010895072,0.8689571806431061,Proximity:1.00 Rating:0.87 Fuel:1.00,11,5.5,4.32932458304615,99.75612167804312,0.3079988156643556,AUTO_DISPATCHED
2026-01-24T03:39:51.430106,ORD-7561,D067,Michael Anderson,V015,CAR,37.3382,-121.8863,37.8044,-122.2711,454.1380667959594,0.9156622323170537,Proximity:1.00 Rating:0.99 Fuel:0.68,11,5.5,4.9392182912338525,67.54188057524235,2.6575456156131065,AUTO_DISPATCHED
2026-01-24T03:39:52.633881,ORD-8617,D058,Sophie Patel,V043,DRONE,37.8044,-122.2711,37.7749,-122.4194,406.53667735616625,0.8608858190124736,Proximity:1.00 Rating:0.89 Fuel:0.94,11,5.5,4.431515922276293,93.61242838000803,0.5434768358872084,AUTO_DISPATCHED
2026-01-24T03:40:02.282996,ORD-1085,D014,John Kim,V020,BIKE,37.3382,-121.8863,37.5485,-121.9886,382.99806643147633,0.8597465220901581,Proximity:1.00 Rating:0.92 Fuel:0.97,11,5.5,4.617542016198764,96.69443397337456,1.5997447614283384,AUTO_DISPATCHED
2026-01-24T03:40:11.407209,ORD-8459,D033,Ana Lopez,V056,VAN,37.3382,-121.8863,37.5485,-121.9886,381.85673657251925,0.9245638247351686,Proximity:1.00 Rating:0.97 Fuel:0.77,11,5.5,4.870330912796181,77.15981857918652,2.879131171636663,AUTO_DISPATCHED
2026-01-24T03:40:11.967298,ORD-2913,D009,Priya Gonzalez,V033,SCOOTER,37.3382,-121.8863,37.5485,-121.9886,286.7268191519511,0.8382906239467378,Proximity:1.00 Rating:0.89 Fuel:0.95,11,5.5,4.446543915002042,94.76908129285601,2.5379803674102352,AUTO_DISPATCHED
2026-01-24T03:40:12.919012,ORD-3357,D055,Omar Gonzalez,V030,BIKE,37.7749,-122.4194,37.5485,-121.9886,144.71980455574538,0.8658249907529274,Proximity:1.00 Rating:0.94 Fuel:0.94,11,5.5,4.715126305335697,93.64111637904736,1.05933888232572,AUTO_DISPATCHED
2026-01-24T03:40:17.815980,ORD-2525,D012,Sarah Farooq,V031,VAN,37.7749,-122.4194,37.8044,-122.2711,369.0883070662041,0.9428795710421259,Proximity:1.00 Rating:0.96 Fuel:0.95,11,5.5,4.786109873355396,94.5241098423709,3.2280790924516944,AUTO_DISPATCHED
2026-01-24T03:40:20.720728,ORD-4585,D015,Alex Khan,V021,CAR,37.7749,-122.4194,37.8044,-122.2711,302.4739243667676,0.9261101544206459,Proximity:1.00 Rating:0.98 Fuel:0.85,11,5.5,4.899363716590612,85.07811214221863,3.798524996504524,AUTO_DISPATCHED
2026-01-24T03:40:22.014601,ORD-5395,D003,Yuki Farooq,V068,DRONE,37.8044,-122.2711,37.7749,-122.4194,282.8381853614494,0.8806443940326725,Proximity:1.00 Rating:0.99 Fuel:0.99,11,5.5,4.926278599882518,99.07394749064707,1.2014136958879091,AUTO_DISPATCHED
2026-01-24T03:40:22.970882,ORD-3053,D061,Jennifer Taylor,V046,SCOOTER,37.7749,-122.4194,37.5485,-121.9886,196.3306031091586,0.8874903215783293,Proximity:1.00 Rating:1.00 Fuel:0.93,11,5.5,4.991693302417388,92.83372922661083,0.11424034866259047,AUTO_DISPATCHED
2026-01-24T03:40:28.200570,ORD-1820,D051,Ana Ivanova,V040,VAN,37.8044,-122.2711,37.7749,-122.4194,214.18748899962878,0.9282820895647029,Proximity:1.00 Rating:0.89 Fuel:0.70,11,5.5,4.434571419806576,69.93382847234776,0.3201207948865412,AUTO_DISPATCHED
2026-01-24T03:40:31.103494,ORD-8622,D024,Maria O'Brien,V055,CAR,37.7749,-122.4194,37.8044,-122.2711,155.10806792032741,0.9326341501804584,Proximity:1.00 Rating:1.00 Fuel:0.65,11,5.5,4.981427077587455,65.01951652272476,1.1321766165701614,AUTO_DISPATCHED
2026-01-24T03:40:32.618010,ORD-2639,D058,Sophie Patel,V043,DRONE,37.8044,-122.2711,37.7749,-122.4194,418.59718174600033,0.8608858190124736,Proximity:1.00 Rating:0.89 Fuel:0.94,11,5.5,4.431515922276293,93.61242838000803,0.5434768358872084,AUTO_DISPATCHED
2026-01-24T03:40:40.518372,ORD-6002,D032,Jennifer Garcia,V053,DRONE,37.8044,-122.2711,37.5485,-121.9886,173.10246700934968,0.8560789559496182,Proximity:1.00 Rating:0.86 Fuel:0.91,11,5.5,4.312263848126469,90.96713982583698,0.22898461713567997,AUTO_DISPATCHED
2026-01-24T03:40:48.215355,ORD-9892,D030,Olivia Park,V031,VAN,37.8044,-122.2711,37.7749,-122.4194,404.6137580871251,0.9592166568499185,Proximity:1.00 Rating:0.94 Fuel:0.95,11,5.5,4.69034388570365,94.5241098423709,1.6146610673427135,AUTO_DISPATCHED
2026-01-24T03:40:57.434786,ORD-7739,D068,Yuki Hassan,V021,CAR,37.3382,-121.8863,37.8044,-122.2711,474.1293311803112,0.9458120207800143,Proximity:1.00 Rating:0.90 Fuel:0.85,11,5.5,4.484875452244272,85.07811214221863,0.8960132418467692,AUTO_DISPATCHED
2026-01-24T03:40:58.859532,ORD-2857,D033,Ana Lopez,V056,VAN,37.3382,-121.8863,37.5485,-121.9886,331.2048742044398,0.9245638247351686,Proximity:1.00 Rating:0.97 Fuel:0.77,11,5.5,4.870330912796181,77.15981857918652,2.879131171636663,AUTO_DISPATCHED
2026-01-24T03:40:59.420502,ORD-6314,D009,Priya Gonzalez,V016,TRUCK,37.3382,-121.8863,37.7749,-122.4194,151.75963719091072,0.9019931731326176,Proximity:1.00 Rating:0.89 Fuel:0.71,11,5.5,4.446543915002042,70.57078075010925,2.5379803674102352,AUTO_DISPATCHED
2026-01-24T03:41:06.334783,ORD-6329,D005,Olivia O'Brien,V017,VAN,37.3382,-121.8863,37.7749,-122.4194,256.8159308126528,0.9041403170218787,Proximity:1.00 Rating:0.92 Fuel:0.77,11,5.5,4.5798620906377625,76.61241327916326,3.517822921790131,AUTO_DISPATCHED
2026-01-24T03:41:07.365107,ORD-2966,D034,Ahmed Kim,V055,CAR,37.3382,-121.8863,37.5485,-121.9886,371.99773265466314,0.88624509513037,Proximity:1.00 Rating:0.94 Fuel:0.65,11,5.5,4.679531152771935,65.01951652272476,3.877234061167563,AUTO_DISPATCHED
2026-01-24T03:41:15.127264,ORD-3327,D003,Yuki Farooq,V044,CAR,37.8044,-122.2711,37.7749,-122.4194,159.44435348759333,0.9417073197078474,Proximity:1.00 Rating:0.99 Fuel:0.73,11,5.5,4.926278599882518,73.11589794076367,1.2014136958879091,AUTO_DISPATCHED
2026-01-24T03:41:15.811330,ORD-3193,D006,Sophie Anderson,V063,CAR,37.8044,-122.2711,37.5485,-121.9886,494.1696437036367,0.9400287246521085,Proximity:1.00 Rating:0.96 Fuel:0.77,11,5.5,4.789127571466042,77.32019177662474,1.401333269717623,AUTO_DISPATCHED
2026-01-24T03:41:20.905605,ORD-4182,D063,Ahmed Chen,V031,VAN,37.7749,-122.4194,37.5485,-121.9886,115.21542894688967,0.9756242567179266,Proximity:1.00 Rating:1.00 Fuel:0.95,11,5.5,4.988889005103033,94.5241098423709,1.2573974599800755,AUTO_DISPATCHED
2026-01-24T03:41:22.216018,ORD-7220,D016,Emily Silva,V051,SCOOTER,37.7749,-122.4194,37.5485,-121.9886,174.96408337952323,0.8672804159263678,Proximity:1.00 Rating:0.89 Fuel:1.00,11,5.5,4.461160227629083,99.75612167804312,0.8640140556688038,AUTO_DISPATCHED
2026-01-24T03:41:23.714909,ORD-9280,D012,Sarah Farooq,V068,DRONE,37.7749,-122.4194,37.8044,-122.2711,470.1770042257738,0.8497043275145403,Proximity:1.00 Rating:0.96 Fuel:0.99,11,5.5,4.786109873355396,99.07394749064707,3.2280790924516944,AUTO_DISPATCHED
2026-01-24T03:41:33.602806,ORD-8831,D051,Ana Ivanova,V033,SCOOTER,37.8044,-122.2711,37.5485,-121.9886,117.20964756621032,0.8655349687954653,Proximity:1.00 Rating:0.89 Fuel:0.95,11,5.5,4.434571419806576,94.76908129285601,0.3201207948865412,AUTO_DISPATCHED
2026-01-24T03:41:37.398077,ORD-3246,D037,Nina Martin,V057,TRUCK,37.8044,-122.2711,37.5485,-121.9886,205.89184506190145,0.9338207238384301,Proximity:1.00 Rating:0.96 Fuel:0.75,11,5.5,4.81505596142564,75.38641591508556,1.7488910792979167,AUTO_DISPATCHED
2026-01-24T03:41:38.850412,ORD-5101,D060,Sarah Zhang,V015,CAR,37.3382,-121.8863,37.8044,-122.2711,479.407901552521,0.9492095678354864,Proximity:1.00 Rating:1.00 Fuel:0.68,11,5.5,4.9973211816342875,67.54188057524235,0.15968802341988564,AUTO_DISPATCHED
2026-01-24T03:41:39.583388,ORD-2568,D058,Sophie Patel,V043,DRONE,37.8044,-122.2711,37.7749,-122.4194,498.64685824066066,0.8608858190124736,Proximity:1.00 Rating:0.89 Fuel:0.94,11,5.5,4.431515922276293,93.61242838000803,0.5434768358872084,AUTO_DISPATCHED
2026-01-24T03:41:42.869055,ORD-3726,D008,Jennifer Ali,V056,VAN,37.8044,-122.2711,37.5485,-121.9886,385.7238448075532,0.9350627259948212,Proximity:1.00 Rating:0.87 Fuel:0.77,11,5.5,4.32932458304615,77.15981857918652,0.3079988156643556,AUTO_DISPATCHED
2026-01-24T03:41:44.305975,ORD-9581,D057,Ahmed Park,V030,BIKE,37.3382,-121.8863,37.5485,-121.9886,150.86899232633294,0.8657547893880522,Proximity:1.00 Rating:0.91 Fuel:0.94,11,5.5,4.563932149421807,93.64111637904736,0.5811336925912935,AUTO_DISPATCHED
2026-01-24T03:41:44.955323,ORD-6724,D055,Omar Gonzalez,V062,BIKE,37.7749,-122.4194,37.5485,-121.9886,109.26719204668606,0.8607886656548047,Proximity:1.00 Rating:0.94 Fuel:0.90,11,5.5,4.715126305335697,90.28356631363236,1.05933888232572,AUTO_DISPATCHED
2026-01-24T03:41:51.018279,ORD-7168,D050,Carlos Garcia,V044,CAR,37.3382,-121.8863,37.5485,-121.9886,467.1168149622507,0.9257041662810732,Proximity:1.00 Rating:0.86 Fuel:0.73,11,5.5,4.27846119914684,73.11589794076367,0.4086502876756777,AUTO_DISPATCHED
2026-01-24T03:41:51.610209,ORD-8088,D061,Jennifer Taylor,V046,SCOOTER,37.7749,-122.4194,37.8044,-122.2711,184.03895844495315,0.8874903215783293,Proximity:1.00 Rating:1.00 Fuel:0.93,11,5.5,4.991693302417388,92.83372922661083,0.11424034866259047,AUTO_DISPATCHED
2026-01-24T03:42:00.130457,ORD-3473,D067,Michael Anderson,V068,DRONE,37.3382,-121.8863,37.7749,-122.4194,239.8576559007604,0.8629603326901608,Proximity:1.00 Rating:0.99 Fuel:0.99,11,5.5,4.9392182912338525,99.07394749064707,2.6575456156131065,AUTO_DISPATCHED
2026-01-24T03:42:04.387614,ORD-8620,D012,Sarah Farooq,V053,DRONE,37.7749,-122.4194,37.5485,-121.9886,306.70127866903573,0.8375441160173251,Proximity:1.00 Rating:0.96 Fuel:0.91,11,5.5,4.786109873355396,90.96713982583698,3.2280790924516944,AUTO_DISPATCHED
2026-01-24T03:42:05.636089,ORD-7993,D033,Ana Lopez,V064,SCOOTER,37.3382,-121.8863,37.8044,-122.2711,287.82610022803647,0.8435758233738586,Proximity:1.00 Rating:0.97 Fuel:0.90,11,5.5,4.870330912796181,89.83448433831316,2.879131171636663,AUTO_DISPATCHED
2026-01-24T03:42:06.340137,ORD-9067,D020,Sarah Johnson,V023,DRONE,37.3382,-121.8863,37.7749,-122.4194,278.2638980967424,0.819616814372207,Proximity:1.00 Rating:0.89 Fuel:0.89,11,5.5,4.433399134725255,89.05622412697507,3.3042789765812635,AUTO_DISPATCHED
2026-01-24T03:42:09.619475,ORD-9549,D015,Alex Khan,V052,SCOOTER,37.7749,-122.4194,37.8044,-122.2711,458.2207370144224,0.825202617439458,Proximity:1.00 Rating:0.98 Fuel:0.84,11,5.5,4.899363716590612,84.47308748809337,3.798524996504524,AUTO_DISPATCHED
2026-01-24T03:42:10.148362,ORD-3453,D031,Kevin Ivanova,V043,DRONE,37.7749,-122.4194,37.5485,-121.9886,296.2166605537797,0.838909823292847,Proximity:1.00 Rating:0.85 Fuel:0.94,11,5.5,4.249637123736169,93.61242838000803,1.7195443381289395,AUTO_DISPATCHED
2026-01-24T03:42:11.240365,ORD-3581,D003,Yuki Farooq,V045,BIKE,37.8044,-122.2711,37.7749,-122.4194,484.22611211205736,0.8580330358682822,Proximity:1.00 Rating:0.99 Fuel:0.84,11,5.5,4.926278599882518,83.9997087143869,1.2014136958879091,AUTO_DISPATCHED
2026-01-24T03:42:14.369935,ORD-6350,D047,David Martin,V006,BIKE,37.7749,-122.4194,37.5485,-121.9886,457.5664326474688,0.8174944102953197,Proximity:1.00 Rating:0.86 Fuel:0.83,11,5.5,4.324906003089435,82.76455905600733,2.3718934729814967,AUTO_DISPATCHED
2026-01-24T03:42:15.332410,ORD-9550,D019,Priya Wang,V010,SCOOTER,37.3382,-121.8863,37.7749,-122.4194,481.036739320323,0.8048466825193441,Proximity:1.00 Rating:0.84 Fuel:0.83,11,5.5,4.2189361046591545,82.65860168369365,3.031893135404997,AUTO_DISPATCHED
2026-01-24T03:42:15.863409,ORD-1490,D066,James Garcia,V061,CAR,37.3382,-121.8863,37.7749,-122.4194,430.5314492356505,0.9236340989243915,Proximity:1.00 Rating:0.89 Fuel:0.97,11,5.5,4.43844403704815,96.7759779108533,3.9254103539051486,AUTO_DISPATCHED
2026-01-24T03:42:24.642763,ORD-7454,D062,Sophie Rodriguez,V046,SCOOTER,37.3382,-121.8863,37.7749,-122.4194,403.8561203759724,0.8144276519023876,Proximity:1.00 Rating:0.85 Fuel:0.93,11,5.5,4.226436125453577,92.83372922661083,3.5104309564537375,AUTO_DISPATCHED
2026-01-24T03:42:25.500390,ORD-7753,D040,Emily Davis,V063,CAR,37.3382,-121.8863,37.7749,-122.4194,375.1547439906979,0.8893355895716043,Proximity:1.00 Rating:0.84 Fuel:0.77,11,5.5,4.213647917868343,77.32019177662474,3.6152491846453194,AUTO_DISPATCHED
2026-01-24T03:42:29.828070,ORD-5532,D057,Ahmed Park,V030,BIKE,37.3382,-121.8863,37.7749,-122.4194,274.33844257744033,0.8657547893880522,Proximity:1.00 Rating:0.91 Fuel:0.94,11,5.5,4.563932149421807,93.64111637904736,0.5811336925912935,AUTO_DISPATCHED
2026-01-24T03:42:30.734111,ORD-2730,D061,Jennifer Taylor,V069,SCOOTER,37.7749,-122.4194,37.5485,-121.9886,112.5900303595663,0.8690996527626803,Proximity:1.00 Rating:1.00 Fuel:0.81,11,5.5,4.991693302417388,80.57328334951148,0.11424034866259047,AUTO_DISPATCHED
2026-01-24T03:42:32.078219,ORD-9767,D006,Sophie Anderson,V024,SCOOTER,37.8044,-122.2711,37.7749,-122.4194,381.84466646941166,0.8443933178812162,Proximity:1.00 Rating:0.96 Fuel:0.80,11,5.5,4.789127571466042,80.22992059602993,1.401333269717623,AUTO_DISPATCHED
2026-01-24T03:42:40.670185,ORD-5872,D015,Alex Khan,V044,CAR,37.7749,-122.4194,37.8044,-122.2711,216.7250595776402,0.9081668331184635,Proximity:1.00 Rating:0.98 Fuel:0.73,11,5.5,4.899363716590612,73.11589794076367,3.798524996504524,AUTO_DISPATCHED
2026-01-24T03:42:46.410664,ORD-6877,D050,Carlos Garcia,V033,SCOOTER,37.3382,-121.8863,37.5485,-121.9886,348.2576893917021,0.8581839413092116,Proximity:1.00 Rating:0.86 Fuel:0.95,11,5.5,4.27846119914684,94.76908129285601,0.4086502876756777,AUTO_DISPATCHED
2026-01-24T03:42:53.550359,ORD-7224,D003,Yuki Farooq,V031,VAN,37.8044,-122.2711,37.7749,-122.4194,337.778153665722,0.9738196375602581,Proximity:1.00 Rating:0.99 Fuel:0.95,11,5.5,4.926278599882518,94.5241098423709,1.2014136958879091,AUTO_DISPATCHED
2026-01-24T03:42:54.929274,ORD-5466,D051,Ana Ivanova,V056,VAN,37.8044,-122.2711,37.7749,-122.4194,374.0042402745325,0.9391210747249611,Proximity:1.00 Rating:0.89 Fuel:0.77,11,5.5,4.434571419806576,77.15981857918652,0.3201207948865412,AUTO_DISPATCHED
2026-01-24T03:43:01.534634,ORD-1027,D063,Ahmed Chen,V016,TRUCK,37.7749,-122.4194,37.8044,-122.2711,103.8566776240533,0.9396942630795343,Proximity:1.00 Rating:1.00 Fuel:0.71,11,5.5,4.988889005103033,70.57078075010925,1.2573974599800755,AUTO_DISPATCHED
2026-01-24T03:43:02.456104,ORD-6989,D016,Emily Silva,V051,SCOOTER,37.7749,-122.4194,37.8044,-122.2711,170.0730050769386,0.8672804159263678,Proximity:1.00 Rating:0.89 Fuel:1.00,11,5.5,4.461160227629083,99.75612167804312,0.8640140556688038,AUTO_DISPATCHED
2026-01-24T03:43:11.884139,ORD-9472,D058,Sophie Patel,V044,CAR,37.8044,-122.2711,37.5485,-121.9886,110.34043072283244,0.9301410233536072,Proximity:1.00 Rating:0.89 Fuel:0.73,11,5.5,4.431515922276293,73.11589794076367,0.5434768358872084,AUTO_DISPATCHED
2026-01-24T03:43:12.475300,ORD-5807,D005,Olivia O'Brien,V040,VAN,37.3382,-121.8863,37.8044,-122.2711,271.79651406555786,0.8941224398116556,Proximity:1.00 Rating:0.92 Fuel:0.70,11,5.5,4.5798620906377625,69.93382847234776,3.517822921790131,AUTO_DISPATCHED
2026-01-24T03:43:22.037278,ORD-4659,D024,Maria O'Brien,V062,BIKE,37.7749,-122.4194,37.5485,-121.9886,106.35584800488051,0.8705302248668196,Proximity:1.00 Rating:1.00 Fuel:0.90,11,5.5,4.981427077587455,90.28356631363236,1.1321766165701614,AUTO_DISPATCHED
2026-01-24T03:43:23.502387,ORD-5795,D029,David Johnson,V052,SCOOTER,37.3382,-121.8863,37.8044,-122.2711,163.91019888941378,0.5023220539361533,Proximity:0.00 Rating:0.97 Fuel:0.84,11,5.5,4.8344684961141144,84.47308748809337,1.421305371244109,AUTO_DISPATCHED
2026-01-24T03:43:24.997002,ORD-6151,D003,Yuki Farooq,V031,VAN,37.3382,-121.8863,37.7749,-122.4194,362.1471790903835,0.6238196375602583,Proximity:0.00 Rating:0.99 Fuel:0.95,11,5.5,4.926278599882518,94.5241098423709,1.2014136958879091,AUTO_DISPATCHED
2026-01-24T03:43:30.025302,ORD-8859,D051,Ana Ivanova,V056,VAN,37.8044,-122.2711,37.7749,-122.4194,450.11517037132245,0.9391210747249611,Proximity:1.00 Rating:0.89 Fuel:0.77,11,5.5,4.434571419806576,77.15981857918652,0.3201207948865412,AUTO_DISPATCHED
2026-01-24T03:43:39.864963,ORD-9968,D006,Sophie Anderson,V016,TRUCK,37.8044,-122.2711,37.7749,-122.4194,464.8189714799032,0.9299046081123353,Proximity:1.00 Rating:0.96 Fuel:0.71,11,5.5,4.789127571466042,70.57078075010925,1.401333269717623,AUTO_DISPATCHED
2026-01-24T03:43:45.956481,ORD-3585,D032,Jennifer Garcia,V015,CAR,37.8044,-122.2711,37.7749,-122.4194,338.7922061285548,0.9209410670737264,Proximity:1.00 Rating:0.86 Fuel:0.68,11,5.5,4.312263848126469,67.54188057524235,0.22898461713567997,AUTO_DISPATCHED
2026-01-24T03:43:46.720224,ORD-3034,D063,Ahmed Chen,V051,SCOOTER,37.7749,-122.4194,37.5485,-121.9886,441.3009633341243,0.883472274471435,Proximity:1.00 Rating:1.00 Fuel:1.00,11,5.5,4.988889005103033,99.75612167804312,1.2573974599800755,AUTO_DISPATCHED
2026-01-24T03:43:53.159914,ORD-1191,D050,Carlos Garcia,V033,SCOOTER,37.3382,-121.8863,37.8044,-122.2711,469.87969015196273,0.8581839413092116,Proximity:1.00 Rating:0.86 Fuel:0.95,11,5.5,4.27846119914684,94.76908129285601,0.4086502876756777,AUTO_DISPATCHED
2026-01-24T03:44:00.848509,ORD-1120,D061,Jennifer Taylor,V056,VAN,37.7749,-122.4194,37.5485,-121.9886,199.927383260058,0.9639794556071929,Proximity:1.00 Rating:1.00 Fuel:0.77,11,5.5,4.991693302417388,77.15981857918652,0.11424034866259047,AUTO_DISPATCHED
2026-01-24T03:44:01.550860,ORD-6765,D055,Omar Gonzalez,V043,DRONE,37.7749,-122.4194,37.5485,-121.9886,260.4255487558776,0.8657819587543683,Proximity:1.00 Rating:0.94 Fuel:0.94,11,5.5,4.715126305335697,93.61242838000803,1.05933888232572,AUTO_DISPATCHED
2026-01-24T03:44:02.424980,ORD-6484,D033,Ana Lopez,V053,DRONE,37.3382,-121.8863,37.7749,-122.4194,372.20308853675505,0.8452748066051444,Proximity:1.00 Rating:0.97 Fuel:0.91,11,5.5,4.870330912796181,90.96713982583698,2.879131171636663,AUTO_DISPATCHED
2026-01-24T03:44:09.028066,ORD-9812,D008,Jennifer Ali,V064,SCOOTER,37.8044,-122.2711,37.7749,-122.4194,178.1686290551222,0.8540747246335112,Proximity:1.00 Rating:0.87 Fuel:0.90,11,5.5,4.32932458304615,89.83448433831316,0.3079988156643556,AUTO_DISPATCHED
2026-01-24T03:44:10.495921,ORD-8981,D052,Jennifer Silva,V016,TRUCK,37.3382,-121.8863,37.7749,-122.4194,213.99511120589736,0.9309058933217472,Proximity:1.00 Rating:1.00 Fuel:0.71,11,5.5,4.987448541463091,70.57078075010925,1.9558575569552161,AUTO_DISPATCHED
2026-01-24T03:44:20.342776,ORD-3346,D035,Jennifer Martin,V061,CAR,37.7749,-122.4194,37.5485,-121.9886,353.8805402977425,0.9500257340123587,Proximity:1.00 Rating:0.95 Fuel:0.97,11,5.5,4.769436765062982,96.7759779108533,2.8732562765152503,AUTO_DISPATCHED
2026-01-24T03:44:25.289039,ORD-7866,D006,Sophie Anderson,V044,CAR,37.8044,-122.2711,37.5485,-121.9886,129.53503759874462,0.9337222838983169,Proximity:1.00 Rating:0.96 Fuel:0.73,11,5.5,4.789127571466042,73.11589794076367,1.401333269717623,AUTO_DISPATCHED
2026-01-24T03:44:34.323082,ORD-7316,D015,Alex Khan,V063,CAR,37.7749,-122.4194,37.5485,-121.9886,349.28374366765104,0.9144732738722551,Proximity:1.00 Rating:0.98 Fuel:0.77,11,5.5,4.899363716590612,77.32019177662474,3.798524996504524,AUTO_DISPATCHED
2026-01-24T03:44:42.400378,ORD-5912,D031,Kevin Ivanova,V015,CAR,37.7749,-122.4194,37.8044,-122.2711,172.6191437170409,0.8998040015856985,Proximity:1.00 Rating:0.85 Fuel:0.68,11,5.5,4.249637123736169,67.54188057524235,1.7195443381289395,AUTO_DISPATCHED
2026-01-24T03:44:49.189821,ORD-3610,D013,Emma Jones,V030,BIKE,37.8044,-122.2711,37.7749,-122.4194,426.1534398989349,0.861925819183959,Proximity:1.00 Rating:0.96 Fuel:0.94,11,5.5,4.804872646000488,93.64111637904736,1.6584608979705209,AUTO_DISPATCHED
2026-01-24T03:44:50.409746,ORD-7971,D058,Sophie Patel,V046,SCOOTER,37.8044,-122.2711,37.5485,-121.9886,496.95876320628696,0.8597177702823778,Proximity:1.00 Rating:0.89 Fuel:0.93,11,5.5,4.431515922276293,92.83372922661083,0.5434768358872084,AUTO_DISPATCHED
2026-01-24T03:44:58.153551,ORD-1791,D020,Sarah Johnson,V062,BIKE,37.3382,-121.8863,37.8044,-122.2711,385.12466108490116,0.8214578276521929,Proximity:1.00 Rating:0.89 Fuel:0.90,11,5.5,4.433399134725255,90.28356631363236,3.3042789765812635,AUTO_DISPATCHED
2026-01-24T03:44:59.369487,ORD-7258,D019,Priya Wang,V064,SCOOTER,37.3382,-121.8863,37.8044,-122.2711,205.84170421690118,0.8156105065012733,Proximity:1.00 Rating:0.84 Fuel:0.90,11,5.5,4.2189361046591545,89.83448433831316,3.031893135404997,AUTO_DISPATCHED
2026-01-24T03:45:05.738031,ORD-5099,D005,Olivia O'Brien,V040,VAN,37.3382,-121.8863,37.7749,-122.4194,352.15436822480325,0.8941224398116556,Proximity:1.00 Rating:0.92 Fuel:0.70,11,5.5,4.5798620906377625,69.93382847234776,3.517822921790131,AUTO_DISPATCHED
2026-01-24T03:45:06.968957,ORD-6276,D016,Emily Silva,V023,DRONE,37.7749,-122.4194,37.5485,-121.9886,325.3002890167826,0.8512305695997658,Proximity:1.00 Rating:0.89 Fuel:0.89,11,5.5,4.461160227629083,89.05622412697507,0.8640140556688038,AUTO_DISPATCHED
2026-01-24T03:45:15.861751,ORD-1990,D032,Jennifer Garcia,V015,CAR,37.8044,-122.2711,37.7749,-122.4194,267.46992841165456,0.9209410670737264,Proximity:1.00 Rating:0.86 Fuel:0.68,11,5.5,4.312263848126469,67.54188057524235,0.22898461713567997,AUTO_DISPATCHED
2026-01-24T03:45:16.426489,ORD-7280,D008,Jennifer Ali,V051,SCOOTER,37.8044,-122.2711,37.5485,-121.9886,313.43886556989503,0.8689571806431061,Proximity:1.00 Rating:0.87 Fuel:1.00,11,5.5,4.32932458304615,99.75612167804312,0.3079988156643556,AUTO_DISPATCHED
2026-01-24T03:45:17.705882,ORD-7357,D063,Ahmed Chen,V052,SCOOTER,37.7749,-122.4194,37.5485,-121.9886,319.8985685956887,0.8605477231865104,Proximity:1.00 Rating:1.00 Fuel:0.84,11,5.5,4.988889005103033,84.47308748809337,1.2573974599800755,AUTO_DISPATCHED
2026-01-24T03:45:21.078202,ORD-1581,D066,James Garcia,V030,BIKE,37.3382,-121.8863,37.8044,-122.2711,422.636525622375,0.8189318066266826,Proximity:1.00 Rating:0.89 Fuel:0.94,11,5.5,4.43844403704815,93.64111637904736,3.9254103539051486,AUTO_DISPATCHED
2026-01-24T03:45:21.686172,ORD-8968,D029,David Johnson,V045,BIKE,37.7749,-122.4194,37.8044,-122.2711,131.7202347155419,0.8516119857755935,Proximity:1.00 Rating:0.97 Fuel:0.84,11,5.5,4.8344684961141144,83.9997087143869,1.421305371244109,AUTO_DISPATCHED
2026-01-24T03:45:22.588516,ORD-7886,D012,Sarah Farooq,V006,BIKE,37.7749,-122.4194,37.5485,-121.9886,137.06621428718626,0.8252402448625806,Proximity:1.00 Rating:0.96 Fuel:0.83,11,5.5,4.786109873355396,82.76455905600733,3.2280790924516944,AUTO_DISPATCHED
2026-01-24T03:45:29.977672,ORD-9944,D061,Jennifer Taylor,V031,VAN,37.7749,-122.4194,37.5485,-121.9886,109.70814360524943,0.9900258925019695,Proximity:1.00 Rating:1.00 Fuel:0.95,11,5.5,4.991693302417388,94.5241098423709,0.11424034866259047,AUTO_DISPATCHED
2026-01-24T03:45:39.417700,ORD-7092,D003,Yuki Farooq,V056,VAN,37.8044,-122.2711,37.7749,-122.4194,182.30193444866774,0.9477732006654815,Proximity:1.00 Rating:0.99 Fuel:0.77,11,5.5,4.926278599882518,77.15981857918652,1.2014136958879091,AUTO_DISPATCHED
2026-01-24T03:45:46.116045,ORD-9754,D006,Sophie Anderson,V044,CAR,37.8044,-122.2711,37.5485,-121.9886,337.1726990133387,0.9337222838983169,Proximity:1.00 Rating:0.96 Fuel:0.73,11,5.5,4.789127571466042,73.11589794076367,1.401333269717623,AUTO_DISPATCHED
2026-01-24T03:45:53.141725,ORD-1770,D032,Jennifer Garcia,V061,CAR,37.8044,-122.2711,37.7749,-122.4194,434.1604856047366,0.9647922130771427,Proximity:1.00 Rating:0.86 Fuel:0.97,11,5.5,4.312263848126469,96.7759779108533,0.22898461713567997,AUTO_DISPATCHED
2026-01-24T03:45:54.606966,ORD-6740,D042,Lucas Miller,V015,CAR,37.8044,-122.2711,37.5485,-121.9886,341.2874025715537,0.9194153582131327,Proximity:1.00 Rating:0.95 Fuel:0.68,11,5.5,4.740595623722519,67.54188057524235,1.7217030078905187,AUTO_DISPATCHED
2026-01-24T03:45:59.825127,ORD-2447,D059,Maria Khan,V033,SCOOTER,37.3382,-121.8863,37.5485,-121.9886,456.99477987790743,0.8590455397656808,Proximity:1.00 Rating:0.96 Fuel:0.95,11,5.5,4.799533452445182,94.76908129285601,2.007153621712842,AUTO_DISPATCHED
2026-01-24T03:46:05.844453,ORD-7014,D051,Ana Ivanova,V063,CAR,37.8044,-122.2711,37.5485,-121.9886,316.42860556244335,0.9393616345211183,Proximity:1.00 Rating:0.89 Fuel:0.77,11,5.5,4.434571419806576,77.32019177662474,0.3201207948865412,AUTO_DISPATCHED
2026-01-24T03:46:09.438856,ORD-5577,D050,Carlos Garcia,V043,DRONE,37.3382,-121.8863,37.5485,-121.9886,430.6615018089613,0.8564489619399396,Proximity:1.00 Rating:0.86 Fuel:0.94,11,5.5,4.27846119914684,93.61242838000803,0.4086502876756777,AUTO_DISPATCHED
2026-01-24T03:46:09.988528,ORD-5865,D033,Ana Lopez,V046,SCOOTER,37.3382,-121.8863,37.8044,-122.2711,439.7782114386278,0.8480746907063051,Proximity:1.00 Rating:0.97 Fuel:0.93,11,5.5,4.870330912796181,92.83372922661083,2.879131171636663,AUTO_DISPATCHED
2026-01-24T03:46:13.974887,ORD-1012,D003,Yuki Farooq,V056,VAN,37.8044,-122.2711,37.5485,-121.9886,187.14345229749932,0.9477732006654815,Proximity:1.00 Rating:0.99 Fuel:0.77,11,5.5,4.926278599882518,77.15981857918652,1.2014136958879091,AUTO_DISPATCHED
2026-01-24T03:46:18.409261,ORD-5267,D052,Jennifer Silva,V016,TRUCK,37.3382,-121.8863,37.7749,-122.4194,482.19293580630773,0.9309058933217472,Proximity:1.00 Rating:1.00 Fuel:0.71,11,5.5,4.987448541463091,70.57078075010925,1.9558575569552161,AUTO_DISPATCHED
2026-01-24T03:46:24.267206,ORD-6307,D062,Sophie Rodriguez,V061,CAR,37.3382,-121.8863,37.7749,-122.4194,386.6760245947208,0.9203410249287515,Proximity:1.00 Rating:0.85 Fuel:0.97,11,5.5,4.226436125453577,96.7759779108533,3.5104309564537375,AUTO_DISPATCHED
2026-01-24T03:46:25.659961,ORD-3850,D055,Omar Gonzalez,V051,SCOOTER,37.7749,-122.4194,37.5485,-121.9886,245.8697313008346,0.8749974987014209,Proximity:1.00 Rating:0.94 Fuel:1.00,11,5.5,4.715126305335697,99.75612167804312,1.05933888232572,AUTO_DISPATCHED
2026-01-24T03:46:33.520954,ORD-1715,D035,Jennifer Martin,V053,DRONE,37.7749,-122.4194,37.8044,-122.2711,462.0633733422264,0.8413124768848341,Proximity:1.00 Rating:0.95 Fuel:0.91,11,5.5,4.769436765062982,90.96713982583698,2.8732562765152503,AUTO_DISPATCHED
2026-01-24T03:46:34.769306,ORD-2909,D016,Emily Silva,V023,DRONE,37.7749,-122.4194,37.8044,-122.2711,173.45840567265344,0.8512305695997658,Proximity:1.00 Rating:0.89 Fuel:0.89,11,5.5,4.461160227629083,89.05622412697507,0.8640140556688038,AUTO_DISPATCHED
2026-01-24T03:46:43.889619,ORD-1391,D058,Sophie Patel,V033,SCOOTER,37.8044,-122.2711,37.5485,-121.9886,247.84478436354328,0.8626207983817457,Proximity:1.00 Rating:0.89 Fuel:0.95,11,5.5,4.431515922276293,94.76908129285601,0.5434768358872084,AUTO_DISPATCHED
2026-01-24T03:46:47.883759,ORD-3130,D068,Yuki Hassan,V062,BIKE,37.3382,-121.8863,37.8044,-122.2711,445.4174920296754,0.8536202020371347,Proximity:1.00 Rating:0.90 Fuel:0.90,11,5.5,4.484875452244272,90.28356631363236,0.8960132418467692,AUTO_DISPATCHED
2026-01-24T03:46:49.214025,ORD-3006,D032,Jennifer Garcia,V064,SCOOTER,37.8044,-122.2711,37.5485,-121.9886,416.9644367575895,0.8543799727183324,Proximity:1.00 Rating:0.86 Fuel:0.90,11,5.5,4.312263848126469,89.83448433831316,0.22898461713567997,AUTO_DISPATCHED
2026-01-24T03:46:58.281412,ORD-9092,D012,Sarah Farooq,V059,VAN,37.7749,-122.4194,37.5485,-121.9886,193.2180760548721,0.9372570386194755,Proximity:1.00 Rating:0.96 Fuel:0.91,11,5.5,4.786109873355396,90.77575489393726,3.2280790924516944,AUTO_DISPATCHED
2026-01-24T03:46:59.483748,ORD-8651,D006,Sophie Anderson,V044,CAR,37.8044,-122.2711,37.5485,-121.9886,286.35908603444807,0.9337222838983169,Proximity:1.00 Rating:0.96 Fuel:0.73,11,5.5,4.789127571466042,73.11589794076367,1.401333269717623,AUTO_DISPATCHED
2026-01-24T03:47:09.488856,ORD-3430,D008,Jennifer Ali,V040,VAN,37.8044,-122.2711,37.5485,-121.9886,128.8726177637213,0.9242237408345633,Proximity:1.00 Rating:0.87 Fuel:0.70,11,5.5,4.32932458304615,69.93382847234776,0.3079988156643556,AUTO_DISPATCHED
2026-01-24T03:47:19.180006,ORD-6559,D050,Carlos Garcia,V063,CAR,37.3382,-121.8863,37.8044,-122.2711,337.81915754695655,0.9320106070348648,Proximity:1.00 Rating:0.86 Fuel:0.77,11,5.5,4.27846119914684,77.32019177662474,0.4086502876756777,AUTO_DISPATCHED
2026-01-24T03:47:20.180716,ORD-5063,D051,Ana Ivanova,V015,CAR,37.8044,-122.2711,37.5485,-121.9886,354.9769170193932,0.9246941677190449,Proximity:1.00 Rating:0.89 Fuel:0.68,11,5.5,4.434571419806576,67.54188057524235,0.3201207948865412,AUTO_DISPATCHED
2026-01-24T03:47:20.942723,ORD-5297,D016,Emily Silva,V043,DRONE,37.7749,-122.4194,37.8044,-122.2711,485.0866615001731,0.8580648759793152,Proximity:1.00 Rating:0.89 Fuel:0.94,11,5.5,4.461160227629083,93.61242838000803,0.8640140556688038,AUTO_DISPATCHED
2026-01-24T03:47:30.947913,ORD-9113,D009,Priya Gonzalez,V056,VAN,37.3382,-121.8863,37.8044,-122.2711,302.3014586867821,0.9118767298762336,Proximity:1.00 Rating:0.89 Fuel:0.77,11,5.5,4.446543915002042,77.15981857918652,2.5379803674102352,AUTO_DISPATCHED
2026-01-24T03:47:31.572723,ORD-5478,D005,Olivia O'Brien,V053,DRONE,37.3382,-121.8863,37.8044,-122.2711,373.8585343504612,0.8256724068418894,Proximity:1.00 Rating:0.92 Fuel:0.91,11,5.5,4.5798620906377625,90.96713982583698,3.517822921790131,AUTO_DISPATCHED
2026-01-24T03:47:38.058907,ORD-5857,D035,Jennifer Martin,V023,DRONE,37.7749,-122.4194,37.8044,-122.2711,279.27116928012845,0.8384461033365412,Proximity:1.00 Rating:0.95 Fuel:0.89,11,5.5,4.769436765062982,89.05622412697507,2.8732562765152503,AUTO_DISPATCHED
2026-01-24T03:47:45.562911,ORD-1491,D020,Sarah Johnson,V052,SCOOTER,37.3382,-121.8863,37.7749,-122.4194,342.9963195549692,0.8127421094138845,Proximity:1.00 Rating:0.89 Fuel:0.84,11,5.5,4.433399134725255,84.47308748809337,3.3042789765812635,AUTO_DISPATCHED
2026-01-24T03:47:54.979252,ORD-5330,D029,David Johnson,V051,SCOOTER,37.7749,-122.4194,37.5485,-121.9886,326.7775491345345,0.8752466052210779,Proximity:1.00 Rating:0.97 Fuel:1.00,11,5.5,4.8344684961141144,99.75612167804312,1.421305371244109,AUTO_DISPATCHED
2026-01-24T03:47:56.416226,ORD-9823,D055,Omar Gonzalez,V033,SCOOTER,37.7749,-122.4194,37.8044,-122.2711,330.4112550494614,0.8675169381236403,Proximity:1.00 Rating:0.94 Fuel:0.95,11,5.5,4.715126305335697,94.76908129285601,1.05933888232572,AUTO_DISPATCHED
2026-01-24T03:47:57.453848,ORD-7013,D003,Yuki Farooq,V043,DRONE,37.8044,-122.2711,37.5485,-121.9886,281.1028206811488,0.8724521153667139,Proximity:1.00 Rating:0.99 Fuel:0.94,11,5.5,4.926278599882518,93.61242838000803,1.2014136958879091,AUTO_DISPATCHED
2026-01-24T03:48:05.216100,ORD-1961,D013,Emma Jones,V064,SCOOTER,37.8044,-122.2711,37.7749,-122.4194,166.8554646402252,0.8562158711228577,Proximity:1.00 Rating:0.96 Fuel:0.90,11,5.5,4.804872646000488,89.83448433831316,1.6584608979705209,AUTO_DISPATCHED
2026-01-24T03:48:13.264317,ORD-9881,D040,Emily Davis,V044,CAR,37.3382,-121.8863,37.8044,-122.2711,173.85719928274727,0.8830291488178127,Proximity:1.00 Rating:0.84 Fuel:0.73,11,5.5,4.213647917868343,73.11589794076367,3.6152491846453194,AUTO_DISPATCHED
2026-01-24T03:48:20.130155,ORD-3343,D016,Emily Silva,V016,TRUCK,37.7749,-122.4194,37.8044,-122.2711,378.87669374938343,0.9235024045344672,Proximity:1.00 Rating:0.89 Fuel:0.71,11,5.5,4.461160227629083,70.57078075010925,0.8640140556688038,AUTO_DISPATCHED
2026-01-24T03:48:21.129709,ORD-2018,D052,Jennifer Silva,V040,VAN,37.3382,-121.8863,37.5485,-121.9886,278.02508380446085,0.929950464905105,Proximity:1.00 Rating:1.00 Fuel:0.70,11,5.5,4.987448541463091,69.93382847234776,1.9558575569552161,AUTO_DISPATCHED
2026-01-24T03:48:21.723481,ORD-2523,D006,Sophie Anderson,V023,DRONE,37.3382,-121.8863,37.5485,-121.9886,425.6557562391319,0.507632773177634,Proximity:0.00 Rating:0.96 Fuel:0.89,11,5.5,4.789127571466042,89.05622412697507,1.401333269717623,AUTO_DISPATCHED
2026-01-24T03:48:30.057051,ORD-5743,D055,Omar Gonzalez,V061,CAR,37.7749,-122.4194,37.5485,-121.9886,141.37625378550854,0.9705272830506364,Proximity:1.00 Rating:0.94 Fuel:0.97,11,5.5,4.715126305335697,96.7759779108533,1.05933888232572,AUTO_DISPATCHED
2026-01-24T03:48:30.963367,ORD-1217,D051,Ana Ivanova,V059,VAN,37.8044,-122.2711,37.5485,-121.9886,341.7009725718615,0.9595449791970873,Proximity:1.00 Rating:0.89 Fuel:0.91,11,5.5,4.434571419806576,90.77575489393726,0.3201207948865412,AUTO_DISPATCHED
2026-01-24T03:48:38.466097,ORD-5196,D068,Yuki Hassan,V015,CAR,37.3382,-121.8863,37.5485,-121.9886,428.2748400213468,0.9195076734295498,Proximity:1.00 Rating:0.90 Fuel:0.68,11,5.5,4.484875452244272,67.54188057524235,0.8960132418467692,AUTO_DISPATCHED
2026-01-24T03:48:43.509193,ORD-7469,D062,Sophie Rodriguez,V033,SCOOTER,37.3382,-121.8863,37.7749,-122.4194,112.6438952856641,0.8173306800017555,Proximity:1.00 Rating:0.85 Fuel:0.95,11,5.5,4.226436125453577,94.76908129285601,3.5104309564537375,AUTO_DISPATCHED
2026-01-24T03:48:47.202742,ORD-4271,D013,Emma Jones,V062,BIKE,37.3382,-121.8863,37.5485,-121.9886,362.60301786159243,0.5068894940858366,Proximity:0.00 Rating:0.96 Fuel:0.90,11,5.5,4.804872646000488,90.28356631363236,1.6584608979705209,AUTO_DISPATCHED
2026-01-24T03:48:48.602195,ORD-9234,D058,Sophie Patel,V064,SCOOTER,37.3382,-121.8863,37.7749,-122.4194,160.41470928021093,0.5052189029499313,Proximity:0.00 Rating:0.89 Fuel:0.90,11,5.5,4.431515922276293,89.83448433831316,0.5434768358872084,AUTO_DISPATCHED
2026-01-24T03:48:50.014437,ORD-7181,D032,Jennifer Garcia,V045,BIKE,37.3382,-121.8863,37.7749,-122.4194,336.2323637261946,0.49562780928244304,Proximity:0.00 Rating:0.86 Fuel:0.84,11,5.5,4.312263848126469,83.9997087143869,0.22898461713567997,AUTO_DISPATCHED
2026-01-24T03:48:55.191034,ORD-1321,D008,Jennifer Ali,V016,TRUCK,37.8044,-122.2711,37.5485,-121.9886,354.8756242623007,0.9251791692512055,Proximity:1.00 Rating:0.87 Fuel:0.71,11,5.5,4.32932458304615,70.57078075010925,0.3079988156643556,AUTO_DISPATCHED
2026-01-24T03:48:55.954513,ORD-8555,D042,Lucas Miller,V006,BIKE,37.3382,-121.8863,37.5485,-121.9886,105.3577477999705,0.4922493759342802,Proximity:0.00 Rating:0.95 Fuel:0.83,11,5.5,4.740595623722519,82.76455905600733,1.7217030078905187,AUTO_DISPATCHED
2026-01-24T03:49:02.292507,ORD-8480,D061,Jennifer Taylor,V010,SCOOTER,37.3382,-121.8863,37.5485,-121.9886,105.9152486119538,0.5222276302639536,Proximity:0.00 Rating:1.00 Fuel:0.83,11,5.5,4.991693302417388,82.65860168369365,0.11424034866259047,AUTO_DISPATCHED
2026-01-24T03:49:02.853163,ORD-2421,D064,Sophie Ali,V058,BIKE,37.8044,-122.2711,37.5485,-121.9886,219.17594406666248,0.8362580894804502,Proximity:1.00 Rating:0.95 Fuel:0.81,11,5.5,4.7546427623976895,80.93210100669057,2.0260618020394525,AUTO_DISPATCHED
2026-01-24T03:49:03.414020,ORD-2456,D045,Mohammed Lee,V069,SCOOTER,37.8044,-122.2711,37.7749,-122.4194,314.12658738656654,0.8355553521042917,Proximity:1.00 Rating:0.90 Fuel:0.81,11,5.5,4.5070301486595685,80.57328334951148,1.2468623093086637,AUTO_DISPATCHED
2026-01-24T03:49:11.692362,ORD-8391,D003,Yuki Farooq,V063,CAR,37.8044,-122.2711,37.7749,-122.4194,344.98418209497254,0.948013760461639,Proximity:1.00 Rating:0.99 Fuel:0.77,11,5.5,4.926278599882518,77.32019177662474,1.2014136958879091,AUTO_DISPATCHED
2026-01-24T03:49:12.921466,ORD-2390,D052,Jennifer Silva,V040,VAN,37.3382,-121.8863,37.7749,-122.4194,450.73177075077547,0.929950464905105,Proximity:1.00 Rating:1.00 Fuel:0.70,11,5.5,4.987448541463091,69.93382847234776,1.9558575569552161,AUTO_DISPATCHED
2026-01-24T03:49:22.087364,ORD-8420,D029,David Johnson,V056,VAN,37.7749,-122.4194,37.5485,-121.9886,286.9459717441087,0.941352150572793,Proximity:1.00 Rating:0.97 Fuel:0.77,11,5.5,4.8344684961141144,77.15981857918652,1.421305371244109,AUTO_DISPATCHED
2026-01-24T03:49:23.174460,ORD-6171,D068,Yuki Hassan,V015,CAR,37.3382,-121.8863,37.7749,-122.4194,168.2201853018872,0.9195076734295498,Proximity:1.00 Rating:0.90 Fuel:0.68,11,5.5,4.484875452244272,67.54188057524235,0.8960132418467692,AUTO_DISPATCHED
2026-01-24T03:49:23.850628,ORD-6415,D050,Carlos Garcia,V051,SCOOTER,37.3382,-121.8863,37.7749,-122.4194,336.87519015729265,0.8656645018869922,Proximity:1.00 Rating:0.86 Fuel:1.00,11,5.5,4.27846119914684,99.75612167804312,0.4086502876756777,AUTO_DISPATCHED
2026-01-24T03:49:29.926138,ORD-1079,D006,Sophie Anderson,V043,DRONE,37.8044,-122.2711,37.7749,-122.4194,326.4233008705552,0.8644670795571834,Proximity:1.00 Rating:0.96 Fuel:0.94,11,5.5,4.789127571466042,93.61242838000803,1.401333269717623,AUTO_DISPATCHED
2026-01-24T03:49:34.479344,ORD-3335,D016,Emily Silva,V053,DRONE,37.7749,-122.4194,37.5485,-121.9886,391.554469428267,0.8540969431480587,Proximity:1.00 Rating:0.89 Fuel:0.91,11,5.5,4.461160227629083,90.96713982583698,0.8640140556688038,AUTO_DISPATCHED
2026-01-24T03:49:42.180746,ORD-5072,D035,Jennifer Martin,V059,VAN,37.7749,-122.4194,37.5485,-121.9886,136.72395567140302,0.9410253994869845,Proximity:1.00 Rating:0.95 Fuel:0.91,11,5.5,4.769436765062982,90.77575489393726,2.8732562765152503,AUTO_DISPATCHED
2026-01-24T03:49:43.681098,ORD-6400,D003,Yuki Farooq,V060,CAR,37.8044,-122.2711,37.7749,-122.4194,132.8572944864982,0.9283507576987466,Proximity:1.00 Rating:0.99 Fuel:0.64,11,5.5,4.926278599882518,64.21152326802985,1.2014136958879091,AUTO_DISPATCHED
2026-01-24T03:49:45.166179,ORD-7924,D051,Ana Ivanova,V062,BIKE,37.8044,-122.2711,37.5485,-121.9886,309.35271264318044,0.8588066963266299,Proximity:1.00 Rating:0.89 Fuel:0.90,11,5.5,4.434571419806576,90.28356631363236,0.3201207948865412,AUTO_DISPATCHED
2026-01-24T03:49:51.892820,ORD-3535,D060,Sarah Zhang,V023,DRONE,37.3382,-121.8863,37.5485,-121.9886,149.8332172162485,0.8814810831630855,Proximity:1.00 Rating:1.00 Fuel:0.89,11,5.5,4.9973211816342875,89.05622412697507,0.15968802341988564,AUTO_DISPATCHED
2026-01-24T03:49:53.030038,ORD-4500,D024,Maria O'Brien,V052,SCOOTER,37.7749,-122.4194,37.8044,-122.2711,376.05404009771,0.8618145066285112,Proximity:1.00 Rating:1.00 Fuel:0.84,11,5.5,4.981427077587455,84.47308748809337,1.1321766165701614,AUTO_DISPATCHED
2026-01-24T03:49:54.469002,ORD-1882,D042,Lucas Miller,V006,BIKE,37.8044,-122.2711,37.5485,-121.9886,495.5272788521662,0.8422493759342802,Proximity:1.00 Rating:0.95 Fuel:0.83,11,5.5,4.740595623722519,82.76455905600733,1.7217030078905187,AUTO_DISPATCHED
2026-01-24T03:50:01.995578,ORD-3663,D005,Olivia O'Brien,V061,CAR,37.3382,-121.8863,37.8044,-122.2711,137.13427325828494,0.9343856639694139,Proximity:1.00 Rating:0.92 Fuel:0.97,11,5.5,4.5798620906377625,96.7759779108533,3.517822921790131,AUTO_DISPATCHED
2026-01-24T03:50:03.433899,ORD-7739,D006,Sophie Anderson,V044,CAR,37.8044,-122.2711,37.5485,-121.9886,367.56000175497417,0.9337222838983169,Proximity:1.00 Rating:0.96 Fuel:0.73,11,5.5,4.789127571466042,73.11589794076367,1.401333269717623,AUTO_DISPATCHED
2026-01-24T03:50:11.865158,ORD-9987,D055,Omar Gonzalez,V016,TRUCK,37.7749,-122.4194,37.8044,-122.2711,426.50086993004277,0.9312194873095203,Proximity:1.00 Rating:0.94 Fuel:0.71,11,5.5,4.715126305335697,70.57078075010925,1.05933888232572,AUTO_DISPATCHED
2026-01-24T03:50:12.723846,ORD-6730,D008,Jennifer Ali,V043,DRONE,37.8044,-122.2711,37.7749,-122.4194,219.99546787914574,0.8597416406960535,Proximity:1.00 Rating:0.87 Fuel:0.94,11,5.5,4.32932458304615,93.61242838000803,0.3079988156643556,AUTO_DISPATCHED
2026-01-24T03:50:14.080965,ORD-1118,D020,Sarah Johnson,V063,CAR,37.3382,-121.8863,37.7749,-122.4194,435.68529888774464,0.9020127658466816,Proximity:1.00 Rating:0.89 Fuel:0.77,11,5.5,4.433399134725255,77.32019177662474,3.3042789765812635,AUTO_DISPATCHED
2026-01-24T03:50:22.949139,ORD-2086,D012,Sarah Farooq,V060,CAR,37.7749,-122.4194,37.5485,-121.9886,155.29164529801807,0.8974106911806145,Proximity:1.00 Rating:0.96 Fuel:0.64,11,5.5,4.786109873355396,64.21152326802985,3.2280790924516944,AUTO_DISPATCHED
2026-01-24T03:50:24.403326,ORD-1944,D057,Ahmed Park,V052,SCOOTER,37.3382,-121.8863,37.7749,-122.4194,491.3123747981904,0.8520027460516211,Proximity:1.00 Rating:0.91 Fuel:0.84,11,5.5,4.563932149421807,84.47308748809337,0.5811336925912935,AUTO_DISPATCHED
2026-01-24T03:50:25.853649,ORD-7867,D064,Sophie Ali,V058,BIKE,37.8044,-122.2711,37.5485,-121.9886,195.07646986413545,0.8362580894804502,Proximity:1.00 Rating:0.95 Fuel:0.81,11,5.5,4.7546427623976895,80.93210100669057,2.0260618020394525,AUTO_DISPATCHED
2026-01-24T03:50:29.115207,ORD-5661,D024,Maria O'Brien,V069,SCOOTER,37.7749,-122.4194,37.5485,-121.9886,217.8791259071617,0.8559648004206384,Proximity:1.00 Rating:1.00 Fuel:0.81,11,5.5,4.981427077587455,80.57328334951148,1.1321766165701614,AUTO_DISPATCHED
2026-01-24T03:50:29.971696,ORD-6640,D015,Alex Khan,V024,SCOOTER,37.7749,-122.4194,37.8044,-122.2711,368.1742588518014,0.8188378671013627,Proximity:1.00 Rating:0.98 Fuel:0.80,11,5.5,4.899363716590612,80.22992059602993,3.798524996504524,AUTO_DISPATCHED
2026-01-24T03:50:34.176678,ORD-9264,D045,Mohammed Lee,V028,DRONE,37.8044,-122.2711,37.7749,-122.4194,248.2495784014871,0.8349149951580973,Proximity:1.00 Rating:0.90 Fuel:0.80,11,5.5,4.5070301486595685,80.14637871871523,1.2468623093086637,AUTO_DISPATCHED
2026-01-24T03:50:34.774165,ORD-2463,D031,Kevin Ivanova,V032,DRONE,37.7749,-122.4194,37.8044,-122.2711,493.21179196446997,0.8176519195440074,Proximity:1.00 Rating:0.85 Fuel:0.79,11,5.5,4.249637123736169,79.44049254744827,1.7195443381289395,AUTO_DISPATCHED
2026-01-24T03:50:35.952203,ORD-4972,D060,Sarah Zhang,V023,DRONE,37.3382,-121.8863,37.5485,-121.9886,165.39108917572037,0.8814810831630855,Proximity:1.00 Rating:1.00 Fuel:0.89,11,5.5,4.9973211816342875,89.05622412697507,0.15968802341988564,AUTO_DISPATCHED
2026-01-24T03:50:41.305155,ORD-3176,D047,David Martin,V042,SCOOTER,37.7749,-122.4194,37.5485,-121.9886,286.78233960413854,0.8117483591817165,Proximity:1.00 Rating:0.86 Fuel:0.79,11,5.5,4.324906003089435,78.93385831360524,2.3718934729814967,AUTO_DISPATCHED
2026-01-24T03:50:50.653339,ORD-3113,D029,David Johnson,V056,VAN,37.7749,-122.4194,37.8044,-122.2711,237.94458038533895,0.941352150572793,Proximity:1.00 Rating:0.97 Fuel:0.77,11,5.5,4.8344684961141144,77.15981857918652,1.421305371244109,AUTO_DISPATCHED
2026-01-24T03:50:55.316506,ORD-7095,D019,Priya Wang,V016,TRUCK,37.3382,-121.8863,37.8044,-122.2711,264.43718898074343,0.8867149511189675,Proximity:1.00 Rating:0.84 Fuel:0.71,11,5.5,4.2189361046591545,70.57078075010925,3.031893135404997,AUTO_DISPATCHED
2026-01-24T03:50:56.554496,ORD-8526,D055,Omar Gonzalez,V033,SCOOTER,37.7749,-122.4194,37.5485,-121.9886,353.9681517214949,0.8675169381236403,Proximity:1.00 Rating:0.94 Fuel:0.95,11,5.5,4.715126305335697,94.76908129285601,1.05933888232572,AUTO_DISPATCHED
2026-01-24T03:51:04.159694,ORD-4285,D062,Sophie Rodriguez,V043,DRONE,37.3382,-121.8863,37.8044,-122.2711,237.5375732502947,0.8155957006324834,Proximity:1.00 Rating:0.85 Fuel:0.94,11,5.5,4.226436125453577,93.61242838000803,3.5104309564537375,AUTO_DISPATCHED
2026-01-24T03:51:05.006444,ORD-7993,D013,Emma Jones,V053,DRONE,37.8044,-122.2711,37.7749,-122.4194,497.93439864672104,0.8579148543541435,Proximity:1.00 Rating:0.96 Fuel:0.91,11,5.5,4.804872646000488,90.96713982583698,1.6584608979705209,AUTO_DISPATCHED
2026-01-24T03:51:12.447702,ORD-8012,D006,Sophie Anderson,V059,VAN,37.8044,-122.2711,37.5485,-121.9886,108.5921487313637,0.9602120693280772,Proximity:1.00 Rating:0.96 Fuel:0.91,11,5.5,4.789127571466042,90.77575489393726,1.401333269717623,AUTO_DISPATCHED
2026-01-24T03:51:13.696136,ORD-1384,D016,Emily Silva,V044,CAR,37.7749,-122.4194,37.8044,-122.2711,142.9992041806594,0.9273200803204488,Proximity:1.00 Rating:0.89 Fuel:0.73,11,5.5,4.461160227629083,73.11589794076367,0.8640140556688038,AUTO_DISPATCHED
2026-01-24T03:51:19.418864,ORD-4894,D058,Sophie Patel,V040,VAN,37.8044,-122.2711,37.7749,-122.4194,109.99552035966707,0.9253679191509834,Proximity:1.00 Rating:0.89 Fuel:0.70,11,5.5,4.431515922276293,69.93382847234776,0.5434768358872084,AUTO_DISPATCHED
2026-01-24T03:51:27.853218,ORD-3800,D060,Sarah Zhang,V056,VAN,37.3382,-121.8863,37.5485,-121.9886,266.6121476414013,0.9636364748414026,Proximity:1.00 Rating:1.00 Fuel:0.77,11,5.5,4.9973211816342875,77.15981857918652,0.15968802341988564,AUTO_DISPATCHED
2026-01-24T03:51:28.680208,ORD-2241,D052,Jennifer Silva,V015,CAR,37.3382,-121.8863,37.7749,-122.4194,223.00634260041656,0.926362543059447,Proximity:1.00 Rating:1.00 Fuel:0.68,11,5.5,4.987448541463091,67.54188057524235,1.9558575569552161,AUTO_DISPATCHED
2026-01-24T03:51:35.667259,ORD-9657,D013,Emma Jones,V051,SCOOTER,37.8044,-122.2711,37.7749,-122.4194,187.16709621525177,0.8710983271324526,Proximity:1.00 Rating:0.96 Fuel:1.00,11,5.5,4.804872646000488,99.75612167804312,1.6584608979705209,AUTO_DISPATCHED
2026-01-24T03:51:38.782859,ORD-1715,D068,Yuki Hassan,V053,DRONE,37.3382,-121.8863,37.8044,-122.2711,463.701901422335,0.8546455623054418,Proximity:1.00 Rating:0.90 Fuel:0.91,11,5.5,4.484875452244272,90.96713982583698,0.8960132418467692,AUTO_DISPATCHED
2026-01-24T03:51:39.807828,ORD-2938,D032,Jennifer Garcia,V062,BIKE,37.8044,-122.2711,37.7749,-122.4194,149.81933805774418,0.8550535956813113,Proximity:1.00 Rating:0.86 Fuel:0.90,11,5.5,4.312263848126469,90.28356631363236,0.22898461713567997,AUTO_DISPATCHED
2026-01-24T03:51:40.852746,ORD-4189,D050,Carlos Garcia,V064,SCOOTER,37.3382,-121.8863,37.8044,-122.2711,273.7381082466369,0.8507820458773974,Proximity:1.00 Rating:0.86 Fuel:0.90,11,5.5,4.27846119914684,89.83448433831316,0.4086502876756777,AUTO_DISPATCHED
2026-01-24T03:51:48.545965,ORD-6819,D016,Emily Silva,V044,CAR,37.7749,-122.4194,37.8044,-122.2711,472.63061614515306,0.9273200803204488,Proximity:1.00 Rating:0.89 Fuel:0.73,11,5.5,4.461160227629083,73.11589794076367,0.8640140556688038,AUTO_DISPATCHED
2026-01-24T03:51:49.641096,ORD-8221,D008,Jennifer Ali,V061,CAR,37.8044,-122.2711,37.5485,-121.9886,467.8956122508956,0.9644869649923216,Proximity:1.00 Rating:0.87 Fuel:0.97,11,5.5,4.32932458304615,96.7759779108533,0.3079988156643556,AUTO_DISPATCHED
2026-01-24T03:51:56.334374,ORD-3313,D061,Jennifer Taylor,V040,VAN,37.7749,-122.4194,37.8044,-122.2711,365.8537451667235,0.9531404704469347,Proximity:1.00 Rating:1.00 Fuel:0.70,11,5.5,4.991693302417388,69.93382847234776,0.11424034866259047,AUTO_DISPATCHED
2026-01-24T03:52:01.910638,ORD-5137,D030,Olivia Park,V023,DRONE,37.8044,-122.2711,37.5485,-121.9886,192.73523078483512,0.8510148282768247,Proximity:1.00 Rating:0.94 Fuel:0.89,11,5.5,4.69034388570365,89.05622412697507,1.6146610673427135,AUTO_DISPATCHED
2026-01-24T03:52:10.711912,ORD-4475,D024,Maria O'Brien,V051,SCOOTER,37.7749,-122.4194,37.8044,-122.2711,475.13823468837717,0.8847390579134358,Proximity:1.00 Rating:1.00 Fuel:1.00,11,5.5,4.981427077587455,99.75612167804312,1.1321766165701614,AUTO_DISPATCHED
2026-01-24T03:52:11.826622,ORD-7649,D003,Yuki Farooq,V056,VAN,37.8044,-122.2711,37.7749,-122.4194,364.900261939522,0.9477732006654815,Proximity:1.00 Rating:0.99 Fuel:0.77,11,5.5,4.926278599882518,77.15981857918652,1.2014136958879091,AUTO_DISPATCHED
2026-01-24T03:52:13.174907,ORD-3443,D029,David Johnson,V062,BIKE,37.7749,-122.4194,37.5485,-121.9886,243.23710218998812,0.8610377721744618,Proximity:1.00 Rating:0.97 Fuel:0.90,11,5.5,4.8344684961141144,90.28356631363236,1.421305371244109,AUTO_DISPATCHED
2026-01-24T03:52:22.413112,ORD-5732,D006,Sophie Anderson,V059,VAN,37.8044,-122.2711,37.7749,-122.4194,433.5407834138256,0.9602120693280772,Proximity:1.00 Rating:0.96 Fuel:0.91,11,5.5,4.789127571466042,90.77575489393726,1.401333269717623,AUTO_DISPATCHED
2026-01-24T03:52:30.949240,ORD-3970,D013,Emma Jones,V063,CAR,37.8044,-122.2711,37.5485,-121.9886,167.4220422838779,0.9374444322803251,Proximity:1.00 Rating:0.96 Fuel:0.77,11,5.5,4.804872646000488,77.32019177662474,1.6584608979705209,AUTO_DISPATCHED
2026-01-24T03:52:38.141173,ORD-1538,D064,Sophie Ali,V044,CAR,37.8044,-122.2711,37.5485,-121.9886,303.59680390738606,0.9245337848815599,Proximity:1.00 Rating:0.95 Fuel:0.73,11,5.5,4.7546427623976895,73.11589794076367,2.0260618020394525,AUTO_DISPATCHED
2026-01-24T03:52:42.998841,ORD-8709,D045,Mohammed Lee,V016,TRUCK,37.8044,-122.2711,37.5485,-121.9886,232.5642549955231,0.9205515982051883,Proximity:1.00 Rating:0.90 Fuel:0.71,11,5.5,4.5070301486595685,70.57078075010925,1.2468623093086637,AUTO_DISPATCHED
2026-01-24T03:52:43.687920,ORD-6485,D060,Sarah Zhang,V040,VAN,37.3382,-121.8863,37.8044,-122.2711,122.06458743629716,0.9527974896811446,Proximity:1.00 Rating:1.00 Fuel:0.70,11,5.5,4.9973211816342875,69.93382847234776,0.15968802341988564,AUTO_DISPATCHED
2026-01-24T03:52:45.059562,ORD-8939,D061,Jennifer Taylor,V051,SCOOTER,37.7749,-122.4194,37.5485,-121.9886,272.7349680053485,0.8978739102554778,Proximity:1.00 Rating:1.00 Fuel:1.00,11,5.5,4.991693302417388,99.75612167804312,0.11424034866259047,AUTO_DISPATCHED
2026-01-24T03:52:53.356093,ORD-1251,D024,Maria O'Brien,V059,VAN,37.7749,-122.4194,37.8044,-122.2711,103.07732402673832,0.971268507737277,Proximity:1.00 Rating:1.00 Fuel:0.91,11,5.5,4.981427077587455,90.77575489393726,1.1321766165701614,AUTO_DISPATCHED
2026-01-24T03:52:54.122138,ORD-6514,D063,Ahmed Chen,V033,SCOOTER,37.7749,-122.4194,37.5485,-121.9886,462.2366387709825,0.8759917138936544,Proximity:1.00 Rating:1.00 Fuel:0.95,11,5.5,4.988889005103033,94.76908129285601,1.2573974599800755,AUTO_DISPATCHED
2026-01-24T03:53:00.118646,ORD-9448,D006,Sophie Anderson,V061,CAR,37.8044,-122.2711,37.7749,-122.4194,129.52894221228883,0.9692124038534514,Proximity:1.00 Rating:0.96 Fuel:0.97,11,5.5,4.789127571466042,96.7759779108533,1.401333269717623,AUTO_DISPATCHED
2026-01-24T03:53:05.453372,ORD-2090,D057,Ahmed Park,V043,DRONE,37.3382,-121.8863,37.5485,-121.9886,346.03608928199196,0.865711757389493,Proximity:1.00 Rating:0.91 Fuel:0.94,11,5.5,4.563932149421807,93.61242838000803,0.5811336925912935,AUTO_DISPATCHED
2026-01-24T03:53:13.392142,ORD-8277,D020,Sarah Johnson,V023,DRONE,37.3382,-121.8863,37.7749,-122.4194,311.40083101487016,0.819616814372207,Proximity:1.00 Rating:0.89 Fuel:0.89,11,5.5,4.433399134725255,89.05622412697507,3.3042789765812635,AUTO_DISPATCHED
2026-01-24T03:53:23.079347,ORD-4264,D016,Emily Silva,V052,SCOOTER,37.7749,-122.4194,37.8044,-122.2711,254.13981371830147,0.8443558646414433,Proximity:1.00 Rating:0.89 Fuel:0.84,11,5.5,4.461160227629083,84.47308748809337,0.8640140556688038,AUTO_DISPATCHED
2026-01-24T03:53:24.140604,ORD-6899,D019,Priya Wang,V059,VAN,37.3382,-121.8863,37.5485,-121.9886,385.7362584950658,0.9170224123347096,Proximity:1.00 Rating:0.84 Fuel:0.91,11,5.5,4.2189361046591545,90.77575489393726,3.031893135404997,AUTO_DISPATCHED
2026-01-24T03:53:29.997653,ORD-1116,D051,Ana Ivanova,V015,CAR,37.8044,-122.2711,37.7749,-122.4194,118.11685856269602,0.9246941677190449,Proximity:1.00 Rating:0.89 Fuel:0.68,11,5.5,4.434571419806576,67.54188057524235,0.3201207948865412,AUTO_DISPATCHED
2026-01-24T03:53:31.356130,ORD-2063,D024,Maria O'Brien,V061,CAR,37.7749,-122.4194,37.5485,-121.9886,113.71822642581124,0.9802688422626512,Proximity:1.00 Rating:1.00 Fuel:0.97,11,5.5,4.981427077587455,96.7759779108533,1.1321766165701614,AUTO_DISPATCHED
2026-01-24T03:53:32.261264,ORD-8728,D052,Jennifer Silva,V053,DRONE,37.3382,-121.8863,37.5485,-121.9886,195.17039867688374,0.8615004319353389,Proximity:1.00 Rating:1.00 Fuel:0.91,11,5.5,4.987448541463091,90.96713982583698,1.9558575569552161,AUTO_DISPATCHED
2026-01-24T03:53:40.638023,ORD-7993,D068,Yuki Hassan,V063,CAR,37.3382,-121.8863,37.5485,-121.9886,218.61461457947058,0.9341751402316234,Proximity:1.00 Rating:0.90 Fuel:0.77,11,5.5,4.484875452244272,77.32019177662474,0.8960132418467692,AUTO_DISPATCHED
2026-01-24T03:53:41.641467,ORD-9592,D062,Sophie Rodriguez,V062,BIKE,37.3382,-121.8863,37.5485,-121.9886,131.0778548402821,0.8106024075329199,Proximity:1.00 Rating:0.85 Fuel:0.90,11,5.5,4.226436125453577,90.28356631363236,3.5104309564537375,AUTO_DISPATCHED
2026-01-24T03:53:49.540167,ORD-2322,D057,Ahmed Park,V060,CAR,37.3382,-121.8863,37.7749,-122.4194,114.51105191746436,0.9216103997215257,Proximity:1.00 Rating:0.91 Fuel:0.64,11,5.5,4.563932149421807,64.21152326802985,0.5811336925912935,AUTO_DISPATCHED
2026-01-24T03:53:50.840167,ORD-4985,D009,Priya Gonzalez,V043,DRONE,37.3382,-121.8863,37.5485,-121.9886,191.2464425666521,0.8365556445774658,Proximity:1.00 Rating:0.89 Fuel:0.94,11,5.5,4.446543915002042,93.61242838000803,2.5379803674102352,AUTO_DISPATCHED
2026-01-24T03:53:52.092754,ORD-6496,D013,Emma Jones,V016,TRUCK,37.3382,-121.8863,37.5485,-121.9886,362.0042501751368,0.5773203157405519,Proximity:0.00 Rating:0.96 Fuel:0.71,11,5.5,4.804872646000488,70.57078075010925,1.6584608979705209,AUTO_DISPATCHED
2026-01-24T03:53:55.835760,ORD-6165,D005,Olivia O'Brien,V052,SCOOTER,37.3382,-121.8863,37.5485,-121.9886,395.0257239873317,0.8159313283352739,Proximity:1.00 Rating:0.92 Fuel:0.84,11,5.5,4.5798620906377625,84.47308748809337,3.517822921790131,AUTO_DISPATCHED
2026-01-24T03:53:56.441102,ORD-3147,D035,Jennifer Martin,V045,BIKE,37.7749,-122.4194,37.5485,-121.9886,333.87753288899484,0.830861330217659,Proximity:1.00 Rating:0.95 Fuel:0.84,11,5.5,4.769436765062982,83.9997087143869,2.8732562765152503,AUTO_DISPATCHED
2026-01-24T03:53:57.863852,ORD-7038,D058,Sophie Patel,V006,BIKE,37.8044,-122.2711,37.5485,-121.9886,398.0370958644146,0.8446140150264726,Proximity:1.00 Rating:0.89 Fuel:0.83,11,5.5,4.431515922276293,82.76455905600733,0.5434768358872084,AUTO_DISPATCHED
2026-01-24T03:54:03.000247,ORD-4715,D051,Ana Ivanova,V015,CAR,37.8044,-122.2711,37.5485,-121.9886,311.21011542192116,0.9246941677190449,Proximity:1.00 Rating:0.89 Fuel:0.68,11,5.5,4.434571419806576,67.54188057524235,0.3201207948865412,AUTO_DISPATCHED
2026-01-24T03:54:11.230884,ORD-4519,D008,Jennifer Ali,V059,VAN,37.8044,-122.2711,37.7749,-122.4194,121.78625482207912,0.9554866304669474,Proximity:1.00 Rating:0.87 Fuel:0.91,11,5.5,4.32932458304615,90.77575489393726,0.3079988156643556,AUTO_DISPATCHED
2026-01-24T03:54:11.903303,ORD-2250,D042,Lucas Miller,V051,SCOOTER,37.8044,-122.2711,37.5485,-121.9886,303.3180751315816,0.8677367198673338,Proximity:1.00 Rating:0.95 Fuel:1.00,11,5.5,4.740595623722519,99.75612167804312,1.7217030078905187,AUTO_DISPATCHED
2026-01-24T03:54:13.201770,ORD-8198,D030,Olivia Park,V010,SCOOTER,37.8044,-122.2711,37.5485,-121.9886,208.7663173410721,0.8414183946119026,Proximity:1.00 Rating:0.94 Fuel:0.83,11,5.5,4.69034388570365,82.65860168369365,1.6146610673427135,AUTO_DISPATCHED
2026-01-24T03:54:22.505514,ORD-7723,D052,Jennifer Silva,V033,SCOOTER,37.3382,-121.8863,37.8044,-122.2711,462.8507254634403,0.8672033441358674,Proximity:1.00 Rating:1.00 Fuel:0.95,11,5.5,4.987448541463091,94.76908129285601,1.9558575569552161,AUTO_DISPATCHED
2026-01-24T03:54:23.258755,ORD-5014,D063,Ahmed Chen,V053,DRONE,37.7749,-122.4194,37.8044,-122.2711,160.57205268705007,0.8702888016931258,Proximity:1.00 Rating:1.00 Fuel:0.91,11,5.5,4.988889005103033,90.96713982583698,1.2573974599800755,AUTO_DISPATCHED
2026-01-24T03:54:29.559673,ORD-7132,D029,David Johnson,V063,CAR,37.7749,-122.4194,37.5485,-121.9886,251.77043688562387,0.9415927103689502,Proximity:1.00 Rating:0.97 Fuel:0.77,11,5.5,4.8344684961141144,77.32019177662474,1.421305371244109,AUTO_DISPATCHED
2026-01-24T03:54:30.157055,ORD-3716,D016,Emily Silva,V062,BIKE,37.7749,-122.4194,37.8044,-122.2711,192.86870957015128,0.8530715828797517,Proximity:1.00 Rating:0.89 Fuel:0.90,11,5.5,4.461160227629083,90.28356631363236,0.8640140556688038,AUTO_DISPATCHED
2026-01-24T03:54:31.447712,ORD-4217,D064,Sophie Ali,V040,VAN,37.8044,-122.2711,37.7749,-122.4194,268.78316525677644,0.9197606806789361,Proximity:1.00 Rating:0.95 Fuel:0.70,11,5.5,4.7546427623976895,69.93382847234776,2.0260618020394525,AUTO_DISPATCHED
2026-01-24T03:54:37.848707,ORD-3967,D012,Sarah Farooq,V016,TRUCK,37.7749,-122.4194,37.8044,-122.2711,276.11145903288195,0.9069495774037336,Proximity:1.00 Rating:0.96 Fuel:0.71,11,5.5,4.786109873355396,70.57078075010925,3.2280790924516944,AUTO_DISPATCHED
2026-01-24T03:54:42.979373,ORD-6416,D013,Emma Jones,V059,VAN,37.8044,-122.2711,37.5485,-121.9886,356.2150780400688,0.9576277769562939,Proximity:1.00 Rating:0.96 Fuel:0.91,11,5.5,4.804872646000488,90.77575489393726,1.6584608979705209,AUTO_DISPATCHED
2026-01-24T03:54:43.902943,ORD-3461,D060,Sarah Zhang,V043,DRONE,37.3382,-121.8863,37.7749,-122.4194,117.11200346293182,0.8883153895426349,Proximity:1.00 Rating:1.00 Fuel:0.94,11,5.5,4.9973211816342875,93.61242838000803,0.15968802341988564,AUTO_DISPATCHED
2026-01-24T03:54:47.025200,ORD-5334,D068,Yuki Hassan,V052,SCOOTER,37.3382,-121.8863,37.8044,-122.2711,497.7703258026856,0.8449044837988263,Proximity:1.00 Rating:0.90 Fuel:0.84,11,5.5,4.484875452244272,84.47308748809337,0.8960132418467692,AUTO_DISPATCHED
2026-01-24T03:54:47.668046,ORD-6661,D015,Alex Khan,V058,BIKE,37.7749,-122.4194,37.8044,-122.2711,485.9091399048899,0.8198911377173538,Proximity:1.00 Rating:0.98 Fuel:0.81,11,5.5,4.899363716590612,80.93210100669057,3.798524996504524,AUTO_DISPATCHED
2026-01-24T03:54:48.978658,ORD-7395,D008,Jennifer Ali,V069,SCOOTER,37.8044,-122.2711,37.7749,-122.4194,227.1409530216937,0.8401829231503087,Proximity:1.00 Rating:0.87 Fuel:0.81,11,5.5,4.32932458304615,80.57328334951148,0.3079988156643556,AUTO_DISPATCHED
2026-01-24T03:54:57.011699,ORD-3660,D061,Jennifer Taylor,V053,DRONE,37.7749,-122.4194,37.8044,-122.2711,432.7686985374759,0.8846904374771686,Proximity:1.00 Rating:1.00 Fuel:0.91,11,5.5,4.991693302417388,90.96713982583698,0.11424034866259047,AUTO_DISPATCHED
2026-01-24T03:55:01.411319,ORD-6257,D024,Maria O'Brien,V061,CAR,37.7749,-122.4194,37.8044,-122.2711,395.8058537174301,0.9802688422626512,Proximity:1.00 Rating:1.00 Fuel:0.97,11,5.5,4.981427077587455,96.7759779108533,1.1321766165701614,AUTO_DISPATCHED
2026-01-24T03:55:02.368764,ORD-4010,D009,Priya Gonzalez,V040,VAN,37.3382,-121.8863,37.5485,-121.9886,122.31944170783824,0.9010377447159754,Proximity:1.00 Rating:0.89 Fuel:0.70,11,5.5,4.446543915002042,69.93382847234776,2.5379803674102352,AUTO_DISPATCHED
2026-01-24T03:55:11.932469,ORD-8880,D063,Ahmed Chen,V016,TRUCK,37.7749,-122.4194,37.8044,-122.2711,300.5596681283943,0.9396942630795343,Proximity:1.00 Rating:1.00 Fuel:0.71,11,5.5,4.988889005103033,70.57078075010925,1.2573974599800755,AUTO_DISPATCHED
2026-01-24T03:55:17.448285,ORD-1797,D051,Ana Ivanova,V015,CAR,37.8044,-122.2711,37.7749,-122.4194,251.27132336798593,0.9246941677190449,Proximity:1.00 Rating:0.89 Fuel:0.68,11,5.5,4.434571419806576,67.54188057524235,0.3201207948865412,AUTO_DISPATCHED
2026-01-24T03:55:18.104741,ORD-5931,D016,Emily Silva,V062,BIKE,37.7749,-122.4194,37.5485,-121.9886,471.83555185023283,0.8530715828797517,Proximity:1.00 Rating:0.89 Fuel:0.90,11,5.5,4.461160227629083,90.28356631363236,0.8640140556688038,AUTO_DISPATCHED
2026-01-24T03:55:19.076077,ORD-1534,D058,Sophie Patel,V023,DRONE,37.8044,-122.2711,37.7749,-122.4194,388.92840320375734,0.8540515126329242,Proximity:1.00 Rating:0.89 Fuel:0.89,11,5.5,4.431515922276293,89.05622412697507,0.5434768358872084,AUTO_DISPATCHED
2026-01-24T03:55:25.114211,ORD-4825,D008,Jennifer Ali,V051,SCOOTER,37.8044,-122.2711,37.5485,-121.9886,134.7431839970323,0.8689571806431061,Proximity:1.00 Rating:0.87 Fuel:1.00,11,5.5,4.32932458304615,99.75612167804312,0.3079988156643556,AUTO_DISPATCHED
2026-01-24T03:55:28.121344,ORD-6221,D061,Jennifer Taylor,V053,DRONE,37.7749,-122.4194,37.8044,-122.2711,469.02046922728846,0.8846904374771686,Proximity:1.00 Rating:1.00 Fuel:0.91,11,5.5,4.991693302417388,90.96713982583698,0.11424034866259047,AUTO_DISPATCHED
2026-01-24T03:55:28.653636,ORD-6037,D005,Olivia O'Brien,V045,BIKE,37.3382,-121.8863,37.8044,-122.2711,213.58371139858076,0.8152212601747142,Proximity:1.00 Rating:0.92 Fuel:0.84,11,5.5,4.5798620906377625,83.9997087143869,3.517822921790131,AUTO_DISPATCHED
2026-01-24T03:55:29.481077,ORD-9037,D042,Lucas Miller,V006,BIKE,37.8044,-122.2711,37.7749,-122.4194,320.0834417745749,0.8422493759342802,Proximity:1.00 Rating:0.95 Fuel:0.83,11,5.5,4.740595623722519,82.76455905600733,1.7217030078905187,AUTO_DISPATCHED
2026-01-24T03:55:36.311361,ORD-6441,D024,Maria O'Brien,V044,CAR,37.7749,-122.4194,37.8044,-122.2711,240.83727756949537,0.9447787223075167,Proximity:1.00 Rating:1.00 Fuel:0.73,11,5.5,4.981427077587455,73.11589794076367,1.1321766165701614,AUTO_DISPATCHED
2026-01-24T03:55:37.154212,ORD-6509,D064,Sophie Ali,V010,SCOOTER,37.8044,-122.2711,37.5485,-121.9886,240.1891215178789,0.8388478404959548,Proximity:1.00 Rating:0.95 Fuel:0.83,11,5.5,4.7546427623976895,82.65860168369365,2.0260618020394525,AUTO_DISPATCHED
2026-01-24T03:55:43.358240,ORD-3836,D055,Omar Gonzalez,V016,TRUCK,37.7749,-122.4194,37.8044,-122.2711,215.90673182604758,0.9312194873095203,Proximity:1.00 Rating:0.94 Fuel:0.71,11,5.5,4.715126305335697,70.57078075010925,1.05933888232572,AUTO_DISPATCHED
2026-01-24T03:55:49.551533,ORD-5902,D035,Jennifer Martin,V040,VAN,37.7749,-122.4194,37.5485,-121.9886,403.31185378468024,0.9097625098546004,Proximity:1.00 Rating:0.95 Fuel:0.70,11,5.5,4.769436765062982,69.93382847234776,2.8732562765152503,AUTO_DISPATCHED
2026-01-24T03:55:50.861802,ORD-3447,D012,Sarah Farooq,V015,CAR,37.7749,-122.4194,37.5485,-121.9886,267.1013420449577,0.9024062271414331,Proximity:1.00 Rating:0.96 Fuel:0.68,11,5.5,4.786109873355396,67.54188057524235,3.2280790924516944,AUTO_DISPATCHED
2026-01-24T03:55:59.233727,ORD-2792,D057,Ahmed Park,V059,VAN,37.3382,-121.8863,37.5485,-121.9886,411.9140244202649,0.961456747160387,Proximity:1.00 Rating:0.91 Fuel:0.91,11,5.5,4.563932149421807,90.77575489393726,0.5811336925912935,AUTO_DISPATCHED
2026-01-24T03:55:59.972401,ORD-6513,D061,Jennifer Taylor,V063,CAR,37.7749,-122.4194,37.5485,-121.9886,333.2632976119843,0.9642200154033501,Proximity:1.00 Rating:1.00 Fuel:0.77,11,5.5,4.991693302417388,77.32019177662474,0.11424034866259047,AUTO_DISPATCHED
2026-01-24T03:56:01.292724,ORD-2458,D051,Ana Ivanova,V060,CAR,37.8044,-122.2711,37.5485,-121.9886,308.9460524039475,0.919698631758226,Proximity:1.00 Rating:0.89 Fuel:0.64,11,5.5,4.434571419806576,64.21152326802985,0.3201207948865412,AUTO_DISPATCHED
2026-01-24T03:56:05.199982,ORD-5669,D009,Priya Gonzalez,V053,DRONE,37.3382,-121.8863,37.8044,-122.2711,359.6511433973842,0.8325877117462093,Proximity:1.00 Rating:0.89 Fuel:0.91,11,5.5,4.446543915002042,90.96713982583698,2.5379803674102352,AUTO_DISPATCHED
2026-01-24T03:56:06.469612,ORD-9653,D020,Sarah Johnson,V044,CAR,37.3382,-121.8863,37.8044,-122.2711,330.9176963080146,0.8957063250928899,Proximity:1.00 Rating:0.89 Fuel:0.73,11,5.5,4.433399134725255,73.11589794076367,3.3042789765812635,AUTO_DISPATCHED
2026-01-24T03:56:13.794643,ORD-4664,D032,Jennifer Garcia,V016,TRUCK,37.8044,-122.2711,37.5485,-121.9886,454.8963912651425,0.9254844173360266,Proximity:1.00 Rating:0.86 Fuel:0.71,11,5.5,4.312263848126469,70.57078075010925,0.22898461713567997,AUTO_DISPATCHED
2026-01-24T03:56:14.638263,ORD-8195,D063,Ahmed Chen,V033,SCOOTER,37.7749,-122.4194,37.5485,-121.9886,244.21721102196435,0.8759917138936544,Proximity:1.00 Rating:1.00 Fuel:0.95,11,5.5,4.988889005103033,94.76908129285601,1.2573974599800755,AUTO_DISPATCHED
2026-01-24T03:56:24.511355,ORD-9340,D042,Lucas Miller,V023,DRONE,37.8044,-122.2711,37.5485,-121.9886,352.9349189782763,0.8516868735407318,Proximity:1.00 Rating:0.95 Fuel:0.89,11,5.5,4.740595623722519,89.05622412697507,1.7217030078905187,AUTO_DISPATCHED
2026-01-24T03:56:29.046820,ORD-2344,D052,Jennifer Silva,V006,BIKE,37.3382,-121.8863,37.5485,-121.9886,423.59961025807263,0.8491965607805944,Proximity:1.00 Rating:1.00 Fuel:0.83,11,5.5,4.987448541463091,82.76455905600733,1.9558575569552161,AUTO_DISPATCHED
2026-01-24T03:56:37.522850,ORD-9499,D029,David Johnson,V051,SCOOTER,37.7749,-122.4194,37.5485,-121.9886,442.28207415219947,0.8752466052210779,Proximity:1.00 Rating:0.97 Fuel:1.00,11,5.5,4.8344684961141144,99.75612167804312,1.421305371244109,AUTO_DISPATCHED
2026-01-24T03:56:41.405390,ORD-8974,D068,Yuki Hassan,V052,SCOOTER,37.3382,-121.8863,37.5485,-121.9886,229.39816402655362,0.8449044837988263,Proximity:1.00 Rating:0.90 Fuel:0.84,11,5.5,4.484875452244272,84.47308748809337,0.8960132418467692,AUTO_DISPATCHED
2026-01-24T03:56:42.544198,ORD-9119,D015,Alex Khan,V059,VAN,37.7749,-122.4194,37.8044,-122.2711,478.9744750001229,0.9346566185482238,Proximity:1.00 Rating:0.98 Fuel:0.91,11,5.5,4.899363716590612,90.77575489393726,3.798524996504524,AUTO_DISPATCHED
2026-01-24T03:56:43.421974,ORD-8480,D008,Jennifer Ali,V058,BIKE,37.8044,-122.2711,37.7749,-122.4194,163.30438033361054,0.8407211496360774,Proximity:1.00 Rating:0.87 Fuel:0.81,11,5.5,4.32932458304615,80.93210100669057,0.3079988156643556,AUTO_DISPATCHED
2026-01-24T03:56:50.211665,ORD-8262,D016,Emily Silva,V062,BIKE,37.7749,-122.4194,37.5485,-121.9886,215.14970389401327,0.8530715828797517,Proximity:1.00 Rating:0.89 Fuel:0.90,11,5.5,4.461160227629083,90.28356631363236,0.8640140556688038,AUTO_DISPATCHED
2026-01-24T03:56:54.503544,ORD-8691,D031,Kevin Ivanova,V010,SCOOTER,37.7749,-122.4194,37.8044,-122.2711,117.55759468003761,0.8224790832483755,Proximity:1.00 Rating:0.85 Fuel:0.83,11,5.5,4.249637123736169,82.65860168369365,1.7195443381289395,AUTO_DISPATCHED
2026-01-24T03:56:55.922837,ORD-6508,D047,David Martin,V069,SCOOTER,37.7749,-122.4194,37.8044,-122.2711,154.74394528290912,0.8142074967355759,Proximity:1.00 Rating:0.86 Fuel:0.81,11,5.5,4.324906003089435,80.57328334951148,2.3718934729814967,AUTO_DISPATCHED
2026-01-24T03:57:01.076566,ORD-8202,D064,Sophie Ali,V024,SCOOTER,37.8044,-122.2711,37.7749,-122.4194,288.70949081010093,0.8352048188644592,Proximity:1.00 Rating:0.95 Fuel:0.80,11,5.5,4.7546427623976895,80.22992059602993,2.0260618020394525,AUTO_DISPATCHED
2026-01-24T03:57:01.980197,ORD-3512,D057,Ahmed Park,V028,DRONE,37.3382,-121.8863,37.8044,-122.2711,192.37506497057052,0.8455126828975539,Proximity:1.00 Rating:0.91 Fuel:0.80,11,5.5,4.563932149421807,80.14637871871523,0.5811336925912935,AUTO_DISPATCHED
2026-01-24T03:57:02.544422,ORD-1377,D019,Priya Wang,V032,DRONE,37.3382,-121.8863,37.8044,-122.2711,454.34454117271474,0.800019518814976,Proximity:1.00 Rating:0.84 Fuel:0.79,11,5.5,4.2189361046591545,79.44049254744827,3.031893135404997,AUTO_DISPATCHED
2026-01-24T03:57:08.898437,ORD-4091,D038,Robert Rodriguez,V042,SCOOTER,37.7749,-122.4194,37.5485,-121.9886,404.92118632797025,0.7946513389559755,Proximity:1.00 Rating:0.86 Fuel:0.79,11,5.5,4.279148272327803,78.93385831360524,3.5932303526035523,AUTO_DISPATCHED
2026-01-24T03:57:09.544638,ORD-2948,D045,Mohammed Lee,V011,BIKE,37.7749,-122.4194,37.8044,-122.2711,304.7448993024291,0.4819239016314689,Proximity:0.00 Rating:0.90 Fuel:0.78,11,5.5,4.5070301486595685,78.15231636762965,1.2468623093086637,AUTO_DISPATCHED
2026-01-24T03:57:10.401444,ORD-2027,D051,Ana Ivanova,V060,CAR,37.7749,-122.4194,37.8044,-122.2711,325.3687219188091,0.5696986317582261,Proximity:0.00 Rating:0.89 Fuel:0.64,11,5.5,4.434571419806576,64.21152326802985,0.3201207948865412,AUTO_DISPATCHED
2026-01-24T03:57:18.755821,ORD-4322,D008,Jennifer Ali,V021,CAR,37.8044,-122.2711,37.7749,-122.4194,234.40090324815864,0.9469401663393695,Proximity:1.00 Rating:0.87 Fuel:0.85,11,5.5,4.32932458304615,85.07811214221863,0.3079988156643556,AUTO_DISPATCHED
2026-01-24T03:57:20.060988,ORD-3521,D035,Jennifer Martin,V040,VAN,37.7749,-122.4194,37.8044,-122.2711,265.9395325435007,0.9097625098546004,Proximity:1.00 Rating:0.95 Fuel:0.70,11,5.5,4.769436765062982,69.93382847234776,2.8732562765152503,AUTO_DISPATCHED
2026-01-24T03:57:21.363326,ORD-2537,D041,Yuki O'Brien,V015,CAR,37.8044,-122.2711,37.7749,-122.4194,337.04792233963803,0.9101939706138866,Proximity:1.00 Rating:0.86 Fuel:0.68,11,5.5,4.283114697716467,67.54188057524235,0.9954750526108538,AUTO_DISPATCHED
2026-01-24T03:57:24.307406,ORD-4446,D032,Jennifer Garcia,V016,TRUCK,37.8044,-122.2711,37.5485,-121.9886,401.9516316511225,0.9254844173360266,Proximity:1.00 Rating:0.86 Fuel:0.71,11,5.5,4.312263848126469,70.57078075010925,0.22898461713567997,AUTO_DISPATCHED
2026-01-24T03:57:25.354815,ORD-6766,D065,Jennifer Taylor,V052,SCOOTER,37.8044,-122.2711,37.5485,-121.9886,381.1121348557269,0.8342751401444174,Proximity:1.00 Rating:0.94 Fuel:0.84,11,5.5,4.681769802358129,84.47308748809337,2.376422654563828,AUTO_DISPATCHED
2026-01-24T03:57:29.771755,ORD-4689,D036,Daniel Farooq,V063,CAR,37.8044,-122.2711,37.7749,-122.4194,157.78789961117545,0.9220487755197293,Proximity:1.00 Rating:0.85 Fuel:0.77,11,5.5,4.260564375983773,77.32019177662474,1.148326974764684,AUTO_DISPATCHED
2026-01-24T03:57:31.225854,ORD-2626,D052,Jennifer Silva,V045,BIKE,37.3382,-121.8863,37.7749,-122.4194,105.84455092249358,0.8510492852681637,Proximity:1.00 Rating:1.00 Fuel:0.84,11,5.5,4.987448541463091,83.9997087143869,1.9558575569552161,AUTO_DISPATCHED
2026-01-24T03:57:40.078303,ORD-2255,D042,Lucas Miller,V023,DRONE,37.8044,-122.2711,37.5485,-121.9886,404.48069418243244,0.8516868735407318,Proximity:1.00 Rating:0.95 Fuel:0.89,11,5.5,4.740595623722519,89.05622412697507,1.7217030078905187,AUTO_DISPATCHED
2026-01-24T03:57:41.132287,ORD-4391,D061,Jennifer Taylor,V060,CAR,37.7749,-122.4194,37.5485,-121.9886,172.2932697928776,0.9445570126404578,Proximity:1.00 Rating:1.00 Fuel:0.64,11,5.5,4.991693302417388,64.21152326802985,0.11424034866259047,AUTO_DISPATCHED
2026-01-24T03:57:42.510114,ORD-2082,D063,Ahmed Chen,V033,SCOOTER,37.7749,-122.4194,37.8044,-122.2711,164.0071728453401,0.8759917138936544,Proximity:1.00 Rating:1.00 Fuel:0.95,11,5.5,4.988889005103033,94.76908129285601,1.2573974599800755,AUTO_DISPATCHED
2026-01-24T03:57:51.048813,ORD-8498,D035,Jennifer Martin,V021,CAR,37.7749,-122.4194,37.5485,-121.9886,184.9254271264926,0.9324789353594066,Proximity:1.00 Rating:0.95 Fuel:0.85,11,5.5,4.769436765062982,85.07811214221863,2.8732562765152503,AUTO_DISPATCHED
2026-01-24T03:57:52.225093,ORD-1643,D068,Yuki Hassan,V040,VAN,37.3382,-121.8863,37.7749,-122.4194,168.209323749071,0.923095595275208,Proximity:1.00 Rating:0.90 Fuel:0.70,11,5.5,4.484875452244272,69.93382847234776,0.8960132418467692,AUTO_DISPATCHED
2026-01-24T03:57:53.177361,ORD-9764,D012,Sarah Farooq,V015,CAR,37.7749,-122.4194,37.5485,-121.9886,308.1568595257593,0.9024062271414331,Proximity:1.00 Rating:0.96 Fuel:0.68,11,5.5,4.786109873355396,67.54188057524235,3.2280790924516944,AUTO_DISPATCHED
2026-01-24T03:58:02.165079,ORD-9572,D015,Alex Khan,V044,CAR,37.7749,-122.4194,37.8044,-122.2711,396.94139767983046,0.9081668331184635,Proximity:1.00 Rating:0.98 Fuel:0.73,11,5.5,4.899363716590612,73.11589794076367,3.798524996504524,AUTO_DISPATCHED
2026-01-24T03:58:03.351321,ORD-1788,D009,Priya Gonzalez,V053,DRONE,37.3382,-121.8863,37.5485,-121.9886,373.59898680893934,0.8325877117462093,Proximity:1.00 Rating:0.89 Fuel:0.91,11,5.5,4.446543915002042,90.96713982583698,2.5379803674102352,AUTO_DISPATCHED
2026-01-24T03:58:07.636445,ORD-8896,D029,David Johnson,V051,SCOOTER,37.7749,-122.4194,37.8044,-122.2711,333.3671889410349,0.8752466052210779,Proximity:1.00 Rating:0.97 Fuel:1.00,11,5.5,4.8344684961141144,99.75612167804312,1.421305371244109,AUTO_DISPATCHED
2026-01-24T03:58:15.010942,ORD-7257,D063,Ahmed Chen,V033,SCOOTER,37.7749,-122.4194,37.8044,-122.2711,383.62996213652156,0.8759917138936544,Proximity:1.00 Rating:1.00 Fuel:0.95,11,5.5,4.988889005103033,94.76908129285601,1.2573974599800755,AUTO_DISPATCHED
2026-01-24T03:58:22.857518,ORD-3871,D005,Olivia O'Brien,V062,BIKE,37.3382,-121.8863,37.5485,-121.9886,259.3329393006103,0.8246470465735823,Proximity:1.00 Rating:0.92 Fuel:0.90,11,5.5,4.5798620906377625,90.28356631363236,3.517822921790131,AUTO_DISPATCHED
2026-01-24T03:58:28.555838,ORD-9910,D020,Sarah Johnson,V006,BIKE,37.3382,-121.8863,37.7749,-122.4194,292.05545567916283,0.8101793167657554,Proximity:1.00 Rating:0.89 Fuel:0.83,11,5.5,4.433399134725255,82.76455905600733,3.3042789765812635,AUTO_DISPATCHED
2026-01-24T03:58:29.588090,ORD-7797,D013,Emma Jones,V010,SCOOTER,37.8044,-122.2711,37.5485,-121.9886,173.91527575921685,0.8454520471409285,Proximity:1.00 Rating:0.96 Fuel:0.83,11,5.5,4.804872646000488,82.65860168369365,1.6584608979705209,AUTO_DISPATCHED
2026-01-24T03:58:30.778647,ORD-5785,D008,Jennifer Ali,V058,BIKE,37.8044,-122.2711,37.7749,-122.4194,470.2435630282855,0.8407211496360774,Proximity:1.00 Rating:0.87 Fuel:0.81,11,5.5,4.32932458304615,80.93210100669057,0.3079988156643556,AUTO_DISPATCHED
2026-01-24T03:58:36.931300,ORD-1877,D040,Emily Davis,V044,CAR,37.3382,-121.8863,37.8044,-122.2711,240.72021382241059,0.8830291488178127,Proximity:1.00 Rating:0.84 Fuel:0.73,11,5.5,4.213647917868343,73.11589794076367,3.6152491846453194,AUTO_DISPATCHED
2026-01-24T03:58:40.506628,ORD-8587,D024,Maria O'Brien,V027,TRUCK,37.3382,-121.8863,37.8044,-122.2711,314.05359672059353,0.6266715495514844,Proximity:0.00 Rating:1.00 Fuel:0.94,11,5.5,4.981427077587455,94.37778277007546,1.1321766165701614,AUTO_DISPATCHED
2026-01-24T03:58:41.086206,ORD-3999,D055,Omar Gonzalez,V051,SCOOTER,37.3382,-121.8863,37.7749,-122.4194,463.0038000205865,0.524997498701421,Proximity:0.00 Rating:0.94 Fuel:1.00,11,5.5,4.715126305335697,99.75612167804312,1.05933888232572,AUTO_DISPATCHED
2026-01-24T03:58:45.436566,ORD-8438,D063,Ahmed Chen,V033,SCOOTER,37.3382,-121.8863,37.8044,-122.2711,372.80266631512995,0.5259917138936544,Proximity:0.00 Rating:1.00 Fuel:0.95,11,5.5,4.988889005103033,94.76908129285601,1.2573974599800755,AUTO_DISPATCHED
2026-01-24T03:58:46.344650,ORD-2734,D016,Emily Silva,V052,SCOOTER,37.7749,-122.4194,37.8044,-122.2711,300.0000365799819,0.8443558646414433,Proximity:1.00 Rating:0.89 Fuel:0.84,11,5.5,4.461160227629083,84.47308748809337,0.8640140556688038,AUTO_DISPATCHED
2026-01-24T03:58:47.718097,ORD-7122,D032,Jennifer Garcia,V053,DRONE,37.8044,-122.2711,37.5485,-121.9886,381.4169616741877,0.8560789559496182,Proximity:1.00 Rating:0.86 Fuel:0.91,11,5.5,4.312263848126469,90.96713982583698,0.22898461713567997,AUTO_DISPATCHED
2026-01-24T03:58:56.127336,ORD-8142,D015,Alex Khan,V023,DRONE,37.7749,-122.4194,37.8044,-122.2711,269.31975203124864,0.8320773223977805,Proximity:1.00 Rating:0.98 Fuel:0.89,11,5.5,4.899363716590612,89.05622412697507,3.798524996504524,AUTO_DISPATCHED
2026-01-24T03:59:01.542648,ORD-3918,D008,Jennifer Ali,V058,BIKE,37.8044,-122.2711,37.7749,-122.4194,181.1125778417457,0.8407211496360774,Proximity:1.00 Rating:0.87 Fuel:0.81,11,5.5,4.32932458304615,80.93210100669057,0.3079988156643556,AUTO_DISPATCHED
2026-01-24T03:59:02.861093,ORD-6257,D057,Ahmed Park,V069,SCOOTER,37.3382,-121.8863,37.8044,-122.2711,363.59739551868256,0.8461530398437482,Proximity:1.00 Rating:0.91 Fuel:0.81,11,5.5,4.563932149421807,80.57328334951148,0.5811336925912935,AUTO_DISPATCHED
2026-01-24T03:59:03.751664,ORD-8596,D042,Lucas Miller,V024,SCOOTER,37.8044,-122.2711,37.7749,-122.4194,443.42254697853724,0.838447418244314,Proximity:1.00 Rating:0.95 Fuel:0.80,11,5.5,4.740595623722519,80.22992059602993,1.7217030078905187,AUTO_DISPATCHED
2026-01-24T03:59:09.841166,ORD-9708,D006,Sophie Anderson,V031,VAN,37.8044,-122.2711,37.7749,-122.4194,488.3983140560789,0.9658346017507277,Proximity:1.00 Rating:0.96 Fuel:0.95,11,5.5,4.789127571466042,94.5241098423709,1.401333269717623,AUTO_DISPATCHED
2026-01-24T03:59:11.287445,ORD-1712,D009,Priya Gonzalez,V062,BIKE,37.3382,-121.8863,37.8044,-122.2711,144.36929959762526,0.8315623514779024,Proximity:1.00 Rating:0.89 Fuel:0.90,11,5.5,4.446543915002042,90.28356631363236,2.5379803674102352,AUTO_DISPATCHED
2026-01-24T03:59:12.180273,ORD-1908,D047,David Martin,V028,DRONE,37.7749,-122.4194,37.8044,-122.2711,445.1698949827149,0.8135671397893816,Proximity:1.00 Rating:0.86 Fuel:0.80,11,5.5,4.324906003089435,80.14637871871523,2.3718934729814967,AUTO_DISPATCHED
2026-01-24T03:59:19.508552,ORD-6581,D005,Olivia O'Brien,V021,CAR,37.3382,-121.8863,37.5485,-121.9886,483.04994282616667,0.9168388653164619,Proximity:1.00 Rating:0.92 Fuel:0.85,11,5.5,4.5798620906377625,85.07811214221863,3.517822921790131,AUTO_DISPATCHED
2026-01-24T03:59:24.041928,ORD-8537,D016,Emily Silva,V015,CAR,37.7749,-122.4194,37.8044,-122.2711,207.55150287527337,0.9189590542721667,Proximity:1.00 Rating:0.89 Fuel:0.68,11,5.5,4.461160227629083,67.54188057524235,0.8640140556688038,AUTO_DISPATCHED
2026-01-24T03:59:29.864668,ORD-4682,D019,Priya Wang,V023,DRONE,37.3382,-121.8863,37.5485,-121.9886,167.58374253412498,0.8144431161842662,Proximity:1.00 Rating:0.84 Fuel:0.89,11,5.5,4.2189361046591545,89.05622412697507,3.031893135404997,AUTO_DISPATCHED
2026-01-24T03:59:37.776910,ORD-1822,D008,Jennifer Ali,V052,SCOOTER,37.8044,-122.2711,37.5485,-121.9886,222.56381516788895,0.8460326293581816,Proximity:1.00 Rating:0.87 Fuel:0.84,11,5.5,4.32932458304615,84.47308748809337,0.3079988156643556,AUTO_DISPATCHED
2026-01-24T03:59:38.633191,ORD-9672,D052,Jennifer Silva,V045,BIKE,37.3382,-121.8863,37.5485,-121.9886,421.9125971619212,0.8510492852681637,Proximity:1.00 Rating:1.00 Fuel:0.84,11,5.5,4.987448541463091,83.9997087143869,1.9558575569552161,AUTO_DISPATCHED
2026-01-24T03:59:46.803055,ORD-5768,D006,Sophie Anderson,V031,VAN,37.8044,-122.2711,37.5485,-121.9886,462.66938361850964,0.9658346017507277,Proximity:1.00 Rating:0.96 Fuel:0.95,11,5.5,4.789127571466042,94.5241098423709,1.401333269717623,AUTO_DISPATCHED
2026-01-24T03:59:47.826236,ORD-7598,D058,Sophie Patel,V010,SCOOTER,37.3382,-121.8863,37.5485,-121.9886,384.6890344875479,0.4944550789680021,Proximity:0.00 Rating:0.89 Fuel:0.83,11,5.5,4.431515922276293,82.65860168369365,0.5434768358872084,AUTO_DISPATCHED
2026-01-24T03:59:54.422538,ORD-5259,D068,Yuki Hassan,V040,VAN,37.3382,-121.8863,37.7749,-122.4194,216.34046468181216,0.923095595275208,Proximity:1.00 Rating:0.90 Fuel:0.70,11,5.5,4.484875452244272,69.93382847234776,0.8960132418467692,AUTO_DISPATCHED
2026-01-24T03:59:54.980267,ORD-8274,D042,Lucas Miller,V015,CAR,37.8044,-122.2711,37.7749,-122.4194,481.75310416869047,0.9194153582131327,Proximity:1.00 Rating:0.95 Fuel:0.68,11,5.5,4.740595623722519,67.54188057524235,1.7217030078905187,AUTO_DISPATCHED
2026-01-24T04:00:01.264356,ORD-3307,D032,Jennifer Garcia,V053,DRONE,37.8044,-122.2711,37.5485,-121.9886,109.82763990323474,0.8560789559496182,Proximity:1.00 Rating:0.86 Fuel:0.91,11,5.5,4.312263848126469,90.96713982583698,0.22898461713567997,AUTO_DISPATCHED
2026-01-24T04:00:02.481656,ORD-3747,D016,Emily Silva,V058,BIKE,37.3382,-121.8863,37.8044,-122.2711,289.57733582098655,0.4890443849193391,Proximity:0.00 Rating:0.89 Fuel:0.81,11,5.5,4.461160227629083,80.93210100669057,0.8640140556688038,AUTO_DISPATCHED
2026-01-24T04:00:09.481298,ORD-6960,D030,Olivia Park,V021,CAR,37.8044,-122.2711,37.5485,-121.9886,461.45629611995116,0.94504766029969,Proximity:1.00 Rating:0.94 Fuel:0.85,11,5.5,4.69034388570365,85.07811214221863,1.6146610673427135,AUTO_DISPATCHED
2026-01-24T04:00:10.187233,ORD-2142,D035,Jennifer Martin,V024,SCOOTER,37.7749,-122.4194,37.5485,-121.9886,191.94070824894692,0.8252066480401234,Proximity:1.00 Rating:0.95 Fuel:0.80,11,5.5,4.769436765062982,80.22992059602993,2.8732562765152503,AUTO_DISPATCHED
2026-01-24T04:00:15.561298,ORD-5768,D064,Sophie Ali,V023,DRONE,37.8044,-122.2711,37.5485,-121.9886,271.10048836320425,0.848444274160877,Proximity:1.00 Rating:0.95 Fuel:0.89,11,5.5,4.7546427623976895,89.05622412697507,2.0260618020394525,AUTO_DISPATCHED
2026-01-24T04:00:17.026650,ORD-7920,D045,Mohammed Lee,V028,DRONE,37.8044,-122.2711,37.5485,-121.9886,155.25931667553482,0.8349149951580973,Proximity:1.00 Rating:0.90 Fuel:0.80,11,5.5,4.5070301486595685,80.14637871871523,1.2468623093086637,AUTO_DISPATCHED
2026-01-24T04:00:17.868730,ORD-6048,D041,Yuki O'Brien,V032,DRONE,37.8044,-122.2711,37.7749,-122.4194,437.0363597581398,0.8280418885721954,Proximity:1.00 Rating:0.86 Fuel:0.79,11,5.5,4.283114697716467,79.44049254744827,0.9954750526108538,AUTO_DISPATCHED
2026-01-24T04:00:24.388389,ORD-1032,D015,Alex Khan,V044,CAR,37.7749,-122.4194,37.8044,-122.2711,308.09009461910887,0.9081668331184635,Proximity:1.00 Rating:0.98 Fuel:0.73,11,5.5,4.899363716590612,73.11589794076367,3.798524996504524,AUTO_DISPATCHED
2026-01-24T04:00:31.954368,ORD-4524,D005,Olivia O'Brien,V016,TRUCK,37.3382,-121.8863,37.7749,-122.4194,382.11407657764664,0.8950778682282978,Proximity:1.00 Rating:0.92 Fuel:0.71,11,5.5,4.5798620906377625,70.57078075010925,3.517822921790131,AUTO_DISPATCHED
2026-01-24T04:00:33.134794,ORD-6252,D024,Maria O'Brien,V015,CAR,37.7749,-122.4194,37.5485,-121.9886,425.281142280631,0.9364176962592347,Proximity:1.00 Rating:1.00 Fuel:0.68,11,5.5,4.981427077587455,67.54188057524235,1.1321766165701614,AUTO_DISPATCHED
2026-01-24T04:00:34.230967,ORD-6835,D063,Ahmed Chen,V033,SCOOTER,37.7749,-122.4194,37.5485,-121.9886,147.2884008661068,0.8759917138936544,Proximity:1.00 Rating:1.00 Fuel:0.95,11,5.5,4.988889005103033,94.76908129285601,1.2573974599800755,AUTO_DISPATCHED
2026-01-24T04:00:38.478934,ORD-1685,D058,Sophie Patel,V045,BIKE,37.8044,-122.2711,37.5485,-121.9886,309.7347785221733,0.8464667395140419,Proximity:1.00 Rating:0.89 Fuel:0.84,11,5.5,4.431515922276293,83.9997087143869,0.5434768358872084,AUTO_DISPATCHED
2026-01-24T04:00:39.933824,ORD-5331,D020,Sarah Johnson,V006,BIKE,37.3382,-121.8863,37.7749,-122.4194,389.88406958752176,0.8101793167657554,Proximity:1.00 Rating:0.89 Fuel:0.83,11,5.5,4.433399134725255,82.76455905600733,3.3042789765812635,AUTO_DISPATCHED
2026-01-24T04:00:49.833435,ORD-2648,D029,David Johnson,V051,SCOOTER,37.7749,-122.4194,37.8044,-122.2711,292.5519922167023,0.8752466052210779,Proximity:1.00 Rating:0.97 Fuel:1.00,11,5.5,4.8344684961141144,99.75612167804312,1.421305371244109,AUTO_DISPATCHED
2026-01-24T04:00:55.695658,ORD-9267,D055,Omar Gonzalez,V031,VAN,37.7749,-122.4194,37.5485,-121.9886,282.89082074285994,0.9671494809479126,Proximity:1.00 Rating:0.94 Fuel:0.95,11,5.5,4.715126305335697,94.5241098423709,1.05933888232572,AUTO_DISPATCHED
2026-01-24T04:00:56.660769,ORD-7349,D012,Sarah Farooq,V044,CAR,37.7749,-122.4194,37.5485,-121.9886,405.60342424788445,0.9107672531897152,Proximity:1.00 Rating:0.96 Fuel:0.73,11,5.5,4.786109873355396,73.11589794076367,3.2280790924516944,AUTO_DISPATCHED
2026-01-24T04:00:57.456111,ORD-4094,D015,Alex Khan,V052,SCOOTER,37.7749,-122.4194,37.5485,-121.9886,280.3108513792366,0.825202617439458,Proximity:1.00 Rating:0.98 Fuel:0.84,11,5.5,4.899363716590612,84.47308748809337,3.798524996504524,AUTO_DISPATCHED
2026-01-24T04:01:05.167000,ORD-8600,D006,Sophie Anderson,V010,SCOOTER,37.8044,-122.2711,37.5485,-121.9886,279.6042115258922,0.8480363395127118,Proximity:1.00 Rating:0.96 Fuel:0.83,11,5.5,4.789127571466042,82.65860168369365,1.401333269717623,AUTO_DISPATCHED
2026-01-24T04:01:06.183752,ORD-2526,D008,Jennifer Ali,V069,SCOOTER,37.8044,-122.2711,37.7749,-122.4194,205.08900956541748,0.8401829231503087,Proximity:1.00 Rating:0.87 Fuel:0.81,11,5.5,4.32932458304615,80.57328334951148,0.3079988156643556,AUTO_DISPATCHED
2026-01-24T04:01:06.714746,ORD-9927,D057,Ahmed Park,V032,DRONE,37.3382,-121.8863,37.8044,-122.2711,405.754875747969,0.8444538536406534,Proximity:1.00 Rating:0.91 Fuel:0.79,11,5.5,4.563932149421807,79.44049254744827,0.5811336925912935,AUTO_DISPATCHED
2026-01-24T04:01:16.275558,ORD-9262,D032,Jennifer Garcia,V053,DRONE,37.8044,-122.2711,37.5485,-121.9886,128.26730536887493,0.8560789559496182,Proximity:1.00 Rating:0.86 Fuel:0.91,11,5.5,4.312263848126469,90.96713982583698,0.22898461713567997,AUTO_DISPATCHED
2026-01-24T04:01:17.249623,ORD-7280,D041,Yuki O'Brien,V042,SCOOTER,37.8044,-122.2711,37.7749,-122.4194,403.1260916666563,0.8272819372214308,Proximity:1.00 Rating:0.86 Fuel:0.79,11,5.5,4.283114697716467,78.93385831360524,0.9954750526108538,AUTO_DISPATCHED
2026-01-24T04:01:18.237926,ORD-4908,D062,Sophie Rodriguez,V011,BIKE,37.3382,-121.8863,37.7749,-122.4194,242.63486974845918,0.7924055326139159,Proximity:1.00 Rating:0.85 Fuel:0.78,11,5.5,4.226436125453577,78.15231636762965,3.5104309564537375,AUTO_DISPATCHED
2026-01-24T04:01:25.380338,ORD-4026,D051,Ana Ivanova,V021,CAR,37.8044,-122.2711,37.7749,-122.4194,235.59406466787297,0.9509985150695092,Proximity:1.00 Rating:0.89 Fuel:0.85,11,5.5,4.434571419806576,85.07811214221863,0.3201207948865412,AUTO_DISPATCHED
2026-01-24T04:01:25.991673,ORD-1240,D029,David Johnson,V051,SCOOTER,37.3382,-121.8863,37.7749,-122.4194,332.26562013677415,0.5252466052210779,Proximity:0.00 Rating:0.97 Fuel:1.00,11,5.5,4.8344684961141144,99.75612167804312,1.421305371244109,AUTO_DISPATCHED
2026-01-24T04:01:26.538230,ORD-5182,D030,Olivia Park,V023,DRONE,37.3382,-121.8863,37.5485,-121.9886,285.12763053063327,0.5010148282768248,Proximity:0.00 Rating:0.94 Fuel:0.89,11,5.5,4.69034388570365,89.05622412697507,1.6146610673427135,AUTO_DISPATCHED
2026-01-24T04:01:29.883134,ORD-1874,D031,Kevin Ivanova,V028,DRONE,37.7749,-122.4194,37.8044,-122.2711,350.9296410551143,0.8187107488009079,Proximity:1.00 Rating:0.85 Fuel:0.80,11,5.5,4.249637123736169,80.14637871871523,1.7195443381289395,AUTO_DISPATCHED
2026-01-24T04:01:33.023671,ORD-1408,D064,Sophie Ali,V014,DRONE,37.3382,-121.8863,37.5485,-121.9886,215.05199606030882,0.4818959187425775,Proximity:0.00 Rating:0.95 Fuel:0.78,11,5.5,4.7546427623976895,78.02398718144204,2.0260618020394525,AUTO_DISPATCHED
2026-01-24T04:01:37.466469,ORD-8621,D042,Lucas Miller,V069,SCOOTER,37.8044,-122.2711,37.5485,-121.9886,294.6919079702093,0.8389624623745364,Proximity:1.00 Rating:0.95 Fuel:0.81,11,5.5,4.740595623722519,80.57328334951148,1.7217030078905187,AUTO_DISPATCHED
2026-01-24T04:01:38.843435,ORD-3150,D045,Mohammed Lee,V024,SCOOTER,37.3382,-121.8863,37.8044,-122.2711,181.9595296161786,0.4850403079740694,Proximity:0.00 Rating:0.90 Fuel:0.80,11,5.5,4.5070301486595685,80.22992059602993,1.2468623093086637,AUTO_DISPATCHED
2026-01-24T04:01:40.327134,ORD-2233,D065,Jennifer Taylor,V038,BIKE,37.8044,-122.2711,37.5485,-121.9886,259.6656667907223,0.8236617723005142,Proximity:1.00 Rating:0.94 Fuel:0.77,11,5.5,4.681769802358129,77.39750892549127,2.376422654563828,AUTO_DISPATCHED
2026-01-24T04:01:46.393749,ORD-8718,D056,Michael Davis,V065,DRONE,37.3382,-121.8863,37.8044,-122.2711,174.30764668179188,0.4720394437283172,Proximity:0.00 Rating:1.00 Fuel:0.77,11,5.5,4.977998304460397,77.37143455879044,3.4510112230627494,AUTO_DISPATCHED
2026-01-24T04:01:47.375543,ORD-2498,D058,Sophie Patel,V045,BIKE,37.8044,-122.2711,37.7749,-122.4194,219.95881436966687,0.8464667395140419,Proximity:1.00 Rating:0.89 Fuel:0.84,11,5.5,4.431515922276293,83.9997087143869,0.5434768358872084,AUTO_DISPATCHED
2026-01-24T04:01:48.827597,ORD-1837,D035,Jennifer Martin,V042,SCOOTER,37.7749,-122.4194,37.8044,-122.2711,464.80087602537617,0.8232625546164865,Proximity:1.00 Rating:0.95 Fuel:0.79,11,5.5,4.769436765062982,78.93385831360524,2.8732562765152503,AUTO_DISPATCHED
2026-01-24T04:01:52.774781,ORD-4840,D016,Emily Silva,V058,BIKE,37.7749,-122.4194,37.8044,-122.2711,269.53433096414756,0.8390443849193391,Proximity:1.00 Rating:0.89 Fuel:0.81,11,5.5,4.461160227629083,80.93210100669057,0.8640140556688038,AUTO_DISPATCHED
2026-01-24T04:01:56.805458,ORD-1992,D047,David Martin,V021,CAR,37.7749,-122.4194,37.8044,-122.2711,223.3085566545795,0.9209647399246366,Proximity:1.00 Rating:0.86 Fuel:0.85,11,5.5,4.324906003089435,85.07811214221863,2.3718934729814967,AUTO_DISPATCHED
2026-01-24T04:01:58.208816,ORD-6876,D051,Ana Ivanova,V040,VAN,37.8044,-122.2711,37.7749,-122.4194,355.62417455408416,0.9282820895647029,Proximity:1.00 Rating:0.89 Fuel:0.70,11,5.5,4.434571419806576,69.93382847234776,0.3201207948865412,AUTO_DISPATCHED
2026-01-24T04:01:59.584834,ORD-6271,D068,Yuki Hassan,V036,SCOOTER,37.3382,-121.8863,37.8044,-122.2711,202.35585979745144,0.8337611246934096,Proximity:1.00 Rating:0.90 Fuel:0.77,11,5.5,4.484875452244272,77.04418141781558,0.8960132418467692,AUTO_DISPATCHED
2026-01-24T04:02:04.817517,ORD-2418,D041,Yuki O'Brien,V015,CAR,37.8044,-122.2711,37.7749,-122.4194,462.47220387616807,0.9101939706138866,Proximity:1.00 Rating:0.86 Fuel:0.68,11,5.5,4.283114697716467,67.54188057524235,0.9954750526108538,AUTO_DISPATCHED
2026-01-24T04:02:09.961446,ORD-2060,D030,Olivia Park,V033,SCOOTER,37.8044,-122.2711,37.5485,-121.9886,434.013867765658,0.8595841140256462,Proximity:1.00 Rating:0.94 Fuel:0.95,11,5.5,4.69034388570365,94.76908129285601,1.6146610673427135,AUTO_DISPATCHED
2026-01-24T04:02:10.615841,ORD-8798,D024,Maria O'Brien,V023,DRONE,37.3382,-121.8863,37.8044,-122.2711,301.0590045330814,0.5186892115868338,Proximity:0.00 Rating:1.00 Fuel:0.89,11,5.5,4.981427077587455,89.05622412697507,1.1321766165701614,AUTO_DISPATCHED
2026-01-24T04:02:20.199030,ORD-7391,D006,Sophie Anderson,V045,BIKE,37.8044,-122.2711,37.7749,-122.4194,244.56805719467965,0.8500480000587517,Proximity:1.00 Rating:0.96 Fuel:0.84,11,5.5,4.789127571466042,83.9997087143869,1.401333269717623,AUTO_DISPATCHED
2026-01-24T04:02:21.587425,ORD-4313,D063,Ahmed Chen,V010,SCOOTER,37.7749,-122.4194,37.5485,-121.9886,386.485056320224,0.8578259944799108,Proximity:1.00 Rating:1.00 Fuel:0.83,11,5.5,4.988889005103033,82.65860168369365,1.2573974599800755,AUTO_DISPATCHED
2026-01-24T04:02:29.587048,ORD-2489,D051,Ana Ivanova,V031,VAN,37.8044,-122.2711,37.7749,-122.4194,322.23802911025894,0.9651675116197377,Proximity:1.00 Rating:0.89 Fuel:0.95,11,5.5,4.434571419806576,94.5241098423709,0.3201207948865412,AUTO_DISPATCHED
2026-01-24T04:02:30.699751,ORD-9833,D058,Sophie Patel,V021,CAR,37.8044,-122.2711,37.5485,-121.9886,287.717480916642,0.9480843446557896,Proximity:1.00 Rating:0.89 Fuel:0.85,11,5.5,4.431515922276293,85.07811214221863,0.5434768358872084,AUTO_DISPATCHED
2026-01-24T04:02:31.889951,ORD-9486,D032,Jennifer Garcia,V044,CAR,37.8044,-122.2711,37.7749,-122.4194,356.69242125917657,0.9293020931220082,Proximity:1.00 Rating:0.86 Fuel:0.73,11,5.5,4.312263848126469,73.11589794076367,0.22898461713567997,AUTO_DISPATCHED
2026-01-24T04:02:35.813333,ORD-1105,D005,Olivia O'Brien,V016,TRUCK,37.3382,-121.8863,37.8044,-122.2711,137.2058867115843,0.8950778682282978,Proximity:1.00 Rating:0.92 Fuel:0.71,11,5.5,4.5798620906377625,70.57078075010925,3.517822921790131,AUTO_DISPATCHED
2026-01-24T04:02:42.517652,ORD-9845,D064,Sophie Ali,V040,VAN,37.8044,-122.2711,37.7749,-122.4194,263.32375968575184,0.9197606806789361,Proximity:1.00 Rating:0.95 Fuel:0.70,11,5.5,4.7546427623976895,69.93382847234776,2.0260618020394525,AUTO_DISPATCHED
2026-01-24T04:02:43.469816,ORD-2301,D041,Yuki O'Brien,V015,CAR,37.8044,-122.2711,37.7749,-122.4194,184.4229922133743,0.9101939706138866,Proximity:1.00 Rating:0.86 Fuel:0.68,11,5.5,4.283114697716467,67.54188057524235,0.9954750526108538,AUTO_DISPATCHED
2026-01-24T04:02:44.019973,ORD-9304,D020,Sarah Johnson,V053,DRONE,37.3382,-121.8863,37.8044,-122.2711,294.1134148724719,0.8224831879204999,Proximity:1.00 Rating:0.89 Fuel:0.91,11,5.5,4.433399134725255,90.96713982583698,3.3042789765812635,AUTO_DISPATCHED
2026-01-24T04:02:46.998325,ORD-5549,D055,Omar Gonzalez,V052,SCOOTER,37.7749,-122.4194,37.8044,-122.2711,235.51707417136868,0.8520729474164963,Proximity:1.00 Rating:0.94 Fuel:0.84,11,5.5,4.715126305335697,84.47308748809337,1.05933888232572,AUTO_DISPATCHED
2026-01-24T04:02:51.522171,ORD-3582,D016,Emily Silva,V045,BIKE,37.7749,-122.4194,37.5485,-121.9886,486.13407327055876,0.8436457964808836,Proximity:1.00 Rating:0.89 Fuel:0.84,11,5.5,4.461160227629083,83.9997087143869,0.8640140556688038,AUTO_DISPATCHED
2026-01-24T04:02:52.660622,ORD-7533,D019,Priya Wang,V006,BIKE,37.3382,-121.8863,37.8044,-122.2711,290.9658920413624,0.8050056185778146,Proximity:1.00 Rating:0.84 Fuel:0.83,11,5.5,4.2189361046591545,82.76455905600733,3.031893135404997,AUTO_DISPATCHED
2026-01-24T04:03:02.295795,ORD-5559,D006,Sophie Anderson,V031,VAN,37.8044,-122.2711,37.5485,-121.9886,236.25560437143264,0.9658346017507277,Proximity:1.00 Rating:0.96 Fuel:0.95,11,5.5,4.789127571466042,94.5241098423709,1.401333269717623,AUTO_DISPATCHED
2026-01-24T04:03:03.731858,ORD-7099,D051,Ana Ivanova,V044,CAR,37.8044,-122.2711,37.7749,-122.4194,353.3751972093297,0.9330551937673267,Proximity:1.00 Rating:0.89 Fuel:0.73,11,5.5,4.434571419806576,73.11589794076367,0.3201207948865412,AUTO_DISPATCHED
2026-01-24T04:03:04.841236,ORD-3032,D057,Ahmed Park,V058,BIKE,37.3382,-121.8863,37.7749,-122.4194,479.6347038133372,0.846691266329517,Proximity:1.00 Rating:0.91 Fuel:0.81,11,5.5,4.563932149421807,80.93210100669057,0.5811336925912935,AUTO_DISPATCHED
2026-01-24T04:03:13.385703,ORD-6686,D008,Jennifer Ali,V040,VAN,37.3382,-121.8863,37.7749,-122.4194,278.10012086764516,0.5742237408345632,Proximity:0.00 Rating:0.87 Fuel:0.70,11,5.5,4.32932458304615,69.93382847234776,0.3079988156643556,AUTO_DISPATCHED
2026-01-24T04:03:22.805318,ORD-8539,D062,Sophie Rodriguez,V015,CAR,37.3382,-121.8863,37.7749,-122.4194,196.63780154971042,0.8764898789253349,Proximity:1.00 Rating:0.85 Fuel:0.68,11,5.5,4.226436125453577,67.54188057524235,3.5104309564537375,AUTO_DISPATCHED
2026-01-24T04:03:24.069000,ORD-2031,D040,Emily Davis,V033,SCOOTER,37.3382,-121.8863,37.8044,-122.2711,200.55423437927212,0.8155089238459512,Proximity:1.00 Rating:0.84 Fuel:0.95,11,5.5,4.213647917868343,94.76908129285601,3.6152491846453194,AUTO_DISPATCHED
2026-01-24T04:03:33.624827,ORD-6514,D029,David Johnson,V051,SCOOTER,37.7749,-122.4194,37.5485,-121.9886,310.89975075830455,0.8752466052210779,Proximity:1.00 Rating:0.97 Fuel:1.00,11,5.5,4.8344684961141144,99.75612167804312,1.421305371244109,AUTO_DISPATCHED
2026-01-24T04:03:38.945664,ORD-8575,D055,Omar Gonzalez,V044,CAR,37.7749,-122.4194,37.8044,-122.2711,321.1058148276143,0.9350371630955019,Proximity:1.00 Rating:0.94 Fuel:0.73,11,5.5,4.715126305335697,73.11589794076367,1.05933888232572,AUTO_DISPATCHED
2026-01-24T04:03:39.553551,ORD-5262,D035,Jennifer Martin,V021,CAR,37.7749,-122.4194,37.8044,-122.2711,101.5710202257662,0.9324789353594066,Proximity:1.00 Rating:0.95 Fuel:0.85,11,5.5,4.769436765062982,85.07811214221863,2.8732562765152503,AUTO_DISPATCHED
2026-01-24T04:03:45.091087,ORD-5065,D061,Jennifer Taylor,V052,SCOOTER,37.3382,-121.8863,37.7749,-122.4194,427.39037897120244,0.5249493589705532,Proximity:0.00 Rating:1.00 Fuel:0.84,11,5.5,4.991693302417388,84.47308748809337,0.11424034866259047,AUTO_DISPATCHED
2026-01-24T04:03:49.968121,ORD-2066,D068,Yuki Hassan,V010,SCOOTER,37.3382,-121.8863,37.5485,-121.9886,454.47288250971644,0.8421827550922267,Proximity:1.00 Rating:0.90 Fuel:0.83,11,5.5,4.484875452244272,82.65860168369365,0.8960132418467692,AUTO_DISPATCHED
2026-01-24T04:03:50.593929,ORD-1909,D058,Sophie Patel,V069,SCOOTER,37.8044,-122.2711,37.7749,-122.4194,394.1605318449111,0.8413271014667288,Proximity:1.00 Rating:0.89 Fuel:0.81,11,5.5,4.431515922276293,80.57328334951148,0.5434768358872084,AUTO_DISPATCHED
2026-01-24T04:03:51.544787,ORD-2903,D063,Ahmed Chen,V024,SCOOTER,37.3382,-121.8863,37.7749,-122.4194,300.7950844064143,0.5041829728484153,Proximity:0.00 Rating:1.00 Fuel:0.80,11,5.5,4.988889005103033,80.22992059602993,1.2573974599800755,AUTO_DISPATCHED
2026-01-24T04:03:54.783762,ORD-8850,D030,Olivia Park,V028,DRONE,37.8044,-122.2711,37.7749,-122.4194,403.3762156222567,0.837650060164435,Proximity:1.00 Rating:0.94 Fuel:0.80,11,5.5,4.69034388570365,80.14637871871523,1.6146610673427135,AUTO_DISPATCHED
2026-01-24T04:03:55.981016,ORD-9996,D045,Mohammed Lee,V032,DRONE,37.3382,-121.8863,37.8044,-122.2711,188.74687145431494,0.48385616590119684,Proximity:0.00 Rating:0.90 Fuel:0.79,11,5.5,4.5070301486595685,79.44049254744827,1.2468623093086637,AUTO_DISPATCHED
2026-01-24T04:03:57.400359,ORD-5055,D012,Sarah Farooq,V042,SCOOTER,37.7749,-122.4194,37.8044,-122.2711,453.31526789274614,0.8194941937489775,Proximity:1.00 Rating:0.96 Fuel:0.79,11,5.5,4.786109873355396,78.93385831360524,3.2280790924516944,AUTO_DISPATCHED
2026-01-24T04:04:05.988186,ORD-5825,D041,Yuki O'Brien,V023,DRONE,37.8044,-122.2711,37.5485,-121.9886,110.90677356111959,0.8424654859414856,Proximity:1.00 Rating:0.86 Fuel:0.89,11,5.5,4.283114697716467,89.05622412697507,0.9954750526108538,AUTO_DISPATCHED
2026-01-24T04:04:06.878185,ORD-4274,D024,Maria O'Brien,V011,BIKE,37.7749,-122.4194,37.5485,-121.9886,161.85430119835655,0.8523333499478156,Proximity:1.00 Rating:1.00 Fuel:0.78,11,5.5,4.981427077587455,78.15231636762965,1.1321766165701614,AUTO_DISPATCHED
2026-01-24T04:04:13.014836,ORD-2968,D055,Omar Gonzalez,V031,VAN,37.7749,-122.4194,37.5485,-121.9886,311.69180862600524,0.9671494809479126,Proximity:1.00 Rating:0.94 Fuel:0.95,11,5.5,4.715126305335697,94.5241098423709,1.05933888232572,AUTO_DISPATCHED
2026-01-24T04:04:18.370879,ORD-3435,D016,Emily Silva,V021,CAR,37.7749,-122.4194,37.8044,-122.2711,489.26876714267047,0.9452634016226312,Proximity:1.00 Rating:0.89 Fuel:0.85,11,5.5,4.461160227629083,85.07811214221863,0.8640140556688038,AUTO_DISPATCHED
2026-01-24T04:04:19.182184,ORD-3780,D015,Alex Khan,V044,CAR,37.7749,-122.4194,37.8044,-122.2711,196.24150245812376,0.9081668331184635,Proximity:1.00 Rating:0.98 Fuel:0.73,11,5.5,4.899363716590612,73.11589794076367,3.798524996504524,AUTO_DISPATCHED
2026-01-24T04:04:26.619632,ORD-7481,D031,Kevin Ivanova,V016,TRUCK,37.7749,-122.4194,37.8044,-122.2711,433.7355164425031,0.904347351847999,Proximity:1.00 Rating:0.85 Fuel:0.71,11,5.5,4.249637123736169,70.57078075010925,1.7195443381289395,AUTO_DISPATCHED
2026-01-24T04:04:30.106297,ORD-5614,D012,Sarah Farooq,V045,BIKE,37.7749,-122.4194,37.8044,-122.2711,253.9256622478187,0.82709296935015,Proximity:1.00 Rating:0.96 Fuel:0.84,11,5.5,4.786109873355396,83.9997087143869,3.2280790924516944,AUTO_DISPATCHED
2026-01-24T04:04:30.811062,ORD-4588,D047,David Martin,V069,SCOOTER,37.7749,-122.4194,37.5485,-121.9886,166.4901028340144,0.8142074967355759,Proximity:1.00 Rating:0.86 Fuel:0.81,11,5.5,4.324906003089435,80.57328334951148,2.3718934729814967,AUTO_DISPATCHED
2026-01-24T04:04:31.641227,ORD-8600,D038,Robert Rodriguez,V053,DRONE,37.7749,-122.4194,37.5485,-121.9886,311.25441831660726,0.8127012612243232,Proximity:1.00 Rating:0.86 Fuel:0.91,11,5.5,4.279148272327803,90.96713982583698,3.5932303526035523,AUTO_DISPATCHED
2026-01-24T04:04:34.885852,ORD-8513,D052,Jennifer Silva,V010,SCOOTER,37.7749,-122.4194,37.8044,-122.2711,442.60307559977576,0.4990376247221239,Proximity:0.00 Rating:1.00 Fuel:0.83,11,5.5,4.987448541463091,82.65860168369365,1.9558575569552161,AUTO_DISPATCHED
2026-01-24T04:04:35.497865,ORD-4837,D006,Sophie Anderson,V028,DRONE,37.8044,-122.2711,37.5485,-121.9886,101.1480280505244,0.8442680050652442,Proximity:1.00 Rating:0.96 Fuel:0.80,11,5.5,4.789127571466042,80.14637871871523,1.401333269717623,AUTO_DISPATCHED
2026-01-24T04:04:41.670113,ORD-7716,D058,Sophie Patel,V006,BIKE,37.7749,-122.4194,37.8044,-122.2711,199.79521334413545,0.4946140150264726,Proximity:0.00 Rating:0.89 Fuel:0.83,11,5.5,4.431515922276293,82.76455905600733,0.5434768358872084,AUTO_DISPATCHED
2026-01-24T04:04:50.684494,ORD-1294,D068,Yuki Hassan,V021,CAR,37.3382,-121.8863,37.8044,-122.2711,348.5615974830248,0.9458120207800143,Proximity:1.00 Rating:0.90 Fuel:0.85,11,5.5,4.484875452244272,85.07811214221863,0.8960132418467692,AUTO_DISPATCHED
2026-01-24T04:04:51.482731,ORD-4281,D016,Emily Silva,V044,CAR,37.7749,-122.4194,37.8044,-122.2711,136.85122229094148,0.9273200803204488,Proximity:1.00 Rating:0.89 Fuel:0.73,11,5.5,4.461160227629083,73.11589794076367,0.8640140556688038,AUTO_DISPATCHED
2026-01-24T04:04:52.201375,ORD-5274,D015,Alex Khan,V042,SCOOTER,37.7749,-122.4194,37.5485,-121.9886,372.35920142646404,0.8168937736777258,Proximity:1.00 Rating:0.98 Fuel:0.79,11,5.5,4.899363716590612,78.93385831360524,3.798524996504524,AUTO_DISPATCHED
2026-01-24T04:04:56.981745,ORD-4121,D030,Olivia Park,V014,DRONE,37.7749,-122.4194,37.5485,-121.9886,471.8001746851096,0.4844664728585252,Proximity:0.00 Rating:0.94 Fuel:0.78,11,5.5,4.69034388570365,78.02398718144204,1.6146610673427135,AUTO_DISPATCHED
2026-01-24T04:04:57.641765,ORD-9516,D065,Jennifer Taylor,V016,TRUCK,37.8044,-122.2711,37.7749,-122.4194,211.22441773769984,0.9134216800374413,Proximity:1.00 Rating:0.94 Fuel:0.71,11,5.5,4.681769802358129,70.57078075010925,2.376422654563828,AUTO_DISPATCHED
2026-01-24T04:04:58.277880,ORD-5086,D005,Olivia O'Brien,V038,BIKE,37.3382,-121.8863,37.8044,-122.2711,271.9042249049027,0.8053179604913707,Proximity:1.00 Rating:0.92 Fuel:0.77,11,5.5,4.5798620906377625,77.39750892549127,3.517822921790131,AUTO_DISPATCHED
2026-01-24T04:05:05.352822,ORD-7176,D056,Michael Davis,V051,SCOOTER,37.8044,-122.2711,37.7749,-122.4194,364.43715889995985,0.8556164744071961,Proximity:1.00 Rating:1.00 Fuel:1.00,11,5.5,4.977998304460397,99.75612167804312,3.4510112230627494,AUTO_DISPATCHED
2026-01-24T04:05:06.073642,ORD-7313,D052,Jennifer Silva,V045,BIKE,37.3382,-121.8863,37.5485,-121.9886,123.02337843560953,0.8510492852681637,Proximity:1.00 Rating:1.00 Fuel:0.84,11,5.5,4.987448541463091,83.9997087143869,1.9558575569552161,AUTO_DISPATCHED
2026-01-24T04:05:15.536824,ORD-7558,D013,Emma Jones,V040,VAN,37.8044,-122.2711,37.5485,-121.9886,498.17316252596237,0.9263648873239098,Proximity:1.00 Rating:0.96 Fuel:0.70,11,5.5,4.804872646000488,69.93382847234776,1.6584608979705209,AUTO_DISPATCHED
2026-01-24T04:05:16.332788,ORD-4002,D058,Sophie Patel,V033,SCOOTER,37.8044,-122.2711,37.7749,-122.4194,348.3275429468052,0.8626207983817457,Proximity:1.00 Rating:0.89 Fuel:0.95,11,5.5,4.431515922276293,94.76908129285601,0.5434768358872084,AUTO_DISPATCHED
2026-01-24T04:05:20.373320,ORD-4789,D020,Sarah Johnson,V023,DRONE,37.3382,-121.8863,37.5485,-121.9886,257.1372919122431,0.819616814372207,Proximity:1.00 Rating:0.89 Fuel:0.89,11,5.5,4.433399134725255,89.05622412697507,3.3042789765812635,AUTO_DISPATCHED
2026-01-24T04:05:20.968240,ORD-2521,D008,Jennifer Ali,V006,BIKE,37.8044,-122.2711,37.5485,-121.9886,104.84547959933126,0.8434698367100525,Proximity:1.00 Rating:0.87 Fuel:0.83,11,5.5,4.32932458304615,82.76455905600733,0.3079988156643556,AUTO_DISPATCHED
2026-01-24T04:05:26.430239,ORD-4240,D032,Jennifer Garcia,V044,CAR,37.8044,-122.2711,37.7749,-122.4194,349.4456865122842,0.9293020931220082,Proximity:1.00 Rating:0.86 Fuel:0.73,11,5.5,4.312263848126469,73.11589794076367,0.22898461713567997,AUTO_DISPATCHED
2026-01-24T04:05:27.259604,ORD-9132,D042,Lucas Miller,V015,CAR,37.8044,-122.2711,37.5485,-121.9886,276.6845497819014,0.9194153582131327,Proximity:1.00 Rating:0.95 Fuel:0.68,11,5.5,4.740595623722519,67.54188057524235,1.7217030078905187,AUTO_DISPATCHED
2026-01-24T04:05:28.208814,ORD-5706,D031,Kevin Ivanova,V016,TRUCK,37.7749,-122.4194,37.5485,-121.9886,400.1578787094247,0.904347351847999,Proximity:1.00 Rating:0.85 Fuel:0.71,11,5.5,4.249637123736169,70.57078075010925,1.7195443381289395,AUTO_DISPATCHED
2026-01-24T04:05:33.177973,ORD-2242,D064,Sophie Ali,V010,SCOOTER,37.7749,-122.4194,37.8044,-122.2711,424.3825960532952,0.4888478404959549,Proximity:0.00 Rating:0.95 Fuel:0.83,11,5.5,4.7546427623976895,82.65860168369365,2.0260618020394525,AUTO_DISPATCHED
2026-01-24T04:05:34.237684,ORD-8265,D024,Maria O'Brien,V058,BIKE,37.7749,-122.4194,37.5485,-121.9886,225.6288812393381,0.856503026906407,Proximity:1.00 Rating:1.00 Fuel:0.81,11,5.5,4.981427077587455,80.93210100669057,1.1321766165701614,AUTO_DISPATCHED
2026-01-24T04:05:42.514125,ORD-7762,D041,Yuki O'Brien,V031,VAN,37.8044,-122.2711,37.7749,-122.4194,470.54810142845696,0.9506673145145794,Proximity:1.00 Rating:0.86 Fuel:0.95,11,5.5,4.283114697716467,94.5241098423709,0.9954750526108538,AUTO_DISPATCHED
2026-01-24T04:05:43.139244,ORD-7478,D065,Jennifer Taylor,V051,SCOOTER,37.8044,-122.2711,37.7749,-122.4194,114.74813673671207,0.8571996914293419,Proximity:1.00 Rating:0.94 Fuel:1.00,11,5.5,4.681769802358129,99.75612167804312,2.376422654563828,AUTO_DISPATCHED
2026-01-24T04:05:48.908424,ORD-2841,D006,Sophie Anderson,V033,SCOOTER,37.8044,-122.2711,37.5485,-121.9886,226.08291538140895,0.8662020589264554,Proximity:1.00 Rating:0.96 Fuel:0.95,11,5.5,4.789127571466042,94.76908129285601,1.401333269717623,AUTO_DISPATCHED
2026-01-24T04:05:50.123861,ORD-8132,D058,Sophie Patel,V052,SCOOTER,37.8044,-122.2711,37.5485,-121.9886,343.9007966964275,0.8471768076746017,Proximity:1.00 Rating:0.89 Fuel:0.84,11,5.5,4.431515922276293,84.47308748809337,0.5434768358872084,AUTO_DISPATCHED
2026-01-24T04:05:50.765697,ORD-3888,D052,Jennifer Silva,V045,BIKE,37.3382,-121.8863,37.8044,-122.2711,389.42715490239976,0.8510492852681637,Proximity:1.00 Rating:1.00 Fuel:0.84,11,5.5,4.987448541463091,83.9997087143869,1.9558575569552161,AUTO_DISPATCHED
2026-01-24T04:05:57.881818,ORD-8702,D062,Sophie Rodriguez,V044,CAR,37.3382,-121.8863,37.8044,-122.2711,141.5023377699773,0.884850904973617,Proximity:1.00 Rating:0.85 Fuel:0.73,11,5.5,4.226436125453577,73.11589794076367,3.5104309564537375,AUTO_DISPATCHED
2026-01-24T04:05:58.477101,ORD-2048,D040,Emily Davis,V069,SCOOTER,37.3382,-121.8863,37.8044,-122.2711,472.7977301864516,0.7942152269309344,Proximity:1.00 Rating:0.84 Fuel:0.81,11,5.5,4.213647917868343,80.57328334951148,3.6152491846453194,AUTO_DISPATCHED
2026-01-24T04:06:03.975853,ORD-2824,D020,Sarah Johnson,V053,DRONE,37.3382,-121.8863,37.5485,-121.9886,241.4851833104386,0.8224831879204999,Proximity:1.00 Rating:0.89 Fuel:0.91,11,5.5,4.433399134725255,90.96713982583698,3.3042789765812635,AUTO_DISPATCHED
2026-01-24T04:06:13.043606,ORD-8559,D063,Ahmed Chen,V031,VAN,37.3382,-121.8863,37.7749,-122.4194,128.36497497774246,0.6256242567179268,Proximity:0.00 Rating:1.00 Fuel:0.95,11,5.5,4.988889005103033,94.5241098423709,1.2573974599800755,AUTO_DISPATCHED
2026-01-24T04:06:13.888940,ORD-8158,D064,Sophie Ali,V051,SCOOTER,37.8044,-122.2711,37.7749,-122.4194,467.9419700248168,0.864494120487479,Proximity:1.00 Rating:0.95 Fuel:1.00,11,5.5,4.7546427623976895,99.75612167804312,2.0260618020394525,AUTO_DISPATCHED
2026-01-24T04:06:14.871683,ORD-8263,D029,David Johnson,V023,DRONE,37.7749,-122.4194,37.8044,-122.2711,183.4238856333696,0.8591967588944758,Proximity:1.00 Rating:0.97 Fuel:0.89,11,5.5,4.8344684961141144,89.05622412697507,1.421305371244109,AUTO_DISPATCHED
2026-01-24T04:06:20.679896,ORD-8055,D016,Emily Silva,V010,SCOOTER,37.7749,-122.4194,37.8044,-122.2711,134.70611496010164,0.8416341359348437,Proximity:1.00 Rating:0.89 Fuel:0.83,11,5.5,4.461160227629083,82.65860168369365,0.8640140556688038,AUTO_DISPATCHED
2026-01-24T04:06:28.317167,ORD-3810,D013,Emma Jones,V040,VAN,37.3382,-121.8863,37.7749,-122.4194,137.5677566391525,0.5763648873239097,Proximity:0.00 Rating:0.96 Fuel:0.70,11,5.5,4.804872646000488,69.93382847234776,1.6584608979705209,AUTO_DISPATCHED
2026-01-24T04:06:34.103564,ORD-1787,D035,Jennifer Martin,V006,BIKE,37.7749,-122.4194,37.5485,-121.9886,270.75917646572896,0.8290086057300896,Proximity:1.00 Rating:0.95 Fuel:0.83,11,5.5,4.769436765062982,82.76455905600733,2.8732562765152503,AUTO_DISPATCHED
2026-01-24T04:06:38.171030,ORD-2168,D008,Jennifer Ali,V021,CAR,37.8044,-122.2711,37.5485,-121.9886,366.43204236133056,0.9469401663393695,Proximity:1.00 Rating:0.87 Fuel:0.85,11,5.5,4.32932458304615,85.07811214221863,0.3079988156643556,AUTO_DISPATCHED
2026-01-24T04:06:47.616597,ORD-8956,D042,Lucas Miller,V015,CAR,37.8044,-122.2711,37.5485,-121.9886,304.41948947128486,0.9194153582131327,Proximity:1.00 Rating:0.95 Fuel:0.68,11,5.5,4.740595623722519,67.54188057524235,1.7217030078905187,AUTO_DISPATCHED
2026-01-24T04:06:48.803931,ORD-5171,D068,Yuki Hassan,V051,SCOOTER,37.3382,-121.8863,37.5485,-121.9886,208.07341414900375,0.8678290350837509,Proximity:1.00 Rating:0.90 Fuel:1.00,11,5.5,4.484875452244272,99.75612167804312,0.8960132418467692,AUTO_DISPATCHED
2026-01-24T04:06:56.589226,ORD-8972,D030,Olivia Park,V016,TRUCK,37.8044,-122.2711,37.7749,-122.4194,157.2694873791599,0.923286663211526,Proximity:1.00 Rating:0.94 Fuel:0.71,11,5.5,4.69034388570365,70.57078075010925,1.6146610673427135,AUTO_DISPATCHED
2026-01-24T04:06:57.290984,ORD-6019,D005,Olivia O'Brien,V053,DRONE,37.3382,-121.8863,37.8044,-122.2711,325.64066550139273,0.8256724068418894,Proximity:1.00 Rating:0.92 Fuel:0.91,11,5.5,4.5798620906377625,90.96713982583698,3.517822921790131,AUTO_DISPATCHED
2026-01-24T04:07:07.394159,ORD-5490,D006,Sophie Anderson,V033,SCOOTER,37.8044,-122.2711,37.5485,-121.9886,279.55443785257756,0.8662020589264554,Proximity:1.00 Rating:0.96 Fuel:0.95,11,5.5,4.789127571466042,94.76908129285601,1.401333269717623,AUTO_DISPATCHED
2026-01-24T04:07:10.551087,ORD-7764,D020,Sarah Johnson,V023,DRONE,37.3382,-121.8863,37.5485,-121.9886,161.473839718324,0.819616814372207,Proximity:1.00 Rating:0.89 Fuel:0.89,11,5.5,4.433399134725255,89.05622412697507,3.3042789765812635,AUTO_DISPATCHED
2026-01-24T04:07:11.398929,ORD-1890,D024,Maria O'Brien,V052,SCOOTER,37.3382,-121.8863,37.8044,-122.2711,271.7304933802484,0.5118145066285112,Proximity:0.00 Rating:1.00 Fuel:0.84,11,5.5,4.981427077587455,84.47308748809337,1.1321766165701614,AUTO_DISPATCHED
2026-01-24T04:07:15.524305,ORD-8881,D029,David Johnson,V010,SCOOTER,37.3382,-121.8863,37.8044,-122.2711,136.47487992055335,0.49960032522955367,Proximity:0.00 Rating:0.97 Fuel:0.83,11,5.5,4.8344684961141144,82.65860168369365,1.421305371244109,AUTO_DISPATCHED
2026-01-24T04:07:16.965286,ORD-3215,D058,Sophie Patel,V058,BIKE,37.3382,-121.8863,37.8044,-122.2711,398.8660135269968,0.4918653279524975,Proximity:0.00 Rating:0.89 Fuel:0.81,11,5.5,4.431515922276293,80.93210100669057,0.5434768358872084,AUTO_DISPATCHED
2026-01-24T04:07:24.429971,ORD-5305,D064,Sophie Ali,V024,SCOOTER,37.8044,-122.2711,37.7749,-122.4194,391.28400595008264,0.8352048188644592,Proximity:1.00 Rating:0.95 Fuel:0.80,11,5.5,4.7546427623976895,80.22992059602993,2.0260618020394525,AUTO_DISPATCHED
2026-01-24T04:07:25.738248,ORD-2828,D045,Mohammed Lee,V028,DRONE,37.8044,-122.2711,37.5485,-121.9886,182.1755906116269,0.8349149951580973,Proximity:1.00 Rating:0.90 Fuel:0.80,11,5.5,4.5070301486595685,80.14637871871523,1.2468623093086637,AUTO_DISPATCHED
2026-01-24T04:07:27.132699,ORD-1420,D030,Olivia Park,V016,TRUCK,37.8044,-122.2711,37.5485,-121.9886,427.01066106951686,0.923286663211526,Proximity:1.00 Rating:0.94 Fuel:0.71,11,5.5,4.69034388570365,70.57078075010925,1.6146610673427135,AUTO_DISPATCHED
2026-01-24T04:07:34.345003,ORD-6641,D016,Emily Silva,V051,SCOOTER,37.7749,-122.4194,37.5485,-121.9886,335.16692061510753,0.8672804159263678,Proximity:1.00 Rating:0.89 Fuel:1.00,11,5.5,4.461160227629083,99.75612167804312,0.8640140556688038,AUTO_DISPATCHED
2026-01-24T04:07:35.578910,ORD-1138,D012,Sarah Farooq,V032,DRONE,37.7749,-122.4194,37.5485,-121.9886,249.31861813601245,0.820254145099742,Proximity:1.00 Rating:0.96 Fuel:0.79,11,5.5,4.786109873355396,79.44049254744827,3.2280790924516944,AUTO_DISPATCHED
2026-01-24T04:07:42.381576,ORD-1410,D015,Alex Khan,V045,BIKE,37.7749,-122.4194,37.8044,-122.2711,160.85844706440207,0.8244925492788983,Proximity:1.00 Rating:0.98 Fuel:0.84,11,5.5,4.899363716590612,83.9997087143869,3.798524996504524,AUTO_DISPATCHED
2026-01-24T04:07:51.507425,ORD-1543,D008,Jennifer Ali,V021,CAR,37.8044,-122.2711,37.5485,-121.9886,335.41001462320804,0.9469401663393695,Proximity:1.00 Rating:0.87 Fuel:0.85,11,5.5,4.32932458304615,85.07811214221863,0.3079988156643556,AUTO_DISPATCHED
2026-01-24T04:07:52.643750,ORD-7331,D031,Kevin Ivanova,V060,CAR,37.7749,-122.4194,37.8044,-122.2711,246.2831351301864,0.8948084656248798,Proximity:1.00 Rating:0.85 Fuel:0.64,11,5.5,4.249637123736169,64.21152326802985,1.7195443381289395,AUTO_DISPATCHED
2026-01-24T04:07:53.201115,ORD-7131,D052,Jennifer Silva,V069,SCOOTER,37.3382,-121.8863,37.8044,-122.2711,446.9872846195555,0.8459096472208506,Proximity:1.00 Rating:1.00 Fuel:0.81,11,5.5,4.987448541463091,80.57328334951148,1.9558575569552161,AUTO_DISPATCHED
2026-01-24T04:08:02.186269,ORD-4668,D061,Jennifer Taylor,V015,CAR,37.7749,-122.4194,37.8044,-122.2711,479.6444099498456,0.9495525486012767,Proximity:1.00 Rating:1.00 Fuel:0.68,11,5.5,4.991693302417388,67.54188057524235,0.11424034866259047,AUTO_DISPATCHED
2026-01-24T04:08:03.449923,ORD-5526,D042,Lucas Miller,V023,DRONE,37.8044,-122.2711,37.7749,-122.4194,199.92666417169343,0.8516868735407318,Proximity:1.00 Rating:0.95 Fuel:0.89,11,5.5,4.740595623722519,89.05622412697507,1.7217030078905187,AUTO_DISPATCHED
2026-01-24T04:08:13.384510,ORD-8229,D020,Sarah Johnson,V031,VAN,37.3382,-121.8863,37.5485,-121.9886,327.7332833693953,0.9278186429453007,Proximity:1.00 Rating:0.89 Fuel:0.95,11,5.5,4.433399134725255,94.5241098423709,3.3042789765812635,AUTO_DISPATCHED
2026-01-24T04:08:22.942721,ORD-3970,D006,Sophie Anderson,V033,SCOOTER,37.8044,-122.2711,37.7749,-122.4194,425.836336110227,0.8662020589264554,Proximity:1.00 Rating:0.96 Fuel:0.95,11,5.5,4.789127571466042,94.76908129285601,1.401333269717623,AUTO_DISPATCHED
2026-01-24T04:08:26.223591,ORD-6097,D063,Ahmed Chen,V060,CAR,37.3382,-121.8863,37.8044,-122.2711,489.864505737898,0.5801553768564152,Proximity:0.00 Rating:1.00 Fuel:0.64,11,5.5,4.988889005103033,64.21152326802985,1.2573974599800755,AUTO_DISPATCHED
2026-01-24T04:08:31.675095,ORD-1651,D035,Jennifer Martin,V040,VAN,37.7749,-122.4194,37.8044,-122.2711,471.7782859755558,0.9097625098546004,Proximity:1.00 Rating:0.95 Fuel:0.70,11,5.5,4.769436765062982,69.93382847234776,2.8732562765152503,AUTO_DISPATCHED
2026-01-24T04:08:32.564640,ORD-2791,D051,Ana Ivanova,V015,CAR,37.8044,-122.2711,37.5485,-121.9886,400.80114617435004,0.9246941677190449,Proximity:1.00 Rating:0.89 Fuel:0.68,11,5.5,4.434571419806576,67.54188057524235,0.3201207948865412,AUTO_DISPATCHED
2026-01-24T04:08:42.047413,ORD-5811,D061,Jennifer Taylor,V016,TRUCK,37.3382,-121.8863,37.7749,-122.4194,251.6319425730225,0.6040958988635771,Proximity:0.00 Rating:1.00 Fuel:0.71,11,5.5,4.991693302417388,70.57078075010925,0.11424034866259047,AUTO_DISPATCHED
2026-01-24T04:08:42.669195,ORD-9972,D013,Emma Jones,V023,DRONE,37.8044,-122.2711,37.5485,-121.9886,252.58058025372242,0.8550484808058506,Proximity:1.00 Rating:0.96 Fuel:0.89,11,5.5,4.804872646000488,89.05622412697507,1.6584608979705209,AUTO_DISPATCHED
2026-01-24T04:08:44.027377,ORD-8005,D015,Alex Khan,V045,BIKE,37.7749,-122.4194,37.8044,-122.2711,477.73312259152095,0.8244925492788983,Proximity:1.00 Rating:0.98 Fuel:0.84,11,5.5,4.899363716590612,83.9997087143869,3.798524996504524,AUTO_DISPATCHED
2026-01-24T04:08:53.861267,ORD-6406,D057,Ahmed Park,V033,SCOOTER,37.3382,-121.8863,37.7749,-122.4194,139.8138058110749,0.867446736758765,Proximity:1.00 Rating:0.91 Fuel:0.95,11,5.5,4.563932149421807,94.76908129285601,0.5811336925912935,AUTO_DISPATCHED
2026-01-24T04:08:57.414224,ORD-8310,D047,David Martin,V031,VAN,37.7749,-122.4194,37.5485,-121.9886,483.8350362206737,0.9351337364748651,Proximity:1.00 Rating:0.86 Fuel:0.95,11,5.5,4.324906003089435,94.5241098423709,2.3718934729814967,AUTO_DISPATCHED
2026-01-24T04:08:58.357436,ORD-5466,D006,Sophie Anderson,V053,DRONE,37.8044,-122.2711,37.5485,-121.9886,362.5741502900072,0.8604991467259269,Proximity:1.00 Rating:0.96 Fuel:0.91,11,5.5,4.789127571466042,90.96713982583698,1.401333269717623,AUTO_DISPATCHED
2026-01-24T04:09:02.044706,ORD-5316,D005,Olivia O'Brien,V021,CAR,37.3382,-121.8863,37.5485,-121.9886,302.6073491119163,0.9168388653164619,Proximity:1.00 Rating:0.92 Fuel:0.85,11,5.5,4.5798620906377625,85.07811214221863,3.517822921790131,AUTO_DISPATCHED
2026-01-24T04:09:02.791242,ORD-9725,D032,Jennifer Garcia,V040,VAN,37.8044,-122.2711,37.7749,-122.4194,370.2615477685477,0.9245289889193844,Proximity:1.00 Rating:0.86 Fuel:0.70,11,5.5,4.312263848126469,69.93382847234776,0.22898461713567997,AUTO_DISPATCHED
2026-01-24T04:09:03.385362,ORD-6200,D020,Sarah Johnson,V051,SCOOTER,37.3382,-121.8863,37.5485,-121.9886,117.55520877514978,0.835666660698809,Proximity:1.00 Rating:0.89 Fuel:1.00,11,5.5,4.433399134725255,99.75612167804312,3.3042789765812635,AUTO_DISPATCHED
2026-01-24T04:09:07.378624,ORD-6055,D024,Maria O'Brien,V052,SCOOTER,37.7749,-122.4194,37.8044,-122.2711,445.93691153160677,0.8618145066285112,Proximity:1.00 Rating:1.00 Fuel:0.84,11,5.5,4.981427077587455,84.47308748809337,1.1321766165701614,AUTO_DISPATCHED
2026-01-24T04:09:08.118273,ORD-2052,D029,David Johnson,V006,BIKE,37.7749,-122.4194,37.5485,-121.9886,346.15014316686165,0.8497592612880241,Proximity:1.00 Rating:0.97 Fuel:0.83,11,5.5,4.8344684961141144,82.76455905600733,1.421305371244109,AUTO_DISPATCHED
2026-01-24T04:09:09.192007,ORD-8843,D058,Sophie Patel,V010,SCOOTER,37.8044,-122.2711,37.5485,-121.9886,223.5614965165714,0.8444550789680021,Proximity:1.00 Rating:0.89 Fuel:0.83,11,5.5,4.431515922276293,82.65860168369365,0.5434768358872084,AUTO_DISPATCHED
2026-01-24T04:09:18.178003,ORD-7847,D016,Emily Silva,V045,BIKE,37.7749,-122.4194,37.8044,-122.2711,366.25932466620105,0.8436457964808836,Proximity:1.00 Rating:0.89 Fuel:0.84,11,5.5,4.461160227629083,83.9997087143869,0.8640140556688038,AUTO_DISPATCHED
2026-01-24T04:09:24.877656,ORD-3147,D035,Jennifer Martin,V058,BIKE,37.7749,-122.4194,37.5485,-121.9886,257.2808070711653,0.8262599186561145,Proximity:1.00 Rating:0.95 Fuel:0.81,11,5.5,4.769436765062982,80.93210100669057,2.8732562765152503,AUTO_DISPATCHED
2026-01-24T04:09:25.630256,ORD-9519,D012,Sarah Farooq,V024,SCOOTER,37.7749,-122.4194,37.5485,-121.9886,187.20843825588878,0.8214382871726145,Proximity:1.00 Rating:0.96 Fuel:0.80,11,5.5,4.786109873355396,80.22992059602993,3.2280790924516944,AUTO_DISPATCHED
2026-01-24T04:09:34.288762,ORD-8636,D032,Jennifer Garcia,V040,VAN,37.8044,-122.2711,37.7749,-122.4194,132.78694579810826,0.9245289889193844,Proximity:1.00 Rating:0.86 Fuel:0.70,11,5.5,4.312263848126469,69.93382847234776,0.22898461713567997,AUTO_DISPATCHED
2026-01-24T04:09:39.895459,ORD-7414,D024,Maria O'Brien,V052,SCOOTER,37.3382,-121.8863,37.5485,-121.9886,418.19977194150516,0.5118145066285112,Proximity:0.00 Rating:1.00 Fuel:0.84,11,5.5,4.981427077587455,84.47308748809337,1.1321766165701614,AUTO_DISPATCHED
2026-01-24T04:09:46.721792,ORD-6002,D052,Jennifer Silva,V021,CAR,37.3382,-121.8863,37.5485,-121.9886,408.3242013944221,0.9526668904099113,Proximity:1.00 Rating:1.00 Fuel:0.85,11,5.5,4.987448541463091,85.07811214221863,1.9558575569552161,AUTO_DISPATCHED
2026-01-24T04:09:47.426078,ORD-3150,D015,Alex Khan,V015,CAR,37.7749,-122.4194,37.8044,-122.2711,403.218369834062,0.8998058070701814,Proximity:1.00 Rating:0.98 Fuel:0.68,11,5.5,4.899363716590612,67.54188057524235,3.798524996504524,AUTO_DISPATCHED
2026-01-24T04:09:48.795124,ORD-2432,D005,Olivia O'Brien,V051,SCOOTER,37.3382,-121.8863,37.7749,-122.4194,295.3386587965827,0.8388558796201985,Proximity:1.00 Rating:0.92 Fuel:1.00,11,5.5,4.5798620906377625,99.75612167804312,3.517822921790131,AUTO_DISPATCHED
2026-01-24T04:09:56.770097,ORD-9226,D013,Emma Jones,V023,DRONE,37.8044,-122.2711,37.5485,-121.9886,419.9195550828439,0.8550484808058506,Proximity:1.00 Rating:0.96 Fuel:0.89,11,5.5,4.804872646000488,89.05622412697507,1.6584608979705209,AUTO_DISPATCHED
2026-01-24T04:10:00.214915,ORD-6334,D008,Jennifer Ali,V045,BIKE,37.8044,-122.2711,37.7749,-122.4194,284.88104395122605,0.8453225611976218,Proximity:1.00 Rating:0.87 Fuel:0.84,11,5.5,4.32932458304615,83.9997087143869,0.3079988156643556,AUTO_DISPATCHED
2026-01-24T04:10:10.385427,ORD-1480,D006,Sophie Anderson,V040,VAN,37.8044,-122.2711,37.5485,-121.9886,457.25351341146524,0.9289491796956931,Proximity:1.00 Rating:0.96 Fuel:0.70,11,5.5,4.789127571466042,69.93382847234776,1.401333269717623,AUTO_DISPATCHED
2026-01-24T04:10:11.414982,ORD-8899,D016,Emily Silva,V053,DRONE,37.7749,-122.4194,37.8044,-122.2711,186.74225018752026,0.8540969431480587,Proximity:1.00 Rating:0.89 Fuel:0.91,11,5.5,4.461160227629083,90.96713982583698,0.8640140556688038,AUTO_DISPATCHED
2026-01-24T04:10:12.356929,ORD-4781,D032,Jennifer Garcia,V069,SCOOTER,37.8044,-122.2711,37.7749,-122.4194,188.9557592498206,0.84048817123513,Proximity:1.00 Rating:0.86 Fuel:0.81,11,5.5,4.312263848126469,80.57328334951148,0.22898461713567997,AUTO_DISPATCHED
2026-01-24T04:10:21.637880,ORD-7188,D068,Yuki Hassan,V015,CAR,37.3382,-121.8863,37.8044,-122.2711,118.16589887175768,0.9195076734295498,Proximity:1.00 Rating:0.90 Fuel:0.68,11,5.5,4.484875452244272,67.54188057524235,0.8960132418467692,AUTO_DISPATCHED
2026-01-24T04:10:29.465403,ORD-9695,D020,Sarah Johnson,V054,VAN,37.3382,-121.8863,37.7749,-122.4194,419.2980339710376,0.9270366061852501,Proximity:1.00 Rating:0.89 Fuel:0.94,11,5.5,4.433399134725255,94.00275200233708,3.3042789765812635,AUTO_DISPATCHED
2026-01-24T04:10:30.632942,ORD-4218,D052,Jennifer Silva,V021,CAR,37.3382,-121.8863,37.5485,-121.9886,436.86651723229306,0.9526668904099113,Proximity:1.00 Rating:1.00 Fuel:0.85,11,5.5,4.987448541463091,85.07811214221863,1.9558575569552161,AUTO_DISPATCHED
2026-01-24T04:10:35.577791,ORD-1455,D058,Sophie Patel,V060,CAR,37.8044,-122.2711,37.5485,-121.9886,111.50031295474218,0.9167844613445064,Proximity:1.00 Rating:0.89 Fuel:0.64,11,5.5,4.431515922276293,64.21152326802985,0.5434768358872084,AUTO_DISPATCHED
2026-01-24T04:10:36.950910,ORD-4347,D029,David Johnson,V052,SCOOTER,37.7749,-122.4194,37.8044,-122.2711,128.87959465681948,0.8523220539361532,Proximity:1.00 Rating:0.97 Fuel:0.84,11,5.5,4.8344684961141144,84.47308748809337,1.421305371244109,AUTO_DISPATCHED
2026-01-24T04:10:37.541756,ORD-2881,D055,Omar Gonzalez,V045,BIKE,37.7749,-122.4194,37.5485,-121.9886,105.14836390294721,0.8513628792559367,Proximity:1.00 Rating:0.94 Fuel:0.84,11,5.5,4.715126305335697,83.9997087143869,1.05933888232572,AUTO_DISPATCHED
2026-01-24T04:10:42.631589,ORD-3334,D061,Jennifer Taylor,V016,TRUCK,37.7749,-122.4194,37.5485,-121.9886,323.03082332125985,0.9540958988635769,Proximity:1.00 Rating:1.00 Fuel:0.71,11,5.5,4.991693302417388,70.57078075010925,0.11424034866259047,AUTO_DISPATCHED
2026-01-24T04:10:43.398437,ORD-3140,D016,Emily Silva,V053,DRONE,37.7749,-122.4194,37.8044,-122.2711,242.13576944052616,0.8540969431480587,Proximity:1.00 Rating:0.89 Fuel:0.91,11,5.5,4.461160227629083,90.96713982583698,0.8640140556688038,AUTO_DISPATCHED
2026-01-24T04:10:44.380322,ORD-1793,D019,Priya Wang,V006,BIKE,37.3382,-121.8863,37.5485,-121.9886,295.4953278872995,0.8050056185778146,Proximity:1.00 Rating:0.84 Fuel:0.83,11,5.5,4.2189361046591545,82.76455905600733,3.031893135404997,AUTO_DISPATCHED
2026-01-24T04:10:49.158931,ORD-2309,D063,Ahmed Chen,V010,SCOOTER,37.7749,-122.4194,37.8044,-122.2711,377.5783819086239,0.8578259944799108,Proximity:1.00 Rating:1.00 Fuel:0.83,11,5.5,4.988889005103033,82.65860168369365,1.2573974599800755,AUTO_DISPATCHED
2026-01-24T04:10:50.282917,ORD-8623,D040,Emily Davis,V069,SCOOTER,37.3382,-121.8863,37.5485,-121.9886,177.3283494635386,0.7942152269309344,Proximity:1.00 Rating:0.84 Fuel:0.81,11,5.5,4.213647917868343,80.57328334951148,3.6152491846453194,AUTO_DISPATCHED
2026-01-24T04:10:53.602751,ORD-2875,D032,Jennifer Garcia,V058,BIKE,37.3382,-121.8863,37.7749,-122.4194,310.61119227202585,0.49102639772089857,Proximity:0.00 Rating:0.86 Fuel:0.81,11,5.5,4.312263848126469,80.93210100669057,0.22898461713567997,AUTO_DISPATCHED
2026-01-24T04:10:55.008078,ORD-7660,D057,Ahmed Park,V033,SCOOTER,37.3382,-121.8863,37.7749,-122.4194,210.77249769375368,0.867446736758765,Proximity:1.00 Rating:0.91 Fuel:0.95,11,5.5,4.563932149421807,94.76908129285601,0.5811336925912935,AUTO_DISPATCHED
2026-01-24T04:10:55.570053,ORD-4531,D064,Sophie Ali,V024,SCOOTER,37.8044,-122.2711,37.5485,-121.9886,139.4363971311605,0.8352048188644592,Proximity:1.00 Rating:0.95 Fuel:0.80,11,5.5,4.7546427623976895,80.22992059602993,2.0260618020394525,AUTO_DISPATCHED
2026-01-24T04:11:00.314665,ORD-4982,D012,Sarah Farooq,V028,DRONE,37.7749,-122.4194,37.5485,-121.9886,406.80570458413774,0.8213129743566425,Proximity:1.00 Rating:0.96 Fuel:0.80,11,5.5,4.786109873355396,80.14637871871523,3.2280790924516944,AUTO_DISPATCHED
2026-01-24T04:54:26.828937,ORD-6933,D061,Jennifer Taylor,V021,CAR,37.7749,-122.4194,37.5485,-121.9886,436.9972040136711,0.975856895951741,Proximity:1.00 Rating:1.00 Fuel:0.85,11,5.5,4.991693302417388,85.07811214221863,0.11424034866259047,AUTO_DISPATCHED
2026-01-24T04:54:27.956914,ORD-7003,D006,Sophie Anderson,V044,CAR,37.8044,-122.2711,37.5485,-121.9886,360.71138595519153,0.9337222838983169,Proximity:1.00 Rating:0.96 Fuel:0.73,11,5.5,4.789127571466042,73.11589794076367,1.401333269717623,AUTO_DISPATCHED
2026-01-24T04:54:28.805046,ORD-5756,D051,Ana Ivanova,V016,TRUCK,37.8044,-122.2711,37.5485,-121.9886,233.43320107797564,0.9292375179813451,Proximity:1.00 Rating:0.89 Fuel:0.71,11,5.5,4.434571419806576,70.57078075010925,0.3201207948865412,AUTO_DISPATCHED
2026-01-24T04:54:32.079491,ORD-3075,D029,David Johnson,V040,VAN,37.7749,-122.4194,37.8044,-122.2711,239.07821049520822,0.9305131654125348,Proximity:1.00 Rating:0.97 Fuel:0.70,11,5.5,4.8344684961141144,69.93382847234776,1.421305371244109,AUTO_DISPATCHED
2026-01-24T04:54:36.177450,ORD-2477,D055,Omar Gonzalez,V015,CAR,37.7749,-122.4194,37.5485,-121.9886,377.5848583219613,0.9266761370472199,Proximity:1.00 Rating:0.94 Fuel:0.68,11,5.5,4.715126305335697,67.54188057524235,1.05933888232572,AUTO_DISPATCHED
2026-01-24T04:54:43.527531,ORD-8204,D058,Sophie Patel,V060,CAR,37.8044,-122.2711,37.5485,-121.9886,129.42234965174916,0.9167844613445064,Proximity:1.00 Rating:0.89 Fuel:0.64,11,5.5,4.431515922276293,64.21152326802985,0.5434768358872084,AUTO_DISPATCHED
2026-01-24T04:54:44.679596,ORD-2311,D005,Olivia O'Brien,V051,SCOOTER,37.3382,-121.8863,37.5485,-121.9886,443.03315951123443,0.8388558796201985,Proximity:1.00 Rating:0.92 Fuel:1.00,11,5.5,4.5798620906377625,99.75612167804312,3.517822921790131,AUTO_DISPATCHED
2026-01-24T04:54:53.224847,ORD-7189,D016,Emily Silva,V033,SCOOTER,37.7749,-122.4194,37.5485,-121.9886,192.602339418325,0.8597998553485873,Proximity:1.00 Rating:0.89 Fuel:0.95,11,5.5,4.461160227629083,94.76908129285601,0.8640140556688038,AUTO_DISPATCHED
2026-01-24T04:54:54.088054,ORD-9645,D020,Sarah Johnson,V053,DRONE,37.3382,-121.8863,37.7749,-122.4194,182.31548265947822,0.8224831879204999,Proximity:1.00 Rating:0.89 Fuel:0.91,11,5.5,4.433399134725255,90.96713982583698,3.3042789765812635,AUTO_DISPATCHED
2026-01-24T04:55:02.087596,ORD-8739,D035,Jennifer Martin,V023,DRONE,37.7749,-122.4194,37.5485,-121.9886,165.01326403935175,0.8384461033365412,Proximity:1.00 Rating:0.95 Fuel:0.89,11,5.5,4.769436765062982,89.05622412697507,2.8732562765152503,AUTO_DISPATCHED
2026-01-24T04:55:03.115272,ORD-8187,D029,David Johnson,V040,VAN,37.7749,-122.4194,37.8044,-122.2711,442.48006724979564,0.9305131654125348,Proximity:1.00 Rating:0.97 Fuel:0.70,11,5.5,4.8344684961141144,69.93382847234776,1.421305371244109,AUTO_DISPATCHED
2026-01-24T04:55:03.864558,ORD-5618,D032,Jennifer Garcia,V052,SCOOTER,37.8044,-122.2711,37.5485,-121.9886,128.45516582771072,0.8463378774430028,Proximity:1.00 Rating:0.86 Fuel:0.84,11,5.5,4.312263848126469,84.47308748809337,0.22898461713567997,AUTO_DISPATCHED
2026-01-24T04:55:10.003346,ORD-4551,D019,Priya Wang,V045,BIKE,37.3382,-121.8863,37.8044,-122.2711,390.38733273964533,0.806858343065384,Proximity:1.00 Rating:0.84 Fuel:0.84,11,5.5,4.2189361046591545,83.9997087143869,3.031893135404997,AUTO_DISPATCHED
2026-01-24T04:55:11.016737,ORD-6030,D062,Sophie Rodriguez,V006,BIKE,37.3382,-121.8863,37.8044,-122.2711,186.84751017561805,0.7993238966464824,Proximity:1.00 Rating:0.85 Fuel:0.83,11,5.5,4.226436125453577,82.76455905600733,3.5104309564537375,AUTO_DISPATCHED
2026-01-24T04:55:12.047024,ORD-3516,D040,Emily Davis,V010,SCOOTER,37.3382,-121.8863,37.5485,-121.9886,194.7709669879688,0.7973432044322076,Proximity:1.00 Rating:0.84 Fuel:0.83,11,5.5,4.213647917868343,82.65860168369365,3.6152491846453194,AUTO_DISPATCHED
2026-01-24T04:55:15.505393,ORD-7000,D008,Jennifer Ali,V058,BIKE,37.8044,-122.2711,37.5485,-121.9886,219.20829681004932,0.8407211496360774,Proximity:1.00 Rating:0.87 Fuel:0.81,11,5.5,4.32932458304615,80.93210100669057,0.3079988156643556,AUTO_DISPATCHED
2026-01-24T04:55:25.184238,ORD-8841,D042,Lucas Miller,V069,SCOOTER,37.3382,-121.8863,37.5485,-121.9886,121.56078766577667,0.48896246237453644,Proximity:0.00 Rating:0.95 Fuel:0.81,11,5.5,4.740595623722519,80.57328334951148,1.7217030078905187,AUTO_DISPATCHED
2026-01-24T04:55:26.383926,ORD-7031,D030,Olivia Park,V024,SCOOTER,37.8044,-122.2711,37.5485,-121.9886,479.65606383272024,0.837775372980407,Proximity:1.00 Rating:0.94 Fuel:0.80,11,5.5,4.69034388570365,80.22992059602993,1.6146610673427135,AUTO_DISPATCHED
2026-01-24T04:55:29.936119,ORD-4172,D012,Sarah Farooq,V051,SCOOTER,37.7749,-122.4194,37.8044,-122.2711,355.74418258818594,0.8507275887956343,Proximity:1.00 Rating:0.96 Fuel:1.00,11,5.5,4.786109873355396,99.75612167804312,3.2280790924516944,AUTO_DISPATCHED
2026-01-24T04:55:31.231637,ORD-7392,D045,Mohammed Lee,V028,DRONE,37.8044,-122.2711,37.5485,-121.9886,181.92472920409034,0.8349149951580973,Proximity:1.00 Rating:0.90 Fuel:0.80,11,5.5,4.5070301486595685,80.14637871871523,1.2468623093086637,AUTO_DISPATCHED
2026-01-24T04:55:40.155158,ORD-5581,D057,Ahmed Park,V044,CAR,37.3382,-121.8863,37.7749,-122.4194,367.4063788607537,0.9349669617306264,Proximity:1.00 Rating:0.91 Fuel:0.73,11,5.5,4.563932149421807,73.11589794076367,0.5811336925912935,AUTO_DISPATCHED
2026-01-24T04:55:41.378896,ORD-2017,D029,David Johnson,V016,TRUCK,37.7749,-122.4194,37.8044,-122.2711,391.0487113840088,0.931468593829177,Proximity:1.00 Rating:0.97 Fuel:0.71,11,5.5,4.8344684961141144,70.57078075010925,1.421305371244109,AUTO_DISPATCHED
2026-01-24T04:55:51.044028,ORD-9185,D015,Alex Khan,V040,VAN,37.7749,-122.4194,37.8044,-122.2711,251.71841231279774,0.9033937289158397,Proximity:1.00 Rating:0.98 Fuel:0.70,11,5.5,4.899363716590612,69.93382847234776,3.798524996504524,AUTO_DISPATCHED
2026-01-24T04:55:51.997500,ORD-9476,D031,Kevin Ivanova,V032,DRONE,37.7749,-122.4194,37.5485,-121.9886,245.6461228070342,0.8176519195440074,Proximity:1.00 Rating:0.85 Fuel:0.79,11,5.5,4.249637123736169,79.44049254744827,1.7195443381289395,AUTO_DISPATCHED
2026-01-24T04:55:52.918832,ORD-4768,D006,Sophie Anderson,V060,CAR,37.8044,-122.2711,37.7749,-122.4194,216.18496913027857,0.9203657218892162,Proximity:1.00 Rating:0.96 Fuel:0.64,11,5.5,4.789127571466042,64.21152326802985,1.401333269717623,AUTO_DISPATCHED
2026-01-24T04:55:56.453755,ORD-9838,D051,Ana Ivanova,V021,CAR,37.8044,-122.2711,37.5485,-121.9886,269.318551203861,0.9509985150695092,Proximity:1.00 Rating:0.89 Fuel:0.85,11,5.5,4.434571419806576,85.07811214221863,0.3201207948865412,AUTO_DISPATCHED
2026-01-24T04:55:57.055065,ORD-1331,D058,Sophie Patel,V010,SCOOTER,37.8044,-122.2711,37.7749,-122.4194,294.4242297832818,0.8444550789680021,Proximity:1.00 Rating:0.89 Fuel:0.83,11,5.5,4.431515922276293,82.65860168369365,0.5434768358872084,AUTO_DISPATCHED
2026-01-24T04:55:58.169447,ORD-3855,D005,Olivia O'Brien,V042,SCOOTER,37.3382,-121.8863,37.5485,-121.9886,266.23623554206324,0.8076224845735417,Proximity:1.00 Rating:0.92 Fuel:0.79,11,5.5,4.5798620906377625,78.93385831360524,3.517822921790131,AUTO_DISPATCHED
2026-01-24T04:56:04.916542,ORD-8791,D041,Yuki O'Brien,V015,CAR,37.8044,-122.2711,37.7749,-122.4194,348.0503474270705,0.9101939706138866,Proximity:1.00 Rating:0.86 Fuel:0.68,11,5.5,4.283114697716467,67.54188057524235,0.9954750526108538,AUTO_DISPATCHED
2026-01-24T04:56:05.789189,ORD-5129,D065,Jennifer Taylor,V051,SCOOTER,37.8044,-122.2711,37.7749,-122.4194,375.74481768620404,0.8571996914293419,Proximity:1.00 Rating:0.94 Fuel:1.00,11,5.5,4.681769802358129,99.75612167804312,2.376422654563828,AUTO_DISPATCHED
2026-01-24T04:56:14.166154,ORD-4842,D024,Maria O'Brien,V016,TRUCK,37.7749,-122.4194,37.8044,-122.2711,207.1186231353868,0.9409610465215351,Proximity:1.00 Rating:1.00 Fuel:0.71,11,5.5,4.981427077587455,70.57078075010925,1.1321766165701614,AUTO_DISPATCHED
2026-01-24T04:56:20.457196,ORD-4876,D029,David Johnson,V033,SCOOTER,37.7749,-122.4194,37.5485,-121.9886,316.760298558609,0.8677660446432972,Proximity:1.00 Rating:0.97 Fuel:0.95,11,5.5,4.8344684961141144,94.76908129285601,1.421305371244109,AUTO_DISPATCHED
2026-01-24T04:56:21.843482,ORD-6395,D052,Jennifer Silva,V040,VAN,37.3382,-121.8863,37.8044,-122.2711,271.19181271834725,0.929950464905105,Proximity:1.00 Rating:1.00 Fuel:0.70,11,5.5,4.987448541463091,69.93382847234776,1.9558575569552161,AUTO_DISPATCHED
2026-01-24T04:56:27.984831,ORD-8954,D055,Omar Gonzalez,V060,CAR,37.7749,-122.4194,37.5485,-121.9886,325.91153383932283,0.9216806010864012,Proximity:1.00 Rating:0.94 Fuel:0.64,11,5.5,4.715126305335697,64.21152326802985,1.05933888232572,AUTO_DISPATCHED
2026-01-24T04:56:37.957661,ORD-9477,D006,Sophie Anderson,V015,CAR,37.8044,-122.2711,37.5485,-121.9886,144.525685235497,0.9253612578500349,Proximity:1.00 Rating:0.96 Fuel:0.68,11,5.5,4.789127571466042,67.54188057524235,1.401333269717623,AUTO_DISPATCHED
2026-01-24T04:56:38.785901,ORD-2041,D058,Sophie Patel,V051,SCOOTER,37.3382,-121.8863,37.7749,-122.4194,166.06225709909998,0.5201013589595262,Proximity:0.00 Rating:0.89 Fuel:1.00,11,5.5,4.431515922276293,99.75612167804312,0.5434768358872084,AUTO_DISPATCHED
2026-01-24T04:56:39.830652,ORD-2038,D032,Jennifer Garcia,V023,DRONE,37.8044,-122.2711,37.5485,-121.9886,427.2413437747602,0.8532125824013254,Proximity:1.00 Rating:0.86 Fuel:0.89,11,5.5,4.312263848126469,89.05622412697507,0.22898461713567997,AUTO_DISPATCHED
2026-01-24T04:56:44.573639,ORD-3947,D024,Maria O'Brien,V016,TRUCK,37.7749,-122.4194,37.8044,-122.2711,496.9749743025734,0.9409610465215351,Proximity:1.00 Rating:1.00 Fuel:0.71,11,5.5,4.981427077587455,70.57078075010925,1.1321766165701614,AUTO_DISPATCHED
2026-01-24T04:56:45.430903,ORD-6760,D008,Jennifer Ali,V052,SCOOTER,37.8044,-122.2711,37.7749,-122.4194,187.53833526337894,0.8460326293581816,Proximity:1.00 Rating:0.87 Fuel:0.84,11,5.5,4.32932458304615,84.47308748809337,0.3079988156643556,AUTO_DISPATCHED
2026-01-24T04:56:50.420927,ORD-7754,D005,Olivia O'Brien,V010,SCOOTER,37.3382,-121.8863,37.8044,-122.2711,326.65919988607357,0.8132095996286743,Proximity:1.00 Rating:0.92 Fuel:0.83,11,5.5,4.5798620906377625,82.65860168369365,3.517822921790131,AUTO_DISPATCHED
2026-01-24T04:56:51.547732,ORD-9050,D042,Lucas Miller,V058,BIKE,37.8044,-122.2711,37.7749,-122.4194,429.33019891509645,0.839500688860305,Proximity:1.00 Rating:0.95 Fuel:0.81,11,5.5,4.740595623722519,80.93210100669057,1.7217030078905187,AUTO_DISPATCHED
2026-01-24T04:57:00.377589,ORD-8743,D020,Sarah Johnson,V053,DRONE,37.3382,-121.8863,37.7749,-122.4194,246.93026434786395,0.8224831879204999,Proximity:1.00 Rating:0.89 Fuel:0.91,11,5.5,4.433399134725255,90.96713982583698,3.3042789765812635,AUTO_DISPATCHED
2026-01-24T04:57:01.654690,ORD-9920,D019,Priya Wang,V045,BIKE,37.3382,-121.8863,37.7749,-122.4194,340.3562835805398,0.806858343065384,Proximity:1.00 Rating:0.84 Fuel:0.84,11,5.5,4.2189361046591545,83.9997087143869,3.031893135404997,AUTO_DISPATCHED
2026-01-24T04:57:10.643569,ORD-3247,D016,Emily Silva,V021,CAR,37.7749,-122.4194,37.8044,-122.2711,311.86154951220163,0.9452634016226312,Proximity:1.00 Rating:0.89 Fuel:0.85,11,5.5,4.461160227629083,85.07811214221863,0.8640140556688038,AUTO_DISPATCHED
2026-01-24T04:57:11.965959,ORD-3456,D035,Jennifer Martin,V006,BIKE,37.7749,-122.4194,37.5485,-121.9886,362.7084949139871,0.8290086057300896,Proximity:1.00 Rating:0.95 Fuel:0.83,11,5.5,4.769436765062982,82.76455905600733,2.8732562765152503,AUTO_DISPATCHED
2026-01-24T04:57:15.584342,ORD-7652,D062,Sophie Rodriguez,V016,TRUCK,37.3382,-121.8863,37.5485,-121.9886,457.66395016876334,0.8810332291876354,Proximity:1.00 Rating:0.85 Fuel:0.71,11,5.5,4.226436125453577,70.57078075010925,3.5104309564537375,AUTO_DISPATCHED
2026-01-24T04:57:16.892565,ORD-6605,D051,Ana Ivanova,V052,SCOOTER,37.3382,-121.8863,37.8044,-122.2711,404.08492411569574,0.5000909780883214,Proximity:0.00 Rating:0.89 Fuel:0.84,11,5.5,4.434571419806576,84.47308748809337,0.3201207948865412,AUTO_DISPATCHED
2026-01-24T04:57:22.855284,ORD-3652,D008,Jennifer Ali,V058,BIKE,37.8044,-122.2711,37.5485,-121.9886,336.53751508544974,0.8407211496360774,Proximity:1.00 Rating:0.87 Fuel:0.81,11,5.5,4.32932458304615,80.93210100669057,0.3079988156643556,AUTO_DISPATCHED
